species,name,HSG,singleton,HSG name
2336,Thermotoga maritima,2335:0,False,Thermotoga:HSG0
2337,Thermotoga neapolitana,2335:0,False,Thermotoga:HSG0
93929,Thermotoga petrophila,2335:0,False,Thermotoga:HSG0
1508419,Thermotoga caldifontis,2335:2,True,Thermotoga:HSG2
1508420,Thermotoga profunda,2335:1,True,Thermotoga:HSG1
86102,Idiomarina abyssalis,135575:0,False,Idiomarina:HSG0
135577,Idiomarina loihiensis,135575:0,False,Idiomarina:HSG0
1096243,Idiomarina piscisalsi,135575:1,True,Idiomarina:HSG1
197222,Paraglaciecola mesophila,1621534:1,True,Paraglaciecola:HSG1
326544,Paraglaciecola psychrophila,1621534:0,True,Paraglaciecola:HSG0
1270,Micrococcus luteus,1269:0,False,Micrococcus:HSG0
1273,Micrococcus lylae,1269:2,True,Micrococcus:HSG2
566027,Micrococcus yunnanensis,1269:0,False,Micrococcus:HSG0
574650,Micrococcus terreus,1269:1,True,Micrococcus:HSG1
2856555,Micrococcus porci,1269:0,False,Micrococcus:HSG0
2149,Mesoplasma entomophilum,46239:0,False,Mesoplasma:HSG0
2151,Mesoplasma florum,46239:0,False,Mesoplasma:HSG0
81459,Mesoplasma melaleucae,46239:0,False,Mesoplasma:HSG0
138853,Mesoplasma lactucae,46239:1,True,Mesoplasma:HSG1
216427,Mesoplasma chauliocola,46239:0,False,Mesoplasma:HSG0
219745,Mesoplasma tabanidae,46239:0,False,Mesoplasma:HSG0
225999,Mesoplasma syrphidae,46239:2,True,Mesoplasma:HSG2
324078,Mesoplasma coleopterae,46239:0,False,Mesoplasma:HSG0
1894,Kitasatospora aureofaciens,2063:1,False,Kitasatospora:HSG1
2066,Kitasatospora setae,2063:2,True,Kitasatospora:HSG2
67352,Kitasatospora purpeofusca,2063:0,False,Kitasatospora:HSG0
68217,Kitasatospora herbaricolor,2063:0,False,Kitasatospora:HSG0
2991545,Kitasatospora fiedleri,2063:3,True,Kitasatospora:HSG3
3004092,Kitasatospora cathayae,2063:1,False,Kitasatospora:HSG1
139021,Dietzia psychralcaliphila,37914:2,True,Dietzia:HSG2
322509,Dietzia kunjamensis,37914:3,True,Dietzia:HSG3
499555,Dietzia timorensis,37914:1,True,Dietzia:HSG1
546160,Dietzia lutea,37914:0,True,Dietzia:HSG0
638,Arsenophonus nasoniae,637:0,False,Arsenophonus:HSG0
634113,Candidatus Arsenophonus lipoptenae,637:1,True,Arsenophonus:HSG1
2879119,Arsenophonus apicola,637:0,False,Arsenophonus:HSG0
1610,Loigolactobacillus coryniformis,2767889:1,True,Loigolactobacillus:HSG1
375175,Loigolactobacillus backii,2767889:0,True,Loigolactobacillus:HSG0
1125847,Pseudorhizobium banfieldiae,1903858:0,False,Pseudorhizobium:HSG0
1335061,Pseudorhizobium flavum,1903858:0,False,Pseudorhizobium:HSG0
252130,Uruburuella suis,299568:1,True,Uruburuella:HSG1
1282863,Uruburuella testudinis,299568:0,True,Uruburuella:HSG0
46124,Granulicatella adiacens,117563:1,True,Granulicatella:HSG1
137732,Granulicatella elegans,117563:0,True,Granulicatella:HSG0
1933044,Edaphobacter flagellatus,388463:1,True,Edaphobacter:HSG1
2051959,Edaphobacter lichenicola,388463:0,True,Edaphobacter:HSG0
1474,Sporosarcina pasteurii,1569:0,False,Sporosarcina:HSG0
1476,Sporosarcina psychrophila,1569:5,True,Sporosarcina:HSG5
1571,Sporosarcina ureae,1569:3,True,Sporosarcina:HSG3
298596,Sporosarcina ureilytica,1569:0,False,Sporosarcina:HSG0
633404,Sporosarcina thermotolerans,1569:4,True,Sporosarcina:HSG4
3020056,Sporosarcina jeotgali,1569:6,True,Sporosarcina:HSG6
3056444,Sporosarcina oncorhynchi,1569:1,True,Sporosarcina:HSG1
3056445,Sporosarcina trichiuri,1569:2,True,Sporosarcina:HSG2
2979464,Reichenbachiella agarivorans,156993:1,True,Reichenbachiella:HSG1
2979869,Reichenbachiella carrageenanivorans,156993:0,True,Reichenbachiella:HSG0
96472,Thiothrix winogradskyi,1030:0,False,Thiothrix:HSG0
111769,Thiothrix unzii,1030:1,False,Thiothrix:HSG1
525917,Thiothrix lacustris,1030:0,False,Thiothrix:HSG0
2735563,Thiothrix subterranea,1030:0,False,Thiothrix:HSG0
2823902,Candidatus Thiothrix anitrata,1030:1,False,Thiothrix:HSG1
2891210,Thiothrix litoralis,1030:0,False,Thiothrix:HSG0
59505,Actinotignum schaalii,1653174:0,False,Actinotignum:HSG0
190146,Actinotignum urinale,1653174:1,True,Actinotignum:HSG1
1870995,Actinotignum timonense,1653174:0,False,Actinotignum:HSG0
894,Desulfobulbus propionicus,893:2,True,Desulfobulbus:HSG2
1909699,Desulfobulbus oligotrophicus,893:1,True,Desulfobulbus:HSG1
1986146,Desulfobulbus oralis,893:0,True,Desulfobulbus:HSG0
80867,Paracidovorax avenae,3051137:0,False,Paracidovorax:HSG0
80869,Paracidovorax citrulli,3051137:0,False,Paracidovorax:HSG0
35773,Candidatus Phytoplasma luffae,33926:3,True,Candidatus Phytoplasma:HSG3
37692,Candidatus Phytoplasma mali,33926:5,True,Candidatus Phytoplasma:HSG5
39647,Paulownia witches'-broom phytoplasma,33926:0,False,Candidatus Phytoplasma:HSG0
59748,Candidatus Phytoplasma australiense,33926:4,True,Candidatus Phytoplasma:HSG4
135727,Candidatus Phytoplasma ziziphi,33926:2,True,Candidatus Phytoplasma:HSG2
186171,Mulberry dwarf phytoplasma,33926:0,False,Candidatus Phytoplasma:HSG0
202462,Maize bushy stunt phytoplasma,33926:0,False,Candidatus Phytoplasma:HSG0
399025,Candidatus Phytoplasma rubi,33926:1,True,Candidatus Phytoplasma:HSG1
457921,Massilia varians,149698:3,True,Massilia:HSG3
945844,Massilia oculi,149698:4,True,Massilia:HSG4
1141883,Massilia putida,149698:6,True,Massilia:HSG6
2045208,Massilia violaceinigra,149698:0,False,Massilia:HSG0
2728020,Massilia forsythiae,149698:1,True,Massilia:HSG1
2765360,Massilia antarctica,149698:0,False,Massilia:HSG0
2769491,Massilia litorea,149698:5,True,Massilia:HSG5
2899220,Massilia endophytica,149698:2,True,Massilia:HSG2
69966,Macrococcoides caseolyticum,3076173:0,False,Macrococcoides:HSG0
1855823,Macrococcoides canis,3076173:0,False,Macrococcoides:HSG0
1903056,Macrococcoides bohemicum,3076173:0,False,Macrococcoides:HSG0
907,Megasphaera elsdenii,906:3,True,Megasphaera:HSG3
1232428,Megasphaera massiliensis,906:2,True,Megasphaera:HSG2
1675036,Megasphaera hexanoica,906:1,True,Megasphaera:HSG1
2144175,Megasphaera stantonii,906:0,True,Megasphaera:HSG0
153491,Alysiella crassa,194195:1,True,Alysiella:HSG1
194196,Alysiella filiformis,194195:0,True,Alysiella:HSG0
146939,Azospira oryzae,146937:2,True,Azospira:HSG2
404405,Azospira restricta,146937:1,True,Azospira:HSG1
2785627,Azospira inquinata,146937:0,True,Azospira:HSG0
192,Azospirillum brasilense,191:0,False,Azospirillum:HSG0
193,Azospirillum lipoferum,191:5,True,Azospirillum:HSG5
286727,Azospirillum oryzae,191:4,True,Azospirillum:HSG4
528244,Azospirillum thiophilum,191:2,True,Azospirillum:HSG2
682998,Azospirillum ramasamyi,191:3,True,Azospirillum:HSG3
2202148,Azospirillum thermophilum,191:1,True,Azospirillum:HSG1
2970906,Azospirillum argentinense,191:0,False,Azospirillum:HSG0
1092,Chlorobium limicola,1091:2,True,Chlorobium:HSG2
1094,Chlorobium phaeovibrioides,1091:1,True,Chlorobium:HSG1
1096,Chlorobium phaeobacteroides,1091:0,True,Chlorobium:HSG0
51669,Tetragenococcus halophilus,51668:2,True,Tetragenococcus:HSG2
290335,Tetragenococcus koreensis,51668:1,True,Tetragenococcus:HSG1
526944,Tetragenococcus osmophilus,51668:0,True,Tetragenococcus:HSG0
33056,Candidatus Kinetoplastibacterium crithidii,33055:5,True,Candidatus Kinetoplastibacterium:HSG5
233181,Candidatus Kinetoplastibacterium blastocrithidii,33055:4,True,Candidatus Kinetoplastibacterium:HSG4
994692,Candidatus Kinetoplastibacterium desouzaii,33055:3,True,Candidatus Kinetoplastibacterium:HSG3
994695,Candidatus Kinetoplastibacterium galatii,33055:2,True,Candidatus Kinetoplastibacterium:HSG2
994696,Candidatus Kinetoplastibacterium oncopeltii,33055:1,True,Candidatus Kinetoplastibacterium:HSG1
1576550,Candidatus Kinetoplastibacterium sorsogonicusi,33055:0,True,Candidatus Kinetoplastibacterium:HSG0
1075,Fuscovulum blasticum,2818469:1,True,Fuscovulum:HSG1
3042299,Fuscovulum ytuae,2818469:0,True,Fuscovulum:HSG0
1049,Allochromatium vinosum,85072:1,True,Allochromatium:HSG1
553982,Allochromatium tepidum,85072:0,True,Allochromatium:HSG0
1394,[Bacillus] caldolyticus,129337:0,False,Geobacillus:HSG0
1422,Geobacillus stearothermophilus,129337:0,False,Geobacillus:HSG0
1462,Geobacillus kaustophilus,129337:0,False,Geobacillus:HSG0
33938,Geobacillus thermocatenulatus,129337:0,False,Geobacillus:HSG0
33940,Geobacillus thermodenitrificans,129337:0,False,Geobacillus:HSG0
33941,Geobacillus thermoleovorans,129337:0,False,Geobacillus:HSG0
129338,Geobacillus subterraneus,129337:0,False,Geobacillus:HSG0
213419,Geobacillus zalihae,129337:0,False,Geobacillus:HSG0
1280,Staphylococcus aureus,1279:10,False,Staphylococcus:HSG10
1281,Staphylococcus carnosus,1279:5,False,Staphylococcus:HSG5
1282,Staphylococcus epidermidis,1279:3,False,Staphylococcus:HSG3
1283,Staphylococcus haemolyticus,1279:2,False,Staphylococcus:HSG2
1284,Staphylococcus hyicus,1279:1,False,Staphylococcus:HSG1
1286,Staphylococcus simulans,1279:9,True,Staphylococcus:HSG9
1288,Staphylococcus xylosus,1279:0,False,Staphylococcus:HSG0
1290,Staphylococcus hominis,1279:2,False,Staphylococcus:HSG2
1292,Staphylococcus warneri,1279:4,False,Staphylococcus:HSG4
1293,Staphylococcus gallinarum,1279:0,False,Staphylococcus:HSG0
1294,Staphylococcus muscae,1279:8,False,Staphylococcus:HSG8
1295,Staphylococcus schleiferi,1279:1,False,Staphylococcus:HSG1
28035,Staphylococcus lugdunensis,1279:2,False,Staphylococcus:HSG2
29378,Staphylococcus arlettae,1279:0,False,Staphylococcus:HSG0
29379,Staphylococcus auricularis,1279:11,True,Staphylococcus:HSG11
29380,Staphylococcus caprae,1279:3,False,Staphylococcus:HSG3
29382,Staphylococcus cohnii,1279:0,False,Staphylococcus:HSG0
29384,Staphylococcus kloosii,1279:6,False,Staphylococcus:HSG6
29385,Staphylococcus saprophyticus,1279:0,False,Staphylococcus:HSG0
29388,Staphylococcus capitis,1279:3,False,Staphylococcus:HSG3
33028,Staphylococcus saccharolyticus,1279:3,False,Staphylococcus:HSG3
45972,Staphylococcus pasteuri,1279:4,False,Staphylococcus:HSG4
46126,Staphylococcus chromogenes,1279:1,False,Staphylococcus:HSG1
46127,Staphylococcus felis,1279:12,True,Staphylococcus:HSG12
53344,Staphylococcus delphini,1279:1,False,Staphylococcus:HSG1
61015,Staphylococcus succinus,1279:0,False,Staphylococcus:HSG0
70255,Staphylococcus condimenti,1279:5,False,Staphylococcus:HSG5
70258,Staphylococcus piscifermentans,1279:5,False,Staphylococcus:HSG5
94138,Staphylococcus ureilyticus,1279:0,False,Staphylococcus:HSG0
155085,Staphylococcus lutrae,1279:1,False,Staphylococcus:HSG1
170573,Staphylococcus pettenkoferi,1279:7,True,Staphylococcus:HSG7
201828,Staphylococcus casei,1279:0,False,Staphylococcus:HSG0
214473,Staphylococcus nepalensis,1279:0,False,Staphylococcus:HSG0
246432,Staphylococcus equorum,1279:0,False,Staphylococcus:HSG0
283734,Staphylococcus pseudintermedius,1279:1,False,Staphylococcus:HSG1
308354,Staphylococcus simiae,1279:10,False,Staphylococcus:HSG10
522262,Staphylococcus rostri,1279:8,False,Staphylococcus:HSG8
586733,Staphylococcus devriesei,1279:2,False,Staphylococcus:HSG2
985002,Staphylococcus argenteus,1279:10,False,Staphylococcus:HSG10
985762,Staphylococcus agnetis,1279:1,False,Staphylococcus:HSG1
1654388,Staphylococcus schweitzeri,1279:10,False,Staphylococcus:HSG10
1955013,Staphylococcus edaphicus,1279:0,False,Staphylococcus:HSG0
2044912,Staphylococcus debuckii,1279:5,False,Staphylococcus:HSG5
2781774,Staphylococcus lloydii,1279:6,False,Staphylococcus:HSG6
2892440,Staphylococcus ratti,1279:1,False,Staphylococcus:HSG1
2912228,Staphylococcus shinii,1279:0,False,Staphylococcus:HSG0
33943,Kyrpidia tusciae,1129704:1,True,Kyrpidia:HSG1
2055160,Kyrpidia spormannii,1129704:0,True,Kyrpidia:HSG0
450378,Croceicoccus marinus,1295327:1,True,Croceicoccus:HSG1
1348774,Croceicoccus naphthovorans,1295327:0,True,Croceicoccus:HSG0
83564,Desulfosarcina ovata,2299:0,False,Desulfosarcina:HSG0
571177,Desulfosarcina alkanivorans,2299:1,True,Desulfosarcina:HSG1
947919,Desulfosarcina widdelii,2299:0,False,Desulfosarcina:HSG0
69967,Macrococcus equipercicus,69965:0,False,Macrococcus:HSG0
69968,Macrococcus bovicus,69965:0,False,Macrococcus:HSG0
198483,Macrococcus brunensis,69965:0,False,Macrococcus:HSG0
1902580,Macrococcus epidermidis,69965:1,False,Macrococcus:HSG1
2875764,Macrococcus armenti,69965:1,False,Macrococcus:HSG1
171865,Sulfuriferula plumbiphila,1778653:1,True,Sulfuriferula:HSG1
2675298,Sulfuriferula nivalis,1778653:0,True,Sulfuriferula:HSG0
73780,Methylocaldum szegediense,73778:1,True,Methylocaldum:HSG1
1432792,Methylocaldum marinum,73778:0,True,Methylocaldum:HSG0
2095,Mycoplasma capricolum,2093:1,False,Mycoplasma:HSG1
2102,Mycoplasma mycoides,2093:1,False,Mycoplasma:HSG1
2105,Mycoplasma leachii,2093:1,False,Mycoplasma:HSG1
2123,Mycoplasma putrefaciens,2093:2,False,Mycoplasma:HSG2
29501,Mycoplasma haemofelis,2093:4,False,Mycoplasma:HSG4
50052,Mycoplasma crocodyli,2093:15,True,Mycoplasma:HSG15
51364,Mycoplasma cottewii,2093:2,False,Mycoplasma:HSG2
51365,Mycoplasma yeatsii,2093:2,False,Mycoplasma:HSG2
57372,Mycoplasma suis,2093:17,True,Mycoplasma:HSG17
65123,Mycoplasma wenyonii,2093:18,True,Mycoplasma:HSG18
136241,Mycoplasma haemocanis,2093:4,False,Mycoplasma:HSG4
141391,Candidatus Mycoplasma haematolamae,2093:10,True,Mycoplasma:HSG10
171632,Mycoplasma ovis,2093:11,True,Mycoplasma:HSG11
292461,Mycoplasma iguanae,2093:16,True,Mycoplasma:HSG16
353852,Mycoplasma nasistruthionis,2093:7,True,Mycoplasma:HSG7
512749,Mycoplasma seminis,2093:19,True,Mycoplasma:HSG19
519450,Mycoplasma anserisalpingitidis,2093:12,True,Mycoplasma:HSG12
538220,Mycoplasma struthionis,2093:20,True,Mycoplasma:HSG20
547987,Mycoplasma tauri,2093:14,True,Mycoplasma:HSG14
754515,Mycoplasma miroungigenitalium,2093:9,True,Mycoplasma:HSG9
754516,Mycoplasma miroungirhinis,2093:13,True,Mycoplasma:HSG13
754517,Mycoplasma phocoenae,2093:8,True,Mycoplasma:HSG8
984991,Mycoplasma parvum,2093:5,True,Mycoplasma:HSG5
1179777,Mycoplasma feriruminatoris,2093:1,False,Mycoplasma:HSG1
1612150,Mycoplasma tullyi,2093:0,False,Mycoplasma:HSG0
2726117,Mycoplasma phocoeninasale,2093:3,True,Mycoplasma:HSG3
2963128,Mycoplasma bradburyae,2093:0,False,Mycoplasma:HSG0
3004105,Candidatus Mycoplasma mahonii,2093:6,True,Mycoplasma:HSG6
1069220,Mycolicibacillus koreensis,2126281:0,False,Mycolicibacillus:HSG0
1069221,Mycolicibacillus parakoreensis,2126281:0,False,Mycolicibacillus:HSG0
2708079,Paramicrobacterium fandaimingii,3110364:1,True,Paramicrobacterium:HSG1
2769067,Paramicrobacterium chengjingii,3110364:0,True,Paramicrobacterium:HSG0
971,Selenomonas ruminantium,970:2,True,Selenomonas:HSG2
69823,Selenomonas sputigena,970:1,True,Selenomonas:HSG1
135079,Selenomonas dianae,970:0,True,Selenomonas:HSG0
207340,Roseomonas mucosa,125216:0,False,Roseomonas:HSG0
257708,Roseomonas gilardii,125216:0,False,Roseomonas:HSG0
1750527,Roseomonas fluvialis,125216:2,True,Roseomonas:HSG2
2768161,Roseomonas marmotae,125216:3,True,Roseomonas:HSG3
2768162,Roseomonas haemaphysalidis,125216:1,True,Roseomonas:HSG1
168935,Thalassospira lucentensis,168934:0,False,Thalassospira:HSG0
220697,Thalassospira xiamenensis,168934:0,False,Thalassospira:HSG0
1891279,Thalassospira indica,168934:2,True,Thalassospira:HSG2
2048283,Thalassospira marina,168934:1,True,Thalassospira:HSG1
1589,Lactiplantibacillus pentosus,2767842:0,False,Lactiplantibacillus:HSG0
1590,Lactiplantibacillus plantarum,2767842:0,False,Lactiplantibacillus:HSG0
60520,Lactiplantibacillus paraplantarum,2767842:0,False,Lactiplantibacillus:HSG0
271881,Lactiplantibacillus argentoratensis,2767842:0,False,Lactiplantibacillus:HSG0
2993456,Lactiplantibacillus carotarum,2767842:0,False,Lactiplantibacillus:HSG0
367791,Flammeovirga yaeyamensis,59739:1,True,Flammeovirga:HSG1
373891,Flammeovirga kamogawensis,59739:0,False,Flammeovirga:HSG0
2494373,Flammeovirga pectinis,59739:0,False,Flammeovirga:HSG0
53946,Octadecabacter arcticus,53945:0,False,Octadecabacter:HSG0
1217908,Octadecabacter antarcticus,53945:0,False,Octadecabacter:HSG0
1458307,Octadecabacter temperatus,53945:1,True,Octadecabacter:HSG1
285091,Alloalcanivorax dieselolei,3020832:0,False,Alloalcanivorax:HSG0
1094342,Alloalcanivorax xenomutans,3020832:0,False,Alloalcanivorax:HSG0
399497,Tessaracoccus flavescens,72763:6,True,Tessaracoccus:HSG6
1285901,Tessaracoccus defluvii,72763:4,True,Tessaracoccus:HSG4
1332264,Tessaracoccus aquimaris,72763:5,True,Tessaracoccus:HSG5
1427523,Tessaracoccus lapidicaptus,72763:2,True,Tessaracoccus:HSG2
1610493,Tessaracoccus flavus,72763:3,True,Tessaracoccus:HSG3
2161816,Tessaracoccus timonensis,72763:1,True,Tessaracoccus:HSG1
2829499,Tessaracoccus palaemonis,72763:0,False,Tessaracoccus:HSG0
3041766,Tessaracoccus lacteus,72763:0,False,Tessaracoccus:HSG0
2211106,Thiomicrorhabdus aquaedulcis,2039723:5,True,Thiomicrorhabdus:HSG5
2267253,Thiomicrorhabdus indica,2039723:3,True,Thiomicrorhabdus:HSG3
2580412,Thiomicrorhabdus sediminis,2039723:4,True,Thiomicrorhabdus:HSG4
2739063,Thiomicrorhabdus xiamenensis,2039723:1,True,Thiomicrorhabdus:HSG1
2791037,Thiomicrorhabdus immobilis,2039723:2,True,Thiomicrorhabdus:HSG2
2949997,Thiomicrorhabdus lithotrophica,2039723:0,True,Thiomicrorhabdus:HSG0
29581,Janthinobacterium lividum,29580:0,False,Janthinobacterium:HSG0
55508,Janthinobacterium agaricidamnosum,29580:0,False,Janthinobacterium:HSG0
368607,Janthinobacterium svalbardensis,29580:0,False,Janthinobacterium:HSG0
2590869,Janthinobacterium tructae,29580:0,False,Janthinobacterium:HSG0
2751478,Janthinobacterium rivuli,29580:0,False,Janthinobacterium:HSG0
158899,Collimonas fungivorans,202907:0,False,Collimonas:HSG0
279058,Collimonas arenae,202907:0,False,Collimonas:HSG0
279113,Collimonas pratensis,202907:0,False,Collimonas:HSG0
214888,Williamsoniiplasma luminosum,2919614:1,True,Williamsoniiplasma:HSG1
215578,Williamsoniiplasma somnilux,2919614:0,True,Williamsoniiplasma:HSG0
164759,Diaphorobacter nitroreducens,238749:1,False,Diaphorobacter:HSG1
721785,[Acidovorax] ebreus,238749:1,False,Diaphorobacter:HSG1
1288495,Diaphorobacter aerolatus,238749:0,False,Diaphorobacter:HSG0
1715720,Diaphorobacter ruginosibacter,238749:0,False,Diaphorobacter:HSG0
3036128,Diaphorobacter limosus,238749:2,True,Diaphorobacter:HSG2
781,Rickettsia conorii,780:0,False,Rickettsia:HSG0
782,Rickettsia prowazekii,780:1,False,Rickettsia:HSG1
783,Rickettsia rickettsii,780:0,False,Rickettsia:HSG0
785,Rickettsia typhi,780:1,False,Rickettsia:HSG1
786,Rickettsia akari,780:2,True,Rickettsia:HSG2
787,Rickettsia australis,780:0,False,Rickettsia:HSG0
788,Rickettsia canadensis,780:4,True,Rickettsia:HSG4
33989,Rickettsia amblyommatis,780:0,False,Rickettsia:HSG0
33990,Rickettsia bellii,780:0,False,Rickettsia:HSG0
33991,Rickettsia montanensis,780:0,False,Rickettsia:HSG0
33992,Rickettsia rhipicephali,780:0,False,Rickettsia:HSG0
35788,Rickettsia africae,780:0,False,Rickettsia:HSG0
35790,Rickettsia japonica,780:0,False,Rickettsia:HSG0
35791,Rickettsia massiliae,780:0,False,Rickettsia:HSG0
35792,Rickettsia parkeri,780:0,False,Rickettsia:HSG0
35793,Rickettsia sibirica,780:0,False,Rickettsia:HSG0
35794,Rickettsia slovaca,780:0,False,Rickettsia:HSG0
47589,Rickettsia peacockii,780:0,False,Rickettsia:HSG0
109232,Rickettsia monacensis,780:0,False,Rickettsia:HSG0
238800,Rickettsia asiatica,780:0,False,Rickettsia:HSG0
1068590,Rickettsia asembonensis,780:3,True,Rickettsia:HSG3
1105106,Rickettsia philipii,780:0,False,Rickettsia:HSG0
2761623,Rickettsia tillamookensis,780:0,False,Rickettsia:HSG0
106634,Thioalkalivibrio versutus,106633:2,True,Thioalkalivibrio:HSG2
108010,Thioalkalivibrio paradoxus,106633:0,False,Thioalkalivibrio:HSG0
186931,Thioalkalivibrio nitratireducens,106633:0,False,Thioalkalivibrio:HSG0
1033854,Thioalkalivibrio sulfidiphilus,106633:1,True,Thioalkalivibrio:HSG1
75985,Mannheimia haemolytica,75984:3,True,Mannheimia:HSG3
85402,Mannheimia granulomatis,75984:2,True,Mannheimia:HSG2
85404,Mannheimia varigena,75984:4,True,Mannheimia:HSG4
111844,Mannheimia pernigra,75984:1,True,Mannheimia:HSG1
2770636,Mannheimia bovis,75984:0,True,Mannheimia:HSG0
137584,Thalassomonas viridans,137583:1,True,Thalassomonas:HSG1
485447,Thalassomonas actiniarum,137583:2,True,Thalassomonas:HSG2
485448,Thalassomonas haliotis,137583:0,True,Thalassomonas:HSG0
2569540,Desulfosediminicola ganghwensis,2886823:1,True,Desulfosediminicola:HSG1
2569541,Desulfosediminicola flagellatus,2886823:0,True,Desulfosediminicola:HSG0
2047,Rothia dentocariosa,32207:6,True,Rothia:HSG6
37923,Rothia kristinae,32207:3,True,Rothia:HSG3
43675,Rothia mucilaginosa,32207:5,True,Rothia:HSG5
85336,Rothia nasimurium,32207:4,True,Rothia:HSG4
169480,Rothia amarae,32207:1,True,Rothia:HSG1
172042,Rothia aeria,32207:2,True,Rothia:HSG2
396015,Rothia terrae,32207:0,True,Rothia:HSG0
184917,Solidesulfovibrio magneticus,2910984:0,False,Solidesulfovibrio:HSG0
296842,Solidesulfovibrio carbinolicus,2910984:0,False,Solidesulfovibrio:HSG0
750,Gallibacterium anatis,155493:1,True,Gallibacterium:HSG1
505341,Gallibacterium salpingitidis,155493:0,True,Gallibacterium:HSG0
74426,Collinsella aerofaciens,102106:1,True,Collinsella:HSG1
147206,Collinsella stercoris,102106:0,True,Collinsella:HSG0
33952,Acetobacterium woodii,33951:1,True,Acetobacterium:HSG1
52694,Acetobacterium wieringae,33951:0,True,Acetobacterium:HSG0
53461,Nakamurella multipartita,53460:1,True,Nakamurella:HSG1
1902245,Nakamurella antarctica,53460:0,True,Nakamurella:HSG0
80866,Delftia acidovorans,80865:0,False,Delftia:HSG0
180282,Delftia tsuruhatensis,80865:0,False,Delftia:HSG0
558537,Delftia lacustris,80865:0,False,Delftia:HSG0
323273,Nonlabens tegetincola,363408:3,True,Nonlabens:HSG3
328515,Nonlabens dokdonensis,363408:1,True,Nonlabens:HSG1
906888,Nonlabens ulvanivorans,363408:2,True,Nonlabens:HSG2
2496866,Nonlabens ponticola,363408:0,True,Nonlabens:HSG0
1006,Marivirga tractuosa,869806:3,True,Marivirga:HSG3
2010992,Marivirga harenae,869806:2,True,Marivirga:HSG2
3059076,Marivirga arenosa,869806:1,True,Marivirga:HSG1
3059078,Marivirga salinae,869806:0,True,Marivirga:HSG0
48,Archangium gephyra,47:0,False,Archangium:HSG0
83451,Archangium violaceum,47:0,False,Archangium:HSG0
1099853,Coprobacter fastidiosus,1348911:1,True,Coprobacter:HSG1
1501392,Coprobacter secundus,1348911:0,True,Coprobacter:HSG0
496057,Arachidicoccus ginsenosidivorans,1769012:2,True,Arachidicoccus:HSG2
2341117,Arachidicoccus soli,1769012:1,True,Arachidicoccus:HSG1
2875539,Arachidicoccus terrestris,1769012:0,True,Arachidicoccus:HSG0
2686077,Winogradskyella forsetii,286104:2,True,Winogradskyella:HSG2
2686078,Winogradskyella schleiferi,286104:1,True,Winogradskyella:HSG1
2697010,Winogradskyella helgolandensis,286104:0,True,Winogradskyella:HSG0
1744,Propionibacterium freudenreichii,1743:1,True,Propionibacterium:HSG1
119981,Propionibacterium australiense,1743:2,True,Propionibacterium:HSG2
556499,Propionibacterium acidifaciens,1743:0,True,Propionibacterium:HSG0
191302,Devosia neptuniae,46913:3,True,Devosia:HSG3
400770,Devosia ginsengisoli,46913:1,True,Devosia:HSG1
2657486,Devosia beringensis,46913:2,True,Devosia:HSG2
2860336,Devosia salina,46913:0,True,Devosia:HSG0
673,Grimontia hollisae,246861:1,True,Grimontia:HSG1
2872157,Grimontia kaedaensis,246861:0,True,Grimontia:HSG0
43357,Kutzneria albida,43356:1,True,Kutzneria:HSG1
1483604,Kutzneria chonburiensis,43356:0,True,Kutzneria:HSG0
1813451,Peteryoungia desertarenae,2853332:1,True,Peteryoungia:HSG1
2919917,Peteryoungia algae,2853332:0,True,Peteryoungia:HSG0
1993,Actinomadura madurae,1988:0,False,Actinomadura:HSG0
46158,Actinomadura citrea,1988:0,False,Actinomadura:HSG0
2750812,Actinomadura graeca,1988:1,True,Actinomadura:HSG1
2058175,Antarcticibacterium flavum,2058174:1,True,Antarcticibacterium:HSG1
2585771,Antarcticibacterium arcticum,2058174:0,True,Antarcticibacterium:HSG0
777,Coxiella burnetii,776:1,True,Coxiella:HSG1
2054173,Candidatus Coxiella mudrowiae,776:0,True,Coxiella:HSG0
1570,Halobacillus halophilus,45667:3,True,Halobacillus:HSG3
45668,Halobacillus litoralis,45667:5,True,Halobacillus:HSG5
402384,Halobacillus mangrovi,45667:4,True,Halobacillus:HSG4
554880,Halobacillus naozhouensis,45667:1,True,Halobacillus:HSG1
2932257,Halobacillus salinarum,45667:6,True,Halobacillus:HSG6
2932258,Halobacillus shinanisalinarum,45667:2,True,Halobacillus:HSG2
2932259,Halobacillus amylolyticus,45667:0,True,Halobacillus:HSG0
544645,Butyricimonas virosa,574697:2,True,Butyricimonas:HSG2
1472416,Butyricimonas faecihominis,574697:1,True,Butyricimonas:HSG1
2093856,Butyricimonas faecalis,574697:0,True,Butyricimonas:HSG0
569,Hafnia alvei,568:0,False,Hafnia:HSG0
546367,Hafnia paralvei,568:0,False,Hafnia:HSG0
587,Providencia rettgeri,586:0,False,Providencia:HSG0
588,Providencia stuartii,586:0,False,Providencia:HSG0
126385,Providencia alcalifaciens,586:0,False,Providencia:HSG0
158850,Providencia rustigianii,586:0,False,Providencia:HSG0
333962,Providencia heimbachae,586:1,True,Providencia:HSG1
333965,Providencia vermicola,586:0,False,Providencia:HSG0
2027290,Providencia huaxiensis,586:0,False,Providencia:HSG0
3031799,Providencia hangzhouensis,586:0,False,Providencia:HSG0
3053982,Providencia zhijiangensis,586:0,False,Providencia:HSG0
353,Azotobacter chroococcum,352:1,True,Azotobacter:HSG1
354,Azotobacter vinelandii,352:2,True,Azotobacter:HSG2
69964,Azotobacter salinestris,352:0,True,Azotobacter:HSG0
458033,Chloracidobacterium thermophilum,458032:2,True,Chloracidobacterium:HSG2
2821543,Chloracidobacterium validum,458032:1,True,Chloracidobacterium:HSG1
2851959,Chloracidobacterium aggregatum,458032:0,True,Chloracidobacterium:HSG0
2666138,Caproicibacterium lactatifermentans,2834348:1,True,Caproicibacterium:HSG1
2766537,Caproicibacterium amylolyticum,2834348:2,True,Caproicibacterium:HSG2
3030016,Caproicibacterium argilliputei,2834348:0,True,Caproicibacterium:HSG0
621,Shigella boydii,561:0,False,Escherichia:HSG0
622,Shigella dysenteriae,561:0,False,Escherichia:HSG0
623,Shigella flexneri,561:0,False,Escherichia:HSG0
624,Shigella sonnei,561:0,False,Escherichia:HSG0
89184,Ruegeria pomeroyi,97050:1,True,Ruegeria:HSG1
981384,Ruegeria conchae,97050:0,True,Ruegeria:HSG0
254246,Aquicella lusitana,254245:1,True,Aquicella:HSG1
254247,Aquicella siphonis,254245:0,True,Aquicella:HSG0
663364,Halarcobacter bivalviorum,2321115:2,True,Halarcobacter:HSG2
877500,Halarcobacter anaerophilus,2321115:1,True,Halarcobacter:HSG1
1462615,Halarcobacter ebronensis,2321115:0,True,Halarcobacter:HSG0
2315862,Paraflavitalea soli,2698688:1,True,Paraflavitalea:HSG1
3076558,Paraflavitalea speifideaquila,2698688:0,True,Paraflavitalea:HSG0
54005,Peptoniphilus harei,162289:2,True,Peptoniphilus:HSG2
3016343,Peptoniphilus equinus,162289:1,True,Peptoniphilus:HSG1
3036303,Peptoniphilus genitalis,162289:0,True,Peptoniphilus:HSG0
2211108,Sulfuricystis multivorans,3050898:1,True,Sulfuricystis:HSG1
2496847,Sulfuricystis thermophila,3050898:0,True,Sulfuricystis:HSG0
692370,Tsuneonella dongtanensis,2800686:1,True,Tsuneonella:HSG1
1982042,Tsuneonella mangrovi,2800686:2,True,Tsuneonella:HSG2
2055955,Tsuneonella flava,2800686:0,True,Tsuneonella:HSG0
379347,Tritonibacter mobilis,2083206:1,True,Tritonibacter:HSG1
483013,Tritonibacter scottomollicae,2083206:0,True,Tritonibacter:HSG0
950,Neorickettsia risticii,33993:0,False,Neorickettsia:HSG0
951,Neorickettsia sennetsu,33993:0,False,Neorickettsia:HSG0
33994,Neorickettsia helminthoeca,33993:1,True,Neorickettsia:HSG1
2686014,Neorickettsia findlayensis,33993:0,False,Neorickettsia:HSG0
454154,Paraprevotella clara,577309:1,True,Paraprevotella:HSG1
454155,Paraprevotella xylaniphila,577309:0,True,Paraprevotella:HSG0
398049,Mucilaginibacter daejeonensis,423349:10,True,Mucilaginibacter:HSG10
398053,Mucilaginibacter ginsenosidivorans,423349:11,True,Mucilaginibacter:HSG11
551996,Mucilaginibacter gossypii,423349:0,False,Mucilaginibacter:HSG0
862126,Mucilaginibacter ginsenosidivorax,423349:9,True,Mucilaginibacter:HSG9
1173583,Mucilaginibacter sabulilitoris,423349:8,True,Mucilaginibacter:HSG8
1176721,Mucilaginibacter jinjuensis,423349:6,True,Mucilaginibacter:HSG6
1234841,Mucilaginibacter xinganensis,423349:7,True,Mucilaginibacter:HSG7
1550579,Mucilaginibacter gotjawali,423349:3,True,Mucilaginibacter:HSG3
2027860,Mucilaginibacter rubeus,423349:0,False,Mucilaginibacter:HSG0
2305508,Mucilaginibacter celer,423349:5,True,Mucilaginibacter:HSG5
2682091,Mucilaginibacter ginkgonis,423349:4,True,Mucilaginibacter:HSG4
2728022,Mucilaginibacter robiniae,423349:1,True,Mucilaginibacter:HSG1
2740462,Mucilaginibacter mali,423349:2,True,Mucilaginibacter:HSG2
1416627,Oceanisphaera profunda,225143:1,True,Oceanisphaera:HSG1
1903694,Oceanisphaera avium,225143:0,True,Oceanisphaera:HSG0
1774,Mycobacteroides chelonae,670516:0,False,Mycobacteroides:HSG0
36809,Mycobacteroides abscessus,670516:0,False,Mycobacteroides:HSG0
83262,Mycobacteroides immunogenum,670516:0,False,Mycobacteroides:HSG0
404941,Mycobacteroides salmoniphilum,670516:0,False,Mycobacteroides:HSG0
1520670,[Mycobacterium] stephanolepidis,670516:0,False,Mycobacteroides:HSG0
1578165,Mycobacteroides saopaulense,670516:0,False,Mycobacteroides:HSG0
2421,Thermosipho africanus,2420:2,True,Thermosipho:HSG2
46541,Thermosipho melanesiensis,2420:1,True,Thermosipho:HSG1
2571116,Thermosipho ferrireducens,2420:0,True,Thermosipho:HSG0
326329,Polaribacter dokdonensis,52959:5,True,Polaribacter:HSG5
996801,Polaribacter reichenbachii,52959:9,True,Polaribacter:HSG9
1354726,Polaribacter huanghezhanensis,52959:7,True,Polaribacter:HSG7
1574269,Polaribacter undariae,52959:6,True,Polaribacter:HSG6
1774273,Polaribacter vadi,52959:8,True,Polaribacter:HSG8
1888915,Polaribacter haliotis,52959:3,True,Polaribacter:HSG3
1908341,Polaribacter litorisediminis,52959:2,True,Polaribacter:HSG2
2738844,Polaribacter pectinis,52959:4,True,Polaribacter:HSG4
2808900,Polaribacter batillariae,52959:1,True,Polaribacter:HSG1
2818493,Polaribacter cellanae,52959:0,True,Polaribacter:HSG0
160791,Rhizorhabdus wittichii,1649486:2,True,Rhizorhabdus:HSG2
1850238,Rhizorhabdus dicambivorans,1649486:1,True,Rhizorhabdus:HSG1
2711156,Rhizorhabdus phycosphaerae,1649486:0,True,Rhizorhabdus:HSG0
2096,Mycoplasmoides gallisepticum,2995234:2,True,Mycoplasmoides:HSG2
2097,Mycoplasmoides genitalium,2995234:3,True,Mycoplasmoides:HSG3
2104,Mycoplasmoides pneumoniae,2995234:1,True,Mycoplasmoides:HSG1
92758,Mycoplasmoides fastidiosum,2995234:0,True,Mycoplasmoides:HSG0
2169400,Gemmobacter aquarius,204456:1,True,Gemmobacter:HSG1
2840474,Gemmobacter fulvus,204456:0,True,Gemmobacter:HSG0
2419774,Protaetiibacter intestinalis,2680004:1,True,Protaetiibacter:HSG1
2592654,Protaetiibacter larvae,2680004:0,True,Protaetiibacter:HSG0
1208324,Celeribacter indicus,875170:2,True,Celeribacter:HSG2
1397108,Celeribacter marinus,875170:1,True,Celeribacter:HSG1
1758178,Celeribacter ethanolicus,875170:0,True,Celeribacter:HSG0
133926,Olsenella uli,133925:1,True,Olsenella:HSG1
1805478,Olsenella timonensis,133925:0,True,Olsenella:HSG0
1642647,Proteiniphilum saccharofermentans,294702:1,True,Proteiniphilum:HSG1
2829812,Proteiniphilum propionicum,294702:0,True,Proteiniphilum:HSG0
668,Aliivibrio fischeri,511678:1,True,Aliivibrio:HSG1
40269,Aliivibrio salmonicida,511678:0,True,Aliivibrio:HSG0
502682,Aurantiacibacter gangjinensis,2800681:1,True,Aurantiacibacter:HSG1
1648404,Aurantiacibacter atlanticus,2800681:0,True,Aurantiacibacter:HSG0
90244,Oligella ureolytica,90243:1,True,Oligella:HSG1
90245,Oligella urethralis,90243:0,True,Oligella:HSG0
80878,Acidovorax temperans,12916:1,True,Acidovorax:HSG1
553814,Acidovorax carolinensis,12916:2,True,Acidovorax:HSG2
758826,Acidovorax radicis,12916:0,True,Acidovorax:HSG0
284016,Phenylobacterium zucineum,20:2,True,Phenylobacterium:HSG2
2201350,Phenylobacterium parvum,20:1,True,Phenylobacterium:HSG1
2823693,Phenylobacterium montanum,20:0,True,Phenylobacterium:HSG0
1585976,Bergeyella cardium,59735:1,True,Bergeyella:HSG1
1735111,Bergeyella porcorum,59735:0,True,Bergeyella:HSG0
28197,Aliarcobacter butzleri,2321111:3,True,Aliarcobacter:HSG3
28198,Aliarcobacter cryaerophilus,2321111:0,False,Aliarcobacter:HSG0
28200,Aliarcobacter skirrowii,2321111:0,False,Aliarcobacter:HSG0
255507,Aliarcobacter cibarius,2321111:4,True,Aliarcobacter:HSG4
544718,Aliarcobacter thereius,2321111:1,True,Aliarcobacter:HSG1
708186,Aliarcobacter trophiarum,2321111:0,False,Aliarcobacter:HSG0
1355374,Aliarcobacter lanthieri,2321111:2,False,Aliarcobacter:HSG2
1564138,Aliarcobacter faecis,2321111:2,False,Aliarcobacter:HSG2
34020,Candidatus Liberibacter africanus,34019:4,True,Liberibacter:HSG4
34021,Candidatus Liberibacter asiaticus,34019:3,True,Liberibacter:HSG3
309868,Candidatus Liberibacter americanus,34019:2,True,Liberibacter:HSG2
556287,Candidatus Liberibacter solanacearum,34019:1,True,Liberibacter:HSG1
1273132,Liberibacter crescens,34019:0,True,Liberibacter:HSG0
417367,Paenisporosarcina antarctica,651660:1,True,Paenisporosarcina:HSG1
2320858,Paenisporosarcina cavernae,651660:0,True,Paenisporosarcina:HSG0
187493,Thalassolituus oleivorans,187492:1,True,Thalassolituus:HSG1
2742796,Thalassolituus hydrocarboniclasticus,187492:0,True,Thalassolituus:HSG0
2738,Vagococcus fluvialis,2737:0,False,Vagococcus:HSG0
81947,Vagococcus lutrae,2737:7,True,Vagococcus:HSG7
218144,Vagococcus carniphilus,2737:0,False,Vagococcus:HSG0
519472,Vagococcus teuberi,2737:9,True,Vagococcus:HSG9
633807,Vagococcus penaei,2737:8,True,Vagococcus:HSG8
2562451,Vagococcus xieshaowenii,2737:3,True,Vagococcus:HSG3
2571750,Vagococcus zengguangii,2737:10,True,Vagococcus:HSG10
2714946,Vagococcus coleopterorum,2737:6,True,Vagococcus:HSG6
2714947,Vagococcus hydrophili,2737:4,True,Vagococcus:HSG4
2920380,Vagococcus luciliae,2737:1,True,Vagococcus:HSG1
2991418,Vagococcus intermedius,2737:5,True,Vagococcus:HSG5
3109030,Vagococcus jeotgali,2737:2,True,Vagococcus:HSG2
292,Burkholderia cepacia,32008:0,False,Burkholderia:HSG0
337,Burkholderia glumae,32008:0,False,Burkholderia:HSG0
13373,Burkholderia mallei,32008:0,False,Burkholderia:HSG0
28095,Burkholderia gladioli,32008:0,False,Burkholderia:HSG0
28450,Burkholderia pseudomallei,32008:0,False,Burkholderia:HSG0
41899,Burkholderia plantarii,32008:0,False,Burkholderia:HSG0
57975,Burkholderia thailandensis,32008:0,False,Burkholderia:HSG0
60550,Burkholderia pyrrocinia,32008:0,False,Burkholderia:HSG0
60552,Burkholderia vietnamiensis,32008:0,False,Burkholderia:HSG0
87883,Burkholderia multivorans,32008:0,False,Burkholderia:HSG0
95485,Burkholderia stabilis,32008:0,False,Burkholderia:HSG0
95486,Burkholderia cenocepacia,32008:0,False,Burkholderia:HSG0
101571,Burkholderia ubonensis,32008:0,False,Burkholderia:HSG0
152480,Burkholderia ambifaria,32008:0,False,Burkholderia:HSG0
152500,Burkholderia dolosa,32008:0,False,Burkholderia:HSG0
179879,Burkholderia anthina,32008:0,False,Burkholderia:HSG0
342113,Burkholderia oklahomensis,32008:0,False,Burkholderia:HSG0
430531,Burkholderia humptydooensis,32008:0,False,Burkholderia:HSG0
482957,Burkholderia lata,32008:0,False,Burkholderia:HSG0
488446,Burkholderia latens,32008:0,False,Burkholderia:HSG0
488447,Burkholderia contaminans,32008:0,False,Burkholderia:HSG0
488729,Burkholderia metallica,32008:0,False,Burkholderia:HSG0
488730,Burkholderia arboris,32008:0,False,Burkholderia:HSG0
488731,Burkholderia seminalis,32008:0,False,Burkholderia:HSG0
488732,Burkholderia diffusa,32008:0,False,Burkholderia:HSG0
1207504,Burkholderia pseudomultivorans,32008:0,False,Burkholderia:HSG0
1385591,Burkholderia mayonis,32008:0,False,Burkholderia:HSG0
1503053,Burkholderia singularis,32008:0,False,Burkholderia:HSG0
1503054,Burkholderia stagnalis,32008:0,False,Burkholderia:HSG0
1503055,Burkholderia territorii,32008:0,False,Burkholderia:HSG0
1637837,Burkholderia savannae,32008:0,False,Burkholderia:HSG0
2015348,Burkholderia aenigmatica,32008:0,False,Burkholderia:HSG0
2978683,Burkholderia orbicola,32008:0,False,Burkholderia:HSG0
628,Xenorhabdus nematophila,626:6,True,Xenorhabdus:HSG6
40576,Xenorhabdus bovienii,626:4,True,Xenorhabdus:HSG4
40577,Xenorhabdus poinarii,626:5,True,Xenorhabdus:HSG5
290110,Xenorhabdus budapestensis,626:3,True,Xenorhabdus:HSG3
351671,Xenorhabdus doucetiae,626:1,True,Xenorhabdus:HSG1
351672,Xenorhabdus griffiniae,626:2,True,Xenorhabdus:HSG2
351679,Xenorhabdus hominickii,626:0,True,Xenorhabdus:HSG0
2599305,Sneathiella aquimaris,510690:1,True,Sneathiella:HSG1
2950108,Sneathiella marina,510690:0,True,Sneathiella:HSG0
1166,Dolichospermum flos-aquae,748770:1,True,Dolichospermum:HSG1
747522,Dolichospermum heterosporum,748770:0,True,Dolichospermum:HSG0
1085,Rhodospirillum rubrum,1081:1,True,Rhodospirillum:HSG1
34018,Rhodospirillum centenum,1081:0,True,Rhodospirillum:HSG0
1766,Mycolicibacterium fortuitum,1866885:3,False,Mycolicibacterium:HSG3
1771,Mycolicibacterium phlei,1866885:19,True,Mycolicibacterium:HSG19
1772,Mycolicibacterium smegmatis,1866885:2,False,Mycolicibacterium:HSG2
1791,Mycolicibacterium aurum,1866885:1,False,Mycolicibacterium:HSG1
1792,Mycolicibacterium chitae,1866885:16,True,Mycolicibacterium:HSG16
1793,Mycolicibacterium fallax,1866885:18,True,Mycolicibacterium:HSG18
1794,Mycolicibacterium gadium,1866885:15,True,Mycolicibacterium:HSG15
1795,Mycolicibacterium neoaurum,1866885:4,False,Mycolicibacterium:HSG4
1796,Mycolicibacterium senegalense,1866885:3,False,Mycolicibacterium:HSG3
1797,Mycolicibacterium thermoresistibile,1866885:17,True,Mycolicibacterium:HSG17
1799,Mycolicibacterium aichiense,1866885:3,False,Mycolicibacterium:HSG3
1800,Mycolicibacterium chubuense,1866885:3,False,Mycolicibacterium:HSG3
1801,Mycolicibacterium diernhoferi,1866885:4,False,Mycolicibacterium:HSG4
1802,Mycolicibacterium farcinogenes,1866885:3,False,Mycolicibacterium:HSG3
1804,Mycolicibacterium gilvum,1866885:3,False,Mycolicibacterium:HSG3
1810,Mycolicibacterium vaccae,1866885:1,False,Mycolicibacterium:HSG1
28047,Mycolicibacterium confluentis,1866885:14,True,Mycolicibacterium:HSG14
36813,Mycolicibacterium pulveris,1866885:2,False,Mycolicibacterium:HSG2
36814,Mycolicibacterium rhodesiae,1866885:1,False,Mycolicibacterium:HSG1
39688,Mycolicibacterium duvalii,1866885:24,True,Mycolicibacterium:HSG24
39691,Mycolicibacterium moriokaense,1866885:2,False,Mycolicibacterium:HSG2
39694,Mycolicibacterium poriferae,1866885:20,True,Mycolicibacterium:HSG20
39695,Mycolicibacterium tokaiense,1866885:21,True,Mycolicibacterium:HSG21
46351,Mycolicibacterium hassiacum,1866885:7,True,Mycolicibacterium:HSG7
53462,Mycolicibacterium mageritense,1866885:28,True,Mycolicibacterium:HSG28
56689,Mycolicibacterium mucogenicum,1866885:6,False,Mycolicibacterium:HSG6
67081,Mycolicibacterium alvei,1866885:3,False,Mycolicibacterium:HSG3
85693,Mycolicibacterium monacense,1866885:0,False,Mycolicibacterium:HSG0
85968,Mycolicibacterium brumae,1866885:9,True,Mycolicibacterium:HSG9
110539,Mycolicibacterium vanbaalenii,1866885:1,False,Mycolicibacterium:HSG1
126673,Mycolicibacterium doricum,1866885:0,False,Mycolicibacterium:HSG0
134601,Mycolicibacterium goodii,1866885:2,False,Mycolicibacterium:HSG2
146017,Mycolicibacterium boenickei,1866885:3,False,Mycolicibacterium:HSG3
152142,Mycolicibacterium holsaticum,1866885:8,True,Mycolicibacterium:HSG8
212765,Mycolicibacterium madagascariense,1866885:23,True,Mycolicibacterium:HSG23
216929,Mycolicibacterium psychrotolerans,1866885:3,False,Mycolicibacterium:HSG3
318424,Mycolicibacterium rufum,1866885:3,False,Mycolicibacterium:HSG3
319706,Mycolicibacterium phocaicum,1866885:6,False,Mycolicibacterium:HSG6
319707,Mycolicibacterium aubagnense,1866885:6,False,Mycolicibacterium:HSG6
370524,Mycolicibacterium pallens,1866885:5,False,Mycolicibacterium:HSG5
388459,Mycolicibacterium crocinum,1866885:5,False,Mycolicibacterium:HSG5
444597,Mycolicibacterium insubricum,1866885:5,False,Mycolicibacterium:HSG5
758802,Mycolicibacterium litorale,1866885:25,True,Mycolicibacterium:HSG25
1249101,Mycolicibacterium celeriflavum,1866885:22,True,Mycolicibacterium:HSG22
1286180,Mycolicibacterium sediminis,1866885:11,True,Mycolicibacterium:HSG11
1286181,Mycolicibacterium arabiense,1866885:26,True,Mycolicibacterium:HSG26
1431246,Mycolicibacterium anyangense,1866885:2,False,Mycolicibacterium:HSG2
1534348,Mycolicibacterium sarraceniae,1866885:27,True,Mycolicibacterium:HSG27
1534349,Mycolicibacterium helvum,1866885:3,False,Mycolicibacterium:HSG3
1552759,Mycolicibacterium grossiae,1866885:13,True,Mycolicibacterium:HSG13
2736649,Mycolicibacterium mengxianglii,1866885:10,True,Mycolicibacterium:HSG10
2761578,Mycolicibacterium baixiangningiae,1866885:12,True,Mycolicibacterium:HSG12
68895,Cupriavidus basilensis,106589:3,True,Cupriavidus:HSG3
82541,Cupriavidus gilardii,106589:0,False,Cupriavidus:HSG0
82633,Cupriavidus pauculus,106589:0,False,Cupriavidus:HSG0
96344,Cupriavidus oxalaticus,106589:1,False,Cupriavidus:HSG1
106590,Cupriavidus necator,106589:1,False,Cupriavidus:HSG1
119219,Cupriavidus metallidurans,106589:0,False,Cupriavidus:HSG0
151783,Cupriavidus campinensis,106589:5,True,Cupriavidus:HSG5
164546,Cupriavidus taiwanensis,106589:1,False,Cupriavidus:HSG1
248026,Cupriavidus pinatubonensis,106589:4,True,Cupriavidus:HSG4
367825,Cupriavidus malaysiensis,106589:2,True,Cupriavidus:HSG2
2608999,Cupriavidus cauae,106589:0,False,Cupriavidus:HSG0
1129264,Sphaerochaeta associata,399320:0,False,Sphaerochaeta:HSG0
1131703,Sphaerochaeta globosa,399320:0,False,Sphaerochaeta:HSG0
1131707,Sphaerochaeta pleomorpha,399320:1,True,Sphaerochaeta:HSG1
1582,Lacticaseibacillus casei,2759736:0,False,Lacticaseibacillus:HSG0
1597,Lacticaseibacillus paracasei,2759736:0,False,Lacticaseibacillus:HSG0
47715,Lacticaseibacillus rhamnosus,2759736:0,False,Lacticaseibacillus:HSG0
57037,Lacticaseibacillus zeae,2759736:0,False,Lacticaseibacillus:HSG0
2100821,Lacticaseibacillus chiayiensis,2759736:0,False,Lacticaseibacillus:HSG0
3025672,Lacticaseibacillus pabuli,2759736:1,True,Lacticaseibacillus:HSG1
3035291,Lacticaseibacillus huelsenbergensis,2759736:0,False,Lacticaseibacillus:HSG0
3068305,Lacticaseibacillus parahuelsenbergensis,2759736:0,False,Lacticaseibacillus:HSG0
3068306,Lacticaseibacillus styriensis,2759736:0,False,Lacticaseibacillus:HSG0
2980026,Fervidibacillus albus,3033930:1,True,Fervidibacillus:HSG1
2980027,Fervidibacillus halotolerans,3033930:0,True,Fervidibacillus:HSG0
2714353,Vescimonas fastidiosa,2892396:1,True,Vescimonas:HSG1
2714355,Vescimonas coprocola,2892396:0,True,Vescimonas:HSG0
659,Photobacterium phosphoreum,657:0,False,Photobacterium:HSG0
38293,Photobacterium damselae,657:5,True,Photobacterium:HSG5
74109,Photobacterium profundum,657:3,True,Photobacterium:HSG3
320778,Photobacterium ganghwense,657:4,True,Photobacterium:HSG4
680026,Photobacterium swingsii,657:2,True,Photobacterium:HSG2
875932,Photobacterium sanguinicancri,657:1,True,Photobacterium:HSG1
1935446,Photobacterium toruni,657:0,False,Photobacterium:HSG0
1796644,Rodentibacter caecimuris,1960084:1,True,Rodentibacter:HSG1
2778911,Rodentibacter haemolyticus,1960084:0,True,Rodentibacter:HSG0
206403,Sulfurovum lithotrophicum,265570:2,True,Sulfurovum:HSG2
2779528,Sulfurovum indicum,265570:1,True,Sulfurovum:HSG1
2893889,Sulfurovum mangrovi,265570:0,True,Sulfurovum:HSG0
370622,Aureimonas altamirensis,414371:1,True,Aureimonas:HSG1
1701758,Aureimonas populi,414371:2,True,Aureimonas:HSG2
2758041,Aureimonas mangrovi,414371:0,True,Aureimonas:HSG0
663,Vibrio alginolyticus,662:5,False,Vibrio:HSG5
666,Vibrio cholerae,662:7,False,Vibrio:HSG7
669,Vibrio harveyi,662:5,False,Vibrio:HSG5
670,Vibrio parahaemolyticus,662:5,False,Vibrio:HSG5
672,Vibrio vulnificus,662:2,False,Vibrio:HSG2
674,Vibrio mimicus,662:7,False,Vibrio:HSG7
675,Vibrio cincinnatiensis,662:31,True,Vibrio:HSG31
676,Vibrio fluvialis,662:3,False,Vibrio:HSG3
680,Vibrio campbellii,662:5,False,Vibrio:HSG5
687,Vibrio gazogenes,662:39,True,Vibrio:HSG39
689,Vibrio mediterranei,662:28,True,Vibrio:HSG28
691,Vibrio natriegens,662:5,False,Vibrio:HSG5
28169,Vibrio pelagius,662:5,False,Vibrio:HSG5
28172,Vibrio metschnikovii,662:33,True,Vibrio:HSG33
28173,Vibrio nigripulchritudo,662:26,True,Vibrio:HSG26
29494,Vibrio furnissii,662:3,False,Vibrio:HSG3
29495,Vibrio navarrensis,662:2,False,Vibrio:HSG2
29497,Vibrio splendidus,662:9,False,Vibrio:HSG9
29498,Vibrio tubiashii,662:5,False,Vibrio:HSG5
45658,Vibrio scophthalmi,662:23,True,Vibrio:HSG23
47951,Vibrio cyclitrophicus,662:9,False,Vibrio:HSG9
50719,Vibrio diabolicus,662:5,False,Vibrio:HSG5
52443,Vibrio tapetis,662:35,True,Vibrio:HSG35
55601,Vibrio anguillarum,662:1,False,Vibrio:HSG1
76258,Vibrio rumoiensis,662:24,True,Vibrio:HSG24
92172,Vibrio aerogenes,662:27,True,Vibrio:HSG27
104609,Vibrio penaeicida,662:25,True,Vibrio:HSG25
136468,Vibrio lentus,662:9,False,Vibrio:HSG9
150340,Vibrio antiquarius,662:5,False,Vibrio:HSG5
170673,Vibrio kanaloae,662:9,False,Vibrio:HSG9
170679,Vibrio chagasii,662:5,False,Vibrio:HSG5
184755,Vibrio ruber,662:4,False,Vibrio:HSG4
190893,Vibrio coralliilyticus,662:5,False,Vibrio:HSG5
190895,Vibrio rotiferianus,662:5,False,Vibrio:HSG5
190897,Vibrio gallicus,662:41,True,Vibrio:HSG41
198832,Vibrio pomeroyi,662:9,False,Vibrio:HSG9
212663,Vibrio tasmaniensis,662:9,False,Vibrio:HSG9
212667,Vibrio fortis,662:5,False,Vibrio:HSG5
246167,Vibrio crassostreae,662:9,False,Vibrio:HSG9
265668,Vibrio ponticus,662:0,False,Vibrio:HSG0
278860,Vibrio neonatus,662:12,False,Vibrio:HSG12
296199,Vibrio gigantis,662:9,False,Vibrio:HSG9
300876,Vibrio europaeus,662:13,True,Vibrio:HSG13
379097,Vibrio sinaloensis,662:34,True,Vibrio:HSG34
398736,Vibrio rhizosphaerae,662:4,False,Vibrio:HSG4
413403,Vibrio rarus,662:12,False,Vibrio:HSG12
435912,Vibrio porteresiae,662:11,True,Vibrio:HSG11
446372,Vibrio celticus,662:9,False,Vibrio:HSG9
446374,Vibrio artabrorum,662:9,False,Vibrio:HSG9
474394,Vibrio mangrovi,662:40,True,Vibrio:HSG40
552386,Vibrio gallaecicus,662:19,True,Vibrio:HSG19
553239,Vibrio breoganii,662:12,False,Vibrio:HSG12
650003,Vibrio paracholerae,662:7,False,Vibrio:HSG7
664643,Vibrio plantisponsor,662:29,True,Vibrio:HSG29
673372,Vibrio casei,662:36,True,Vibrio:HSG36
693153,Vibrio atlanticus,662:9,False,Vibrio:HSG9
696485,Vibrio owensii,662:5,False,Vibrio:HSG5
766224,Vibrio jasicida,662:5,False,Vibrio:HSG5
990268,Vibrio maritimus,662:16,True,Vibrio:HSG16
1074311,Vibrio alfacsensis,662:32,True,Vibrio:HSG32
1194427,Vibrio toranzoniae,662:9,False,Vibrio:HSG9
1328770,Vibrio cortegadensis,662:17,True,Vibrio:HSG17
1381081,Vibrio panuliri,662:42,True,Vibrio:HSG42
1435069,Vibrio tritonius,662:20,True,Vibrio:HSG20
1481663,Vibrio metoecus,662:7,False,Vibrio:HSG7
1481914,Vibrio ishigakensis,662:30,True,Vibrio:HSG30
1481923,Vibrio astriarenae,662:21,True,Vibrio:HSG21
1516159,Vibrio coralliirubri,662:9,False,Vibrio:HSG9
1534743,Vibrio hyugaensis,662:5,False,Vibrio:HSG5
1763883,Vibrio cidicii,662:2,False,Vibrio:HSG2
1824638,Vibrio japonicus,662:5,False,Vibrio:HSG5
1891186,Vibrio aphrogenes,662:37,True,Vibrio:HSG37
1918945,Vibrio spartinae,662:14,True,Vibrio:HSG14
1918946,Vibrio palustris,662:6,True,Vibrio:HSG6
2014742,Vibrio tarriae,662:7,False,Vibrio:HSG7
2025808,Vibrio qinghaiensis,662:1,False,Vibrio:HSG1
2077090,Vibrio gangliei,662:38,True,Vibrio:HSG38
2100116,Vibrio echinoideorum,662:9,False,Vibrio:HSG9
2479546,Vibrio zhugei,662:22,True,Vibrio:HSG22
2572923,Vibrio taketomensis,662:0,False,Vibrio:HSG0
2587862,Vibrio aquimaris,662:18,True,Vibrio:HSG18
2662262,Vibrio algicola,662:15,True,Vibrio:HSG15
2711221,Vibrio ziniensis,662:10,True,Vibrio:HSG10
2777577,Vibrio bathopelagicus,662:9,False,Vibrio:HSG9
2841925,Vibrio ostreae,662:8,True,Vibrio:HSG8
3034029,Vibrio syngnathi,662:9,False,Vibrio:HSG9
358,Agrobacterium tumefaciens,357:0,False,Agrobacterium:HSG0
373,Agrobacterium vitis,357:1,True,Agrobacterium:HSG1
28099,Agrobacterium rubi,357:0,False,Agrobacterium:HSG0
160699,Agrobacterium larrymoorei,357:2,True,Agrobacterium:HSG2
648995,Agrobacterium pusense,357:0,False,Agrobacterium:HSG0
1176649,Agrobacterium fabrum,357:0,False,Agrobacterium:HSG0
1183413,Agrobacterium salinitolerans,357:0,False,Agrobacterium:HSG0
2735528,Agrobacterium vaccinii,357:0,False,Agrobacterium:HSG0
2792015,Agrobacterium leguminum,357:0,False,Agrobacterium:HSG0
2862866,Agrobacterium cucumeris,357:0,False,Agrobacterium:HSG0
747,Pasteurella multocida,745:2,True,Pasteurella:HSG2
753,Pasteurella canis,745:3,True,Pasteurella:HSG3
754,Pasteurella dagmatis,745:4,True,Pasteurella:HSG4
97481,Pasteurella skyensis,745:1,True,Pasteurella:HSG1
2827233,Pasteurella atlantica,745:0,True,Pasteurella:HSG0
182262,Agarivorans albus,261825:0,False,Agarivorans:HSG0
680279,Agarivorans gilvus,261825:1,True,Agarivorans:HSG1
1563703,Agarivorans aestuarii,261825:0,False,Agarivorans:HSG0
392734,Terriglobus roseus,392733:2,True,Terriglobus:HSG2
870903,Terriglobus saanensis,392733:1,True,Terriglobus:HSG1
1592106,Terriglobus albidus,392733:0,True,Terriglobus:HSG0
537,Iodobacter fluviatilis,32014:1,True,Iodobacter:HSG1
2496266,Iodobacter ciconiae,32014:0,True,Iodobacter:HSG0
118323,Oscillatoria acuminata,1158:1,True,Oscillatoria:HSG1
482564,Oscillatoria nigro-viridis,1158:0,True,Oscillatoria:HSG0
39486,Dorea formicigenerans,189330:1,True,Dorea:HSG1
88431,Dorea longicatena,189330:0,True,Dorea:HSG0
291048,Caminibacter mediatlanticus,191301:1,True,Caminibacter:HSG1
1424653,Caminibacter pacificus,191301:0,True,Caminibacter:HSG0
636,Edwardsiella tarda,635:0,False,Edwardsiella:HSG0
67780,Edwardsiella ictaluri,635:0,False,Edwardsiella:HSG0
93378,Edwardsiella hoshinae,635:0,False,Edwardsiella:HSG0
1263550,Edwardsiella piscicida,635:0,False,Edwardsiella:HSG0
1821960,Edwardsiella anguillarum,635:0,False,Edwardsiella:HSG0
61647,Pluralibacter gergoviae,1330546:1,True,Pluralibacter:HSG1
1334193,[Enterobacter] lignolyticus,1330546:0,True,Pluralibacter:HSG0
76115,Aromatoleum bremense,551759:2,True,Aromatoleum:HSG2
76116,Aromatoleum petrolei,551759:1,True,Aromatoleum:HSG1
551760,Aromatoleum aromaticum,551759:0,True,Aromatoleum:HSG0
351604,Geotalea uraniireducens,2910589:1,True,Geotalea:HSG1
1203471,Geotalea daltonii,2910589:0,True,Geotalea:HSG0
1513468,Rouxiella chamberiensis,1565532:0,False,Rouxiella:HSG0
1646377,Rouxiella badensis,1565532:0,False,Rouxiella:HSG0
453304,Agromyces aureus,33877:7,True,Agromyces:HSG7
659012,Agromyces soli,33877:8,True,Agromyces:HSG8
1389020,Agromyces marinus,33877:5,True,Agromyces:HSG5
1858653,Agromyces mangrovi,33877:3,True,Agromyces:HSG3
2080742,Agromyces badenianii,33877:6,True,Agromyces:HSG6
2509455,Agromyces protaetiae,33877:4,True,Agromyces:HSG4
2585717,Agromyces laixinhei,33877:2,True,Agromyces:HSG2
2781962,Agromyces archimandritae,33877:1,True,Agromyces:HSG1
2929802,Agromyces larvae,33877:0,True,Agromyces:HSG0
93218,Pandoraea apista,93217:0,False,Pandoraea:HSG0
93219,Pandoraea norimbergensis,93217:0,False,Pandoraea:HSG0
93220,Pandoraea pnomenusa,93217:0,False,Pandoraea:HSG0
93221,Pandoraea pulmonicola,93217:0,False,Pandoraea:HSG0
93222,Pandoraea sputorum,93217:0,False,Pandoraea:HSG0
445709,Pandoraea thiooxydans,93217:1,True,Pandoraea:HSG1
573737,Pandoraea oxalativorans,93217:0,False,Pandoraea:HSG0
656178,Pandoraea vervacti,93217:0,False,Pandoraea:HSG0
656179,Pandoraea faecigallinarum,93217:0,False,Pandoraea:HSG0
1891094,Pandoraea fibrosis,93217:0,False,Pandoraea:HSG0
2508289,Pandoraea commovens,93217:0,False,Pandoraea:HSG0
399,Neorhizobium galegae,1525371:1,True,Neorhizobium:HSG1
515361,Neorhizobium petrolearium,1525371:0,True,Neorhizobium:HSG0
13690,Sphingobium yanoikuyae,165695:8,True,Sphingobium:HSG8
46429,Sphingobium chlorophenolicum,165695:5,True,Sphingobium:HSG5
76947,Sphingobium herbicidovorans,165695:6,True,Sphingobium:HSG6
120107,Sphingobium cloacae,165695:9,True,Sphingobium:HSG9
121428,Sphingobium xenophagum,165695:7,True,Sphingobium:HSG7
135719,Sphingobium amiense,165695:3,True,Sphingobium:HSG3
332055,Sphingobium indicum,165695:4,True,Sphingobium:HSG4
336203,Sphingobium fuliginis,165695:1,True,Sphingobium:HSG1
1332080,Sphingobium baderi,165695:2,True,Sphingobium:HSG2
1592790,Sphingobium phenoxybenzoativorans,165695:0,True,Sphingobium:HSG0
2014,Nocardiopsis dassonvillei,2013:0,False,Nocardiopsis:HSG0
53437,Nocardiopsis alba,2013:4,True,Nocardiopsis:HSG4
163604,Nocardiopsis exhalans,2013:2,True,Nocardiopsis:HSG2
280236,Nocardiopsis gilva,2013:3,True,Nocardiopsis:HSG3
2831968,Nocardiopsis akebiae,2013:0,False,Nocardiopsis:HSG0
2831969,Nocardiopsis changdeensis,2013:1,True,Nocardiopsis:HSG1
1748,Acidipropionibacterium acidipropionici,1912215:2,True,Acidipropionibacterium:HSG2
1749,Acidipropionibacterium jensenii,1912215:1,True,Acidipropionibacterium:HSG1
2057246,Acidipropionibacterium virtanenii,1912215:0,True,Acidipropionibacterium:HSG0
1517,Thermoanaerobacterium thermosaccharolyticum,28895:2,True,Thermoanaerobacterium:HSG2
28896,Thermoanaerobacterium saccharolyticum,28895:0,False,Thermoanaerobacterium:HSG0
29329,Thermoanaerobacterium xylanolyticum,28895:1,True,Thermoanaerobacterium:HSG1
47490,Thermoanaerobacterium aotearoense,28895:0,False,Thermoanaerobacterium:HSG0
2099,Mesomycoplasma hyopneumoniae,2923352:9,True,Mesomycoplasma:HSG9
2100,Mesomycoplasma hyorhinis,2923352:7,True,Mesomycoplasma:HSG7
2118,[Mycoplasma] mobile,2923352:4,True,Mesomycoplasma:HSG4
2120,Mesomycoplasma neurolyticum,2923352:5,True,Mesomycoplasma:HSG5
2128,Mesomycoplasma flocculare,2923352:6,True,Mesomycoplasma:HSG6
29562,Mesomycoplasma ovipneumoniae,2923352:8,True,Mesomycoplasma:HSG8
45362,Mesomycoplasma bovoculi,2923352:3,True,Mesomycoplasma:HSG3
86660,Mesomycoplasma dispar,2923352:2,True,Mesomycoplasma:HSG2
171286,Mesomycoplasma lagogenitalium,2923352:1,True,Mesomycoplasma:HSG1
171288,Mesomycoplasma molare,2923352:0,True,Mesomycoplasma:HSG0
293,Brevundimonas diminuta,41275:2,False,Brevundimonas:HSG2
13160,Brevundimonas bullata,41275:6,True,Brevundimonas:HSG6
41276,Brevundimonas vesicularis,41275:0,False,Brevundimonas:HSG0
74313,Brevundimonas subvibrioides,41275:4,True,Brevundimonas:HSG4
74329,Brevundimonas mediterranea,41275:0,False,Brevundimonas:HSG0
172043,Brevundimonas nasdae,41275:0,False,Brevundimonas:HSG0
588932,Brevundimonas naejangsanensis,41275:8,True,Brevundimonas:HSG8
1312364,Brevundimonas albigilva,41275:5,True,Brevundimonas:HSG5
1325724,Brevundimonas vancanneytii,41275:2,False,Brevundimonas:HSG2
2774189,Brevundimonas pondensis,41275:7,True,Brevundimonas:HSG7
2774190,Brevundimonas goettingensis,41275:3,True,Brevundimonas:HSG3
2800818,Brevundimonas vitisensis,41275:1,True,Brevundimonas:HSG1
2813778,Brevundimonas fontaquae,41275:0,False,Brevundimonas:HSG0
24,Shewanella putrefaciens,22:1,False,Shewanella:HSG1
38313,Shewanella algae,22:0,False,Shewanella:HSG0
43661,Shewanella benthica,22:25,True,Shewanella:HSG25
56812,Shewanella frigidimarina,22:2,False,Shewanella:HSG2
60217,Shewanella violacea,22:28,True,Shewanella:HSG28
60478,Shewanella amazonensis,22:27,True,Shewanella:HSG27
60961,Shewanella woodyi,22:19,True,Shewanella:HSG19
62322,Shewanella baltica,22:1,False,Shewanella:HSG1
70863,Shewanella oneidensis,22:1,False,Shewanella:HSG1
70864,Shewanella pealeana,22:20,False,Shewanella:HSG20
93973,Shewanella japonica,22:26,True,Shewanella:HSG26
150120,Shewanella livingstonensis,22:2,False,Shewanella:HSG2
192073,Shewanella denitrificans,22:13,True,Shewanella:HSG13
225848,Shewanella psychrophila,22:9,False,Shewanella:HSG9
238836,Shewanella donghaensis,22:15,True,Shewanella:HSG15
256839,Shewanella decolorationis,22:1,False,Shewanella:HSG1
260364,Shewanella marisflavi,22:24,True,Shewanella:HSG24
271097,Shewanella sediminis,22:23,True,Shewanella:HSG23
271098,Shewanella halifaxensis,22:20,False,Shewanella:HSG20
332186,Shewanella xiamenensis,22:1,False,Shewanella:HSG1
359303,Shewanella loihica,22:8,False,Shewanella:HSG8
404011,Shewanella piezotolerans,22:17,True,Shewanella:HSG17
518738,Shewanella vesiculosa,22:2,False,Shewanella:HSG2
558541,Shewanella chilikensis,22:0,False,Shewanella:HSG0
712036,Shewanella dokdonensis,22:22,True,Shewanella:HSG22
755175,Shewanella seohaensis,22:1,False,Shewanella:HSG1
1028752,Shewanella aestuarii,22:16,True,Shewanella:HSG16
1173586,Shewanella litorisediminis,22:3,False,Shewanella:HSG3
1738770,Shewanella inventionis,22:21,True,Shewanella:HSG21
1965282,Shewanella khirikhana,22:3,False,Shewanella:HSG3
1987584,Shewanella carassii,22:0,False,Shewanella:HSG0
2018305,Shewanella bicestrii,22:1,False,Shewanella:HSG1
2520507,Shewanella maritima,22:11,True,Shewanella:HSG11
2588449,Shewanella polaris,22:10,True,Shewanella:HSG10
2590884,Shewanella glacialimarina,22:12,True,Shewanella:HSG12
2593655,Shewanella psychropiezotolerans,22:9,False,Shewanella:HSG9
2593656,Shewanella eurypsychrophilus,22:18,True,Shewanella:HSG18
2726434,Shewanella oncorhynchi,22:1,False,Shewanella:HSG1
2814292,Shewanella cyperi,22:6,False,Shewanella:HSG6
2814293,Shewanella sedimentimangrovi,22:6,False,Shewanella:HSG6
2814294,Shewanella avicenniae,22:7,True,Shewanella:HSG7
2829809,Shewanella yunxiaonensis,22:5,True,Shewanella:HSG5
2864203,Shewanella aegiceratis,22:8,False,Shewanella:HSG8
2864204,Shewanella halotolerans,22:8,False,Shewanella:HSG8
2864205,Shewanella spartinae,22:8,False,Shewanella:HSG8
2864206,Shewanella psychrotolerans,22:4,False,Shewanella:HSG4
2864207,Shewanella rhizosphaerae,22:8,False,Shewanella:HSG8
2864208,Shewanella mesophila,22:4,False,Shewanella:HSG4
2864209,Shewanella alkalitolerans,22:8,False,Shewanella:HSG8
2864211,Shewanella mangrovisoli,22:1,False,Shewanella:HSG1
2864212,Shewanella acanthi,22:1,False,Shewanella:HSG1
2864213,Shewanella zhangzhouensis,22:3,False,Shewanella:HSG3
3050637,Shewanella goraebulensis,22:14,True,Shewanella:HSG14
1249,Weissella paramesenteroides,46255:7,True,Weissella:HSG7
1583,Weissella confusa,46255:4,False,Weissella:HSG4
1629,Weissella viridescens,46255:5,True,Weissella:HSG5
137591,Weissella cibaria,46255:4,False,Weissella:HSG4
155866,Weissella soli,46255:6,True,Weissella:HSG6
165096,Weissella koreensis,46255:0,False,Weissella:HSG0
759620,Weissella ceti,46255:1,False,Weissella:HSG1
887702,Weissella tructae,46255:1,False,Weissella:HSG1
1162633,Weissella diestrammenae,46255:2,True,Weissella:HSG2
1631871,Weissella jogaejeotgali,46255:3,True,Weissella:HSG3
2714949,Weissella coleopterorum,46255:0,False,Weissella:HSG0
1549850,Thioclava electrotropha,285107:0,False,Thioclava:HSG0
1915078,Thioclava nitratireducens,285107:0,False,Thioclava:HSG0
375,Bradyrhizobium japonicum,374:0,False,Bradyrhizobium:HSG0
29448,Bradyrhizobium elkanii,374:2,False,Bradyrhizobium:HSG2
44255,Bradyrhizobium oligotrophicum,374:0,False,Bradyrhizobium:HSG0
83627,Bradyrhizobium commune,374:0,False,Bradyrhizobium:HSG0
108015,Bradyrhizobium yuanmingense,374:0,False,Bradyrhizobium:HSG0
190148,Bradyrhizobium paxllaeri,374:2,False,Bradyrhizobium:HSG2
244734,Bradyrhizobium betae,374:0,False,Bradyrhizobium:HSG0
280333,Bradyrhizobium pachyrhizi,374:2,False,Bradyrhizobium:HSG2
858423,Bradyrhizobium arachidis,374:0,False,Bradyrhizobium:HSG0
931866,Bradyrhizobium ottawaense,374:0,False,Bradyrhizobium:HSG0
990078,Bradyrhizobium huanghuaihaiense,374:0,False,Bradyrhizobium:HSG0
993502,Bradyrhizobium daqingense,374:0,False,Bradyrhizobium:HSG0
1274631,Bradyrhizobium icense,374:2,False,Bradyrhizobium:HSG2
1325090,Bradyrhizobium guangdongense,374:0,False,Bradyrhizobium:HSG0
1325095,Bradyrhizobium guangzhouense,374:0,False,Bradyrhizobium:HSG0
1325107,Bradyrhizobium zhanjiangense,374:0,False,Bradyrhizobium:HSG0
1325115,Bradyrhizobium guangxiense,374:0,False,Bradyrhizobium:HSG0
1355477,Bradyrhizobium diazoefficiens,374:0,False,Bradyrhizobium:HSG0
1404367,Bradyrhizobium symbiodeficiens,374:0,False,Bradyrhizobium:HSG0
1404411,Bradyrhizobium septentrionale,374:2,False,Bradyrhizobium:HSG2
1404768,Bradyrhizobium amphicarpaeae,374:0,False,Bradyrhizobium:HSG0
1404864,Bradyrhizobium cosmicum,374:0,False,Bradyrhizobium:HSG0
1419277,Bradyrhizobium brasilense,374:2,False,Bradyrhizobium:HSG2
1549949,Bradyrhizobium vignae,374:0,False,Bradyrhizobium:HSG0
2736875,Bradyrhizobium xenonodulans,374:0,False,Bradyrhizobium:HSG0
2748629,Bradyrhizobium quebecense,374:2,False,Bradyrhizobium:HSG2
2840469,Bradyrhizobium sediminis,374:2,False,Bradyrhizobium:HSG2
2854389,Bradyrhizobium prioriisuperbiae,374:1,True,Bradyrhizobium:HSG1
2898149,Bradyrhizobium ontarionense,374:0,False,Bradyrhizobium:HSG0
2992140,Bradyrhizobium barranii,374:0,False,Bradyrhizobium:HSG0
3056648,Bradyrhizobium roseum,374:2,False,Bradyrhizobium:HSG2
208479,Enterocloster bolteae,2719313:1,True,Enterocloster:HSG1
333367,Enterocloster asparagiformis,2719313:0,True,Enterocloster:HSG0
1231,Nitrosospira multiformis,35798:2,True,Nitrosospira:HSG2
35799,Nitrosospira briensis,35798:1,True,Nitrosospira:HSG1
1288494,Nitrosospira lacus,35798:0,True,Nitrosospira:HSG0
624315,Phytohabitans suffuscus,907364:1,True,Phytohabitans:HSG1
1076124,Phytohabitans flavus,907364:0,True,Phytohabitans:HSG0
817,Bacteroides fragilis,816:19,True,Bacteroides:HSG19
818,Bacteroides thetaiotaomicron,816:0,False,Bacteroides:HSG0
820,Bacteroides uniformis,816:15,True,Bacteroides:HSG15
28111,Bacteroides eggerthii,816:16,True,Bacteroides:HSG16
28113,Bacteroides heparinolyticus,816:12,True,Bacteroides:HSG12
28116,Bacteroides ovatus,816:1,False,Bacteroides:HSG1
28119,Bacteroides zoogleoformans,816:10,True,Bacteroides:HSG10
46506,Bacteroides stercoris,816:13,True,Bacteroides:HSG13
47678,Bacteroides caccae,816:14,True,Bacteroides:HSG14
246787,Bacteroides cellulosilyticus,816:18,True,Bacteroides:HSG18
290053,Bacteroides helcogenes,816:17,True,Bacteroides:HSG17
291644,Bacteroides salyersiae,816:11,True,Bacteroides:HSG11
291645,Bacteroides nordii,816:5,True,Bacteroides:HSG5
329854,Bacteroides intestinalis,816:8,True,Bacteroides:HSG8
371601,Bacteroides xylanisolvens,816:1,False,Bacteroides:HSG1
477666,Bacteroides graminisolvens,816:7,True,Bacteroides:HSG7
674529,Bacteroides faecis,816:0,False,Bacteroides:HSG0
1796613,Bacteroides caecimuris,816:6,True,Bacteroides:HSG6
2650157,Bacteroides zhangwenhongii,816:3,True,Bacteroides:HSG3
2650158,Bacteroides luhongzhouii,816:9,True,Bacteroides:HSG9
2715212,Bacteroides faecium,816:4,True,Bacteroides:HSG4
2792859,Bacteroides humanifaecis,816:2,True,Bacteroides:HSG2
28199,Arcobacter nitrofigilis,28196:3,True,Arcobacter:HSG3
873191,Arcobacter defluvii,28196:0,False,Arcobacter:HSG0
913109,Arcobacter ellisii,28196:0,False,Arcobacter:HSG0
1054033,Arcobacter venerupis,28196:5,True,Arcobacter:HSG5
1054034,Arcobacter cloacae,28196:0,False,Arcobacter:HSG0
1278212,Arcobacter suis,28196:0,False,Arcobacter:HSG0
1315211,Arcobacter aquimarinus,28196:0,False,Arcobacter:HSG0
1849015,Arcobacter acticola,28196:4,True,Arcobacter:HSG4
1935204,Arcobacter porcinus,28196:1,True,Arcobacter:HSG1
2961520,Arcobacter roscoffensis,28196:2,True,Arcobacter:HSG2
442,Gluconobacter oxydans,441:0,False,Gluconobacter:HSG0
38308,Gluconobacter frateurii,441:1,False,Gluconobacter:HSG1
257438,Gluconobacter thailandicus,441:1,False,Gluconobacter:HSG1
318683,Gluconobacter albidus,441:0,False,Gluconobacter:HSG0
574987,Gluconobacter sphaericus,441:0,False,Gluconobacter:HSG0
2546356,Gloeothece citriformis,28070:1,True,Gloeothece:HSG1
2546359,Gloeothece verrucosa,28070:0,True,Gloeothece:HSG0
1112,Erythrobacter neustonensis,1041:3,True,Erythrobacter:HSG3
39960,Erythrobacter litoralis,1041:4,True,Erythrobacter:HSG4
2182384,Erythrobacter aureus,1041:2,True,Erythrobacter:HSG2
2739433,Erythrobacter mangrovi,1041:1,True,Erythrobacter:HSG1
2909249,Erythrobacter aurantius,1041:0,True,Erythrobacter:HSG0
192812,Qipengyuania flava,1855416:4,True,Qipengyuania:HSG4
225971,Qipengyuania citrea,1855416:3,True,Qipengyuania:HSG3
266951,Qipengyuania seohaensis,1855416:2,True,Qipengyuania:HSG2
1532023,Qipengyuania sediminis,1855416:1,True,Qipengyuania:HSG1
2909673,Qipengyuania spongiae,1855416:0,True,Qipengyuania:HSG0
266,Paracoccus denitrificans,265:23,True,Paracoccus:HSG23
34002,Paracoccus alcaliphilus,265:18,True,Paracoccus:HSG18
34003,Paracoccus aminophilus,265:17,True,Paracoccus:HSG17
34004,Paracoccus aminovorans,265:16,True,Paracoccus:HSG16
34007,Paracoccus versutus,265:0,False,Paracoccus:HSG0
59779,Paracoccus marcusii,265:21,True,Paracoccus:HSG21
82367,Paracoccus pantotrophus,265:0,False,Paracoccus:HSG0
135740,Paracoccus kondratievae,265:15,True,Paracoccus:HSG15
147645,Paracoccus yeei,265:2,False,Paracoccus:HSG2
184748,Paracoccus seriniphilus,265:20,True,Paracoccus:HSG20
405559,Paracoccus saliphilus,265:8,True,Paracoccus:HSG8
453842,Paracoccus aestuarii,265:14,True,Paracoccus:HSG14
658446,Paracoccus fistulariae,265:13,True,Paracoccus:HSG13
659350,Paracoccus stylophorae,265:22,True,Paracoccus:HSG22
1077935,Paracoccus zhejiangensis,265:6,True,Paracoccus:HSG6
1499308,Paracoccus mutanolyticus,265:2,False,Paracoccus:HSG2
1529068,Paracoccus tegillarcae,265:7,True,Paracoccus:HSG7
1545044,Paracoccus sanguinis,265:24,True,Paracoccus:HSG24
1945662,Paracoccus contaminans,265:12,True,Paracoccus:HSG12
2065379,Paracoccus jeotgali,265:19,True,Paracoccus:HSG19
2259340,Paracoccus suum,265:11,True,Paracoccus:HSG11
2560053,Paracoccus liaowanqingii,265:9,True,Paracoccus:HSG9
2812658,Paracoccus methylovorus,265:10,True,Paracoccus:HSG10
2903900,Paracoccus everestensis,265:3,True,Paracoccus:HSG3
3017781,Paracoccus aerodenitrificans,265:5,True,Paracoccus:HSG5
3017783,Paracoccus sediminicola,265:4,True,Paracoccus:HSG4
3017784,Paracoccus albus,265:1,True,Paracoccus:HSG1
1185412,Vallitalea guaymasensis,1348611:1,True,Vallitalea:HSG1
1348613,Vallitalea pronyensis,1348611:0,True,Vallitalea:HSG0
29320,Paenarthrobacter nicotinovorans,1742992:1,True,Paenarthrobacter:HSG1
37931,Paenarthrobacter ureafaciens,1742992:0,True,Paenarthrobacter:HSG0
256821,Gulosibacter molinativorax,256818:1,True,Gulosibacter:HSG1
1729695,Gulosibacter sediminis,256818:0,True,Gulosibacter:HSG0
210,Helicobacter pylori,209:16,True,Helicobacter:HSG16
212,Helicobacter acinonychis,209:13,True,Helicobacter:HSG13
213,Helicobacter cinaedi,209:9,True,Helicobacter:HSG9
214,Helicobacter felis,209:14,True,Helicobacter:HSG14
217,Helicobacter mustelae,209:8,True,Helicobacter:HSG8
32025,Helicobacter hepaticus,209:11,True,Helicobacter:HSG11
35817,Helicobacter heilmannii,209:10,True,Helicobacter:HSG10
35818,Helicobacter pullorum,209:12,True,Helicobacter:HSG12
37372,Helicobacter bilis,209:5,True,Helicobacter:HSG5
45498,Helicobacter cholecystus,209:6,True,Helicobacter:HSG6
76936,Helicobacter typhlonius,209:15,True,Helicobacter:HSG15
104628,Helicobacter suis,209:7,True,Helicobacter:HSG7
135569,Helicobacter apodemus,209:2,True,Helicobacter:HSG2
138563,Helicobacter cetorum,209:3,True,Helicobacter:HSG3
157268,Helicobacter winghamensis,209:4,True,Helicobacter:HSG4
222136,Helicobacter enhydrae,209:1,True,Helicobacter:HSG1
1591088,Helicobacter himalayensis,209:0,True,Helicobacter:HSG0
46507,Ezakiella coagulans,1582879:1,True,Ezakiella:HSG1
1852374,Ezakiella massiliensis,1582879:0,True,Ezakiella:HSG0
2213226,Entomomonas moraniae,2758906:1,True,Entomomonas:HSG1
2785331,Entomomonas asaccharolytica,2758906:0,True,Entomomonas:HSG0
2603206,Ruania zhangjianzhongii,626119:3,True,Ruania:HSG3
2779775,Ruania alkalisoli,626119:1,True,Ruania:HSG1
2897773,Ruania halotolerans,626119:2,True,Ruania:HSG2
2897774,Ruania suaedae,626119:0,True,Ruania:HSG0
93944,Nonomuraea gerenzanensis,83681:0,False,Nonomuraea:HSG0
404386,Nonomuraea coxensis,83681:3,True,Nonomuraea:HSG3
1291556,Nonomuraea fuscirosea,83681:4,True,Nonomuraea:HSG4
1955412,[Actinomadura] parvosata,83681:0,False,Nonomuraea:HSG0
2047744,Nonomuraea glycinis,83681:2,True,Nonomuraea:HSG2
2219224,Nonomuraea phyllanthi,83681:1,True,Nonomuraea:HSG1
246,Chryseobacterium balustinum,59732:13,True,Chryseobacterium:HSG13
250,Chryseobacterium gleum,59732:0,False,Chryseobacterium:HSG0
253,Chryseobacterium indologenes,59732:0,False,Chryseobacterium:HSG0
254,Chryseobacterium indoltheticum,59732:14,True,Chryseobacterium:HSG14
112234,Chryseobacterium joostei,59732:17,True,Chryseobacterium:HSG17
192389,Chryseobacterium daecheongense,59732:23,True,Chryseobacterium:HSG23
373672,Chryseobacterium gambrini,59732:6,True,Chryseobacterium:HSG6
421058,Chryseobacterium oranimense,59732:19,True,Chryseobacterium:HSG19
536441,Chryseobacterium taklimakanense,59732:12,True,Chryseobacterium:HSG12
558152,Chryseobacterium piperi,59732:20,True,Chryseobacterium:HSG20
651561,Chryseobacterium arthrosphaerae,59732:0,False,Chryseobacterium:HSG0
1124835,Chryseobacterium carnipullorum,59732:24,True,Chryseobacterium:HSG24
1141221,Chryseobacterium taihuense,59732:21,True,Chryseobacterium:HSG21
1241978,Chryseobacterium bernardetii,59732:1,False,Chryseobacterium:HSG1
1241981,Chryseobacterium lactis,59732:0,False,Chryseobacterium:HSG0
1241982,Chryseobacterium nakagawai,59732:11,True,Chryseobacterium:HSG11
1265445,Chryseobacterium camelliae,59732:18,True,Chryseobacterium:HSG18
1324352,Chryseobacterium gallinarum,59732:15,True,Chryseobacterium:HSG15
1493872,Chryseobacterium shandongense,59732:16,True,Chryseobacterium:HSG16
1609531,Chryseobacterium rhizoplanae,59732:1,False,Chryseobacterium:HSG1
1685010,Chryseobacterium glaciei,59732:5,True,Chryseobacterium:HSG5
1854498,Chryseobacterium nepalense,59732:7,True,Chryseobacterium:HSG7
2547600,Chryseobacterium salivictor,59732:2,True,Chryseobacterium:HSG2
2759528,Chryseobacterium capnotolerans,59732:22,True,Chryseobacterium:HSG22
2929799,Chryseobacterium oryzae,59732:9,True,Chryseobacterium:HSG9
2929800,Chryseobacterium suipulveris,59732:8,True,Chryseobacterium:HSG8
2956784,Chryseobacterium paludis,59732:3,True,Chryseobacterium:HSG3
2983606,Chryseobacterium fluminis,59732:10,True,Chryseobacterium:HSG10
3042315,Chryseobacterium gotjawalense,59732:4,True,Chryseobacterium:HSG4
29466,Veillonella parvula,29465:0,False,Veillonella:HSG0
39777,Veillonella atypica,29465:0,False,Veillonella:HSG0
39778,Veillonella dispar,29465:0,False,Veillonella:HSG0
248315,Veillonella rodentium,29465:1,True,Veillonella:HSG1
423477,Veillonella rogosae,29465:0,False,Veillonella:HSG0
2682456,Veillonella nakazawae,29465:0,False,Veillonella:HSG0
435,Acetobacter aceti,434:2,True,Acetobacter:HSG2
438,Acetobacter pasteurianus,434:1,False,Acetobacter:HSG1
65959,Acetobacter pomorum,434:1,False,Acetobacter:HSG1
104102,Acetobacter tropicalis,434:0,False,Acetobacter:HSG0
446692,Acetobacter senegalensis,434:0,False,Acetobacter:HSG0
481146,Acetobacter ascendens,434:1,False,Acetobacter:HSG1
1076596,Acetobacter persici,434:4,True,Acetobacter:HSG4
1633874,Acetobacter oryzifermentans,434:1,False,Acetobacter:HSG1
2500548,Acetobacter oryzoeni,434:1,False,Acetobacter:HSG1
2592655,Acetobacter vaccinii,434:3,True,Acetobacter:HSG3
1717717,Labilibaculum antarcticum,2060722:1,True,Labilibaculum:HSG1
1940525,Labilibaculum manganireducens,2060722:0,True,Labilibaculum:HSG0
379684,Allorhizobium pseudoryzae,78526:1,True,Allorhizobium:HSG1
3025782,Allorhizobium ampelinum,78526:0,True,Allorhizobium:HSG0
157779,Kushneria marisflavi,504090:2,True,Kushneria:HSG2
657387,Kushneria phosphatilytica,504090:1,True,Kushneria:HSG1
698828,Kushneria konosiri,504090:0,True,Kushneria:HSG0
28885,Hydrogenovibrio marinus,28884:1,True,Hydrogenovibrio:HSG1
39765,Hydrogenovibrio crunogenus,28884:2,True,Hydrogenovibrio:HSG2
265883,Hydrogenovibrio thermophilus,28884:0,True,Hydrogenovibrio:HSG0
539,Eikenella corrodens,538:1,True,Eikenella:HSG1
2528037,Eikenella exigua,538:0,True,Eikenella:HSG0
1852,Saccharomonospora viridis,1851:1,True,Saccharomonospora:HSG1
75294,Saccharomonospora xinjiangensis,1851:0,True,Saccharomonospora:HSG0
149715,Marinitoga piezophila,160798:1,True,Marinitoga:HSG1
2809031,Marinitoga aeolica,160798:0,True,Marinitoga:HSG0
59405,Thauera aromatica,33057:0,False,Thauera:HSG0
96773,Thauera chlorobenzoica,33057:0,False,Thauera:HSG0
164330,Thauera aminoaromatica,33057:0,False,Thauera:HSG0
1134435,Thauera humireducens,33057:1,True,Thauera:HSG1
707589,Aliamphritea spongicola,3018276:2,True,Aliamphritea:HSG2
1524258,Aliamphritea ceti,3018276:1,True,Aliamphritea:HSG1
2895352,Aliamphritea hakodatensis,3018276:0,True,Aliamphritea:HSG0
1764,Mycobacterium avium,1763:0,False,Mycobacterium:HSG0
1767,Mycobacterium intracellulare,1763:0,False,Mycobacterium:HSG0
1768,Mycobacterium kansasii,1763:0,False,Mycobacterium:HSG0
1769,Mycobacterium leprae,1763:12,True,Mycobacterium:HSG12
1773,Mycobacterium tuberculosis,1763:0,False,Mycobacterium:HSG0
1775,Mycobacterium cookii,1763:1,False,Mycobacterium:HSG1
1778,Mycobacterium gordonae,1763:6,False,Mycobacterium:HSG6
1780,Mycobacterium malmoense,1763:0,False,Mycobacterium:HSG0
1781,Mycobacterium marinum,1763:0,False,Mycobacterium:HSG0
1784,Mycobacterium simiae,1763:2,False,Mycobacterium:HSG2
1789,Mycobacterium xenopi,1763:10,True,Mycobacterium:HSG10
1809,Mycobacterium ulcerans,1763:0,False,Mycobacterium:HSG0
29311,Mycobacterium haemophilum,1763:0,False,Mycobacterium:HSG0
39689,Mycobacterium gallinarum,1763:9,True,Mycobacterium:HSG9
43348,Mycobacterium branderi,1763:13,True,Mycobacterium:HSG13
44010,Mycobacterium conspicuum,1763:18,True,Mycobacterium:HSG18
53376,Mycobacterium heidelbergense,1763:2,False,Mycobacterium:HSG2
78331,Mycobacterium canetti,1763:0,False,Mycobacterium:HSG0
110505,Mycobacterium heckeshornense,1763:11,True,Mycobacterium:HSG11
120959,Mycobacterium kubicae,1763:16,True,Mycobacterium:HSG16
133549,Mycobacterium shottsii,1763:0,False,Mycobacterium:HSG0
141349,Mycobacterium lentiflavum,1763:2,False,Mycobacterium:HSG2
169765,Mycobacterium lacus,1763:0,False,Mycobacterium:HSG0
185642,Mycobacterium parmense,1763:2,False,Mycobacterium:HSG2
220927,Mycobacterium saskatchewanense,1763:17,True,Mycobacterium:HSG17
261524,Mycobacterium liflandii,1763:0,False,Mycobacterium:HSG0
265949,Mycobacterium pseudoshottsii,1763:0,False,Mycobacterium:HSG0
292462,Mycobacterium florentinum,1763:2,False,Mycobacterium:HSG2
339268,Mycobacterium colombiense,1763:0,False,Mycobacterium:HSG0
386911,Mycobacterium seoulense,1763:0,False,Mycobacterium:HSG0
398694,Mycobacterium shinjukuense,1763:15,True,Mycobacterium:HSG15
459858,Mycobacterium noviomagense,1763:7,True,Mycobacterium:HSG7
470076,Mycobacterium stomatepiae,1763:2,False,Mycobacterium:HSG2
480418,Mycobacterium lepromatosis,1763:8,True,Mycobacterium:HSG8
482462,Mycobacterium dioxanotrophicus,1763:14,True,Mycobacterium:HSG14
560555,Mycobacterium mantenii,1763:0,False,Mycobacterium:HSG0
577492,Mycobacterium paraterrae,1763:1,False,Mycobacterium:HSG1
590652,Mycobacterium paraseoulense,1763:0,False,Mycobacterium:HSG0
701042,Mycobacterium marseillense,1763:0,False,Mycobacterium:HSG0
722731,Mycobacterium shigaense,1763:2,False,Mycobacterium:HSG2
886343,Mycobacterium spongiae,1763:0,False,Mycobacterium:HSG0
1138383,Mycobacterium paraintracellulare,1763:0,False,Mycobacterium:HSG0
1305738,Mycobacterium orygis,1763:0,False,Mycobacterium:HSG0
1389713,Mycobacterium paragordonae,1763:6,False,Mycobacterium:HSG6
1682113,Mycobacterium adipatum,1763:4,True,Mycobacterium:HSG4
1719132,Mycobacterium vicinigordonae,1763:6,False,Mycobacterium:HSG6
2094119,Mycobacterium basiliense,1763:0,False,Mycobacterium:HSG0
2492438,Mycobacterium novum,1763:5,True,Mycobacterium:HSG5
2738409,Mycobacterium ostraviense,1763:0,False,Mycobacterium:HSG0
2943498,Candidatus Mycobacterium methanotrophicum,1763:3,True,Mycobacterium:HSG3
3027808,Candidatus Mycobacterium wuenschmannii,1763:1,False,Mycobacterium:HSG1
198252,Candidatus Pelagibacter ubique,198251:0,False,Candidatus Pelagibacter:HSG0
2563896,Candidatus Pelagibacter giovannonii,198251:0,False,Candidatus Pelagibacter:HSG0
1803846,Flavivirga eckloniae,1209327:1,True,Flavivirga:HSG1
3063533,Flavivirga abyssicola,1209327:0,True,Flavivirga:HSG0
433296,Aminipila butyrica,2060094:2,True,Aminipila:HSG2
2507160,Aminipila luticellarii,2060094:1,True,Aminipila:HSG1
2697030,Aminipila terrae,2060094:0,True,Aminipila:HSG0
1814,Amycolatopsis methanolica,1813:9,True,Amycolatopsis:HSG9
31958,Amycolatopsis orientalis,1813:0,False,Amycolatopsis:HSG0
33910,Amycolatopsis mediterranei,1813:7,True,Amycolatopsis:HSG7
129921,Amycolatopsis keratiniphila,1813:0,False,Amycolatopsis:HSG0
208439,Amycolatopsis japonica,1813:0,False,Amycolatopsis:HSG0
700274,Amycolatopsis roodepoortensis,1813:0,False,Amycolatopsis:HSG0
715473,Amycolatopsis acidiphila,1813:5,True,Amycolatopsis:HSG5
715475,Amycolatopsis mongoliensis,1813:8,True,Amycolatopsis:HSG8
944492,Amycolatopsis thermalba,1813:6,True,Amycolatopsis:HSG6
1448059,Amycolatopsis rhabdoformis,1813:2,True,Amycolatopsis:HSG2
1804986,Amycolatopsis albispora,1813:4,True,Amycolatopsis:HSG4
2842453,Amycolatopsis aidingensis,1813:3,True,Amycolatopsis:HSG3
2995223,Amycolatopsis cynarae,1813:1,True,Amycolatopsis:HSG1
2663022,Gracilibacillus salitolerans,74385:1,True,Gracilibacillus:HSG1
2932255,Gracilibacillus salinarum,74385:0,False,Gracilibacillus:HSG0
2932256,Gracilibacillus caseinilyticus,74385:0,False,Gracilibacillus:HSG0
1940790,Sedimentisphaera cyanobacteriorum,2483368:0,False,Sedimentisphaera:HSG0
1941349,Sedimentisphaera salicampi,2483368:0,False,Sedimentisphaera:HSG0
35754,Dactylosporangium aurantiacum,35753:2,True,Dactylosporangium:HSG2
47989,Dactylosporangium roseum,35753:0,False,Dactylosporangium:HSG0
53359,Dactylosporangium fulvum,35753:0,False,Dactylosporangium:HSG0
53360,Dactylosporangium matsuzakiense,35753:1,False,Dactylosporangium:HSG1
53362,Dactylosporangium vinaceum,35753:1,False,Dactylosporangium:HSG1
158847,Megamonas hypermegale,158846:1,True,Megamonas:HSG1
437897,Megamonas funiformis,158846:0,True,Megamonas:HSG0
1885,Streptomyces actuosus,1883:22,False,Streptomyces:HSG22
1886,Streptomyces albidoflavus,1883:22,False,Streptomyces:HSG22
1888,Streptomyces albus,1883:55,True,Streptomyces:HSG55
1889,Streptomyces ambofaciens,1883:22,False,Streptomyces:HSG22
1890,Streptomyces antibioticus,1883:22,False,Streptomyces:HSG22
1892,Streptomyces anulatus,1883:3,False,Streptomyces:HSG3
1893,Streptomyces atratus,1883:3,False,Streptomyces:HSG3
1901,Streptomyces clavuligerus,1883:39,True,Streptomyces:HSG39
1902,Streptomyces coelicolor,1883:22,False,Streptomyces:HSG22
1906,Streptomyces fradiae,1883:13,False,Streptomyces:HSG13
1907,Streptomyces glaucescens,1883:43,True,Streptomyces:HSG43
1908,Streptomyces globisporus,1883:3,False,Streptomyces:HSG3
1911,Streptomyces griseus,1883:3,False,Streptomyces:HSG3
1914,Streptomyces lavendulae,1883:3,False,Streptomyces:HSG3
1915,Streptomyces lincolnensis,1883:22,False,Streptomyces:HSG22
1916,Streptomyces lividans,1883:22,False,Streptomyces:HSG22
1919,Streptomyces microflavus,1883:3,False,Streptomyces:HSG3
1920,Streptomyces nigrescens,1883:1,False,Streptomyces:HSG1
1923,Streptomyces phaeochromogenes,1883:7,False,Streptomyces:HSG7
1927,Streptomyces rimosus,1883:1,False,Streptomyces:HSG1
1928,Streptomyces rochei,1883:22,False,Streptomyces:HSG22
1930,Streptomyces scabiei,1883:0,False,Streptomyces:HSG0
1932,Streptomyces tendae,1883:22,False,Streptomyces:HSG22
1935,Streptomyces violaceoruber,1883:22,False,Streptomyces:HSG22
1936,Streptomyces violaceus,1883:22,False,Streptomyces:HSG22
1940,Streptomyces albireticuli,1883:4,False,Streptomyces:HSG4
1942,Streptomyces goshikiensis,1883:3,False,Streptomyces:HSG3
1950,Streptomyces peucetius,1883:24,False,Streptomyces:HSG24
1960,Streptomyces vinaceus,1883:3,False,Streptomyces:HSG3
1967,Streptomyces kanamyceticus,1883:9,False,Streptomyces:HSG9
1969,Streptomyces chartreusis,1883:22,False,Streptomyces:HSG22
1971,Streptomyces noursei,1883:1,False,Streptomyces:HSG1
28894,Streptomyces nitrosporeus,1883:3,False,Streptomyces:HSG3
33899,Streptomyces galilaeus,1883:22,False,Streptomyces:HSG22
33900,Streptomyces murinus,1883:14,False,Streptomyces:HSG14
33903,Streptomyces avermitilis,1883:22,False,Streptomyces:HSG22
35620,Streptomyces hirsutus,1883:46,False,Streptomyces:HSG46
35621,Streptomyces mobaraensis,1883:4,False,Streptomyces:HSG4
36818,Streptomyces subrutilus,1883:3,False,Streptomyces:HSG3
38300,Streptomyces pristinaespiralis,1883:24,False,Streptomyces:HSG24
40318,Streptomyces nodosus,1883:33,True,Streptomyces:HSG33
42239,Streptomyces sampsonii,1883:22,False,Streptomyces:HSG22
42684,Streptomyces collinus,1883:22,False,Streptomyces:HSG22
42881,Streptomyces chromofuscus,1883:12,False,Streptomyces:HSG12
45398,Streptomyces griseoviridis,1883:22,False,Streptomyces:HSG22
47716,Streptomyces olivaceus,1883:22,False,Streptomyces:HSG22
47759,Streptomyces tubercidicus,1883:1,False,Streptomyces:HSG1
47760,Streptomyces aurantiacus,1883:6,False,Streptomyces:HSG6
47763,Streptomyces lydicus,1883:1,False,Streptomyces:HSG1
53451,Streptomyces rutgersensis,1883:22,False,Streptomyces:HSG22
54571,Streptomyces venezuelae,1883:10,False,Streptomyces:HSG10
58343,Streptomyces canus,1883:22,False,Streptomyces:HSG22
58346,Streptomyces platensis,1883:1,False,Streptomyces:HSG1
66374,Streptomyces nojiriensis,1883:3,False,Streptomyces:HSG3
66425,Streptomyces luteoverticillatus,1883:4,False,Streptomyces:HSG4
66428,Streptomyces parvus,1883:3,False,Streptomyces:HSG3
66871,Streptomyces aureoverticillatus,1883:27,True,Streptomyces:HSG27
66883,Streptomyces cyaneofuscatus,1883:3,False,Streptomyces:HSG3
66892,Streptomyces gardneri,1883:10,False,Streptomyces:HSG10
67258,Streptomyces cavourensis,1883:3,False,Streptomyces:HSG3
67260,Streptomyces cinereoruber,1883:10,False,Streptomyces:HSG10
67267,Streptomyces alboflavus,1883:20,False,Streptomyces:HSG20
67280,Streptomyces bobili,1883:22,False,Streptomyces:HSG22
67282,Streptomyces calvus,1883:22,False,Streptomyces:HSG22
67287,Streptomyces cinnabarinus,1883:54,True,Streptomyces:HSG54
67294,Streptomyces filamentosus,1883:3,False,Streptomyces:HSG3
67296,Streptomyces finlayi,1883:3,False,Streptomyces:HSG3
67304,Streptomyces griseorubiginosus,1883:53,True,Streptomyces:HSG53
67305,Streptomyces hawaiiensis,1883:22,False,Streptomyces:HSG22
67308,Streptomyces janthinus,1883:22,False,Streptomyces:HSG22
67326,Streptomyces melanogenes,1883:3,False,Streptomyces:HSG3
67345,Streptomyces prasinus,1883:46,False,Streptomyces:HSG46
67350,Streptomyces pseudovenezuelae,1883:22,False,Streptomyces:HSG22
67351,Streptomyces californicus,1883:3,False,Streptomyces:HSG3
67367,Streptomyces tanashiensis,1883:10,False,Streptomyces:HSG10
67384,Streptomyces xanthochromogenes,1883:3,False,Streptomyces:HSG3
67385,Streptomyces xanthophaeus,1883:3,False,Streptomyces:HSG3
67581,Streptomyces viridosporus,1883:47,True,Streptomyces:HSG47
68043,Streptomyces libani,1883:1,False,Streptomyces:HSG1
68174,Streptomyces anthocyanicus,1883:22,False,Streptomyces:HSG22
68175,Streptomyces antimycoticus,1883:5,False,Streptomyces:HSG5
68179,Streptomyces bacillaris,1883:3,False,Streptomyces:HSG3
68188,Streptomyces clavifer,1883:3,False,Streptomyces:HSG3
68192,Streptomyces cyaneogriseus,1883:42,False,Streptomyces:HSG42
68200,Streptomyces flavofungini,1883:20,False,Streptomyces:HSG20
68203,Streptomyces fungicidicus,1883:22,False,Streptomyces:HSG22
68209,Streptomyces globosus,1883:10,False,Streptomyces:HSG10
68212,Streptomyces graminofaciens,1883:44,True,Streptomyces:HSG44
68214,Streptomyces griseochromogenes,1883:22,False,Streptomyces:HSG22
68219,Streptomyces iakyrus,1883:22,False,Streptomyces:HSG22
68231,Streptomyces longwoodensis,1883:22,False,Streptomyces:HSG22
68233,Streptomyces luteogriseus,1883:22,False,Streptomyces:HSG22
68239,Streptomyces mirabilis,1883:9,False,Streptomyces:HSG9
68246,Streptomyces olivoreticuli,1883:4,False,Streptomyces:HSG4
68249,Streptomyces pactum,1883:22,False,Streptomyces:HSG22
68270,Streptomyces spectabilis,1883:40,True,Streptomyces:HSG40
68274,Streptomyces tauricus,1883:6,False,Streptomyces:HSG6
68278,Streptomyces tuirus,1883:22,False,Streptomyces:HSG22
68280,Streptomyces violaceusniger,1883:5,False,Streptomyces:HSG5
68286,Streptomyces zaomyceticus,1883:10,False,Streptomyces:HSG10
73044,Streptomyces seoulensis,1883:32,True,Streptomyces:HSG32
75293,Streptomyces autolyticus,1883:5,False,Streptomyces:HSG5
80860,Streptomyces cyanogenus,1883:52,True,Streptomyces:HSG52
83656,Streptomyces tsukubensis,1883:8,False,Streptomyces:HSG8
92644,Streptomyces malaysiensis,1883:5,False,Streptomyces:HSG5
114686,Streptomyces phaeoluteigriseus,1883:22,False,Streptomyces:HSG22
114687,Streptomyces auratus,1883:1,False,Streptomyces:HSG1
116188,Streptomyces coeruleorubidus,1883:22,False,Streptomyces:HSG22
132473,Streptomyces alboniger,1883:22,False,Streptomyces:HSG22
146819,Streptomyces europaeiscabiei,1883:0,False,Streptomyces:HSG0
146922,Streptomyces griseofuscus,1883:14,False,Streptomyces:HSG14
146923,Streptomyces parvulus,1883:22,False,Streptomyces:HSG22
155177,Streptomyces yatensis,1883:5,False,Streptomyces:HSG5
156453,Streptomyces yunnanensis,1883:1,False,Streptomyces:HSG1
173860,Streptomyces rectiverticillatus,1883:4,False,Streptomyces:HSG4
188770,Streptomyces koyangensis,1883:22,False,Streptomyces:HSG22
193462,Streptomyces niveus,1883:26,True,Streptomyces:HSG26
202862,Streptomyces drozdowiczii,1883:3,False,Streptomyces:HSG3
235987,Streptomyces jietaisiensis,1883:35,True,Streptomyces:HSG35
249567,Streptomyces decoyicus,1883:1,False,Streptomyces:HSG1
249586,Streptomyces asoensis,1883:22,False,Streptomyces:HSG22
284035,Streptomyces lienomycini,1883:22,False,Streptomyces:HSG22
285473,Streptomyces rubrolavendulae,1883:13,False,Streptomyces:HSG13
285557,Streptomyces caniferus,1883:1,False,Streptomyces:HSG1
285562,Streptomyces coelicoflavus,1883:22,False,Streptomyces:HSG22
285574,Streptomyces erythrochromogenes,1883:10,False,Streptomyces:HSG10
285578,Streptomyces angustmyceticus,1883:1,False,Streptomyces:HSG1
319947,Streptomyces durmitorensis,1883:9,False,Streptomyces:HSG9
362257,Streptomyces vietnamensis,1883:10,False,Streptomyces:HSG10
379067,Streptomyces bingchenggensis,1883:25,False,Streptomyces:HSG25
408015,Streptomyces xiamenensis,1883:51,True,Streptomyces:HSG51
424188,Streptomyces deccanensis,1883:0,False,Streptomyces:HSG0
452529,Streptomyces scopuliridis,1883:3,False,Streptomyces:HSG3
476552,Streptomyces milbemycinicus,1883:25,False,Streptomyces:HSG25
553510,Streptomyces gilvosporeus,1883:1,False,Streptomyces:HSG1
887462,Streptomyces brevispora,1883:3,False,Streptomyces:HSG3
887464,Streptomyces laculatispora,1883:3,False,Streptomyces:HSG3
1038928,Streptomyces xinghaiensis,1883:21,True,Streptomyces:HSG21
1048205,Streptomyces uncialis,1883:31,True,Streptomyces:HSG31
1077946,Streptomyces hundungensis,1883:3,False,Streptomyces:HSG3
1169025,Streptomyces pratensis,1883:3,False,Streptomyces:HSG3
1176198,Streptomyces harbinensis,1883:34,True,Streptomyces:HSG34
1226757,Streptomyces rapamycinicus,1883:5,False,Streptomyces:HSG5
1355015,Streptomyces pluripotens,1883:12,False,Streptomyces:HSG12
1413221,Streptomyces ferrugineus,1883:38,True,Streptomyces:HSG38
1437453,Streptomyces leeuwenhoekii,1883:42,False,Streptomyces:HSG42
1442032,Streptomyces dangxiongensis,1883:50,True,Streptomyces:HSG50
1464011,[Kitasatospora] papulosa,1883:3,False,Streptomyces:HSG3
1535768,Streptomyces lunaelactis,1883:3,False,Streptomyces:HSG3
1546107,Streptomyces lydicamycinicus,1883:1,False,Streptomyces:HSG1
1616117,Streptomyces formicae,1883:3,False,Streptomyces:HSG3
1642299,Streptomyces alfalfae,1883:36,True,Streptomyces:HSG36
1648182,Streptomyces yangpuensis,1883:10,False,Streptomyces:HSG10
1690221,Streptomyces spongiicola,1883:23,False,Streptomyces:HSG23
1783515,Streptomyces qaidamensis,1883:22,False,Streptomyces:HSG22
1827580,Streptomyces nigra,1883:22,False,Streptomyces:HSG22
1854574,Streptomyces huasconensis,1883:30,True,Streptomyces:HSG30
1904616,Streptomyces fodineus,1883:11,False,Streptomyces:HSG11
1929477,Streptomyces solisilvae,1883:5,False,Streptomyces:HSG5
1977088,Streptomyces ficellus,1883:2,False,Streptomyces:HSG2
2049881,Streptomyces dengpaensis,1883:45,True,Streptomyces:HSG45
2174846,Streptomyces tirandamycinicus,1883:23,False,Streptomyces:HSG23
2184053,Streptomyces cadmiisoli,1883:22,False,Streptomyces:HSG22
2282738,Streptomyces paludis,1883:3,False,Streptomyces:HSG3
2293571,Streptomyces inhibens,1883:1,False,Streptomyces:HSG1
2496836,Streptomyces cyaneochromogenes,1883:22,False,Streptomyces:HSG22
2508722,Streptomyces roseicoloratus,1883:10,False,Streptomyces:HSG10
2548456,Streptomyces aquilus,1883:22,False,Streptomyces:HSG22
2599401,Streptomyces qinzhouensis,1883:8,False,Streptomyces:HSG8
2653200,Streptomyces phaeolivaceus,1883:0,False,Streptomyces:HSG0
2662397,Streptomyces fagopyri,1883:9,False,Streptomyces:HSG9
2686304,Streptomyces broussonetiae,1883:11,False,Streptomyces:HSG11
2710756,Streptomyces bathyalis,1883:41,True,Streptomyces:HSG41
2717324,Streptomyces liangshanensis,1883:15,True,Streptomyces:HSG15
2726118,Streptomyces argyrophyllae,1883:22,False,Streptomyces:HSG22
2746961,Streptomyces caniscabiei,1883:0,False,Streptomyces:HSG0
2763006,Streptomyces buecherae,1883:4,False,Streptomyces:HSG4
2768066,Streptomyces roseirectus,1883:19,True,Streptomyces:HSG19
2768068,Streptomyces genisteinicus,1883:4,False,Streptomyces:HSG4
2768069,Streptomyces xanthii,1883:48,True,Streptomyces:HSG48
2797636,Streptomyces liliifuscus,1883:7,False,Streptomyces:HSG7
2811104,Streptomyces durocortorensis,1883:3,False,Streptomyces:HSG3
2838015,Streptomyces koelreuteriae,1883:22,False,Streptomyces:HSG22
2865673,Streptomyces akebiae,1883:0,False,Streptomyces:HSG0
2867410,Streptomyces profundus,1883:49,True,Streptomyces:HSG49
2875706,Streptomyces gobiensis,1883:37,True,Streptomyces:HSG37
2878388,Streptomyces marincola,1883:17,True,Streptomyces:HSG17
2879846,Streptomyces halobius,1883:1,False,Streptomyces:HSG1
2880933,Streptomyces longhuiensis,1883:9,False,Streptomyces:HSG9
2906474,Streptomyces spinosirectus,1883:16,True,Streptomyces:HSG16
2923272,Streptomyces tubbatahanensis,1883:29,True,Streptomyces:HSG29
2964669,Streptomyces changanensis,1883:2,False,Streptomyces:HSG2
2981134,Streptomyces cynarae,1883:18,True,Streptomyces:HSG18
2991496,Streptomyces endophytica,1883:1,False,Streptomyces:HSG1
3004093,Streptomyces camelliae,1883:11,False,Streptomyces:HSG11
3026192,Streptomyces luomodiensis,1883:5,False,Streptomyces:HSG5
3031124,Streptomyces cathayae,1883:28,True,Streptomyces:HSG28
3051092,Streptomyces vilmorinianum,1883:10,False,Streptomyces:HSG10
40223,Methylophaga thalassica,40222:2,True,Methylophaga:HSG2
45495,Methylophaga marina,40222:3,True,Methylophaga:HSG3
754476,Methylophaga nitratireducenticrescens,40222:4,True,Methylophaga:HSG4
754477,Methylophaga frappieri,40222:1,True,Methylophaga:HSG1
2881052,Methylophaga pinxianii,40222:0,True,Methylophaga:HSG0
28264,Arcanobacterium haemolyticum,28263:5,True,Arcanobacterium:HSG5
999183,Arcanobacterium canis,28263:2,True,Arcanobacterium:HSG2
1302235,Arcanobacterium phocisimile,28263:3,True,Arcanobacterium:HSG3
1503041,Arcanobacterium pinnipediorum,28263:4,True,Arcanobacterium:HSG4
1803177,Arcanobacterium wilhelmae,28263:1,True,Arcanobacterium:HSG1
2722751,Arcanobacterium buesumense,28263:0,True,Arcanobacterium:HSG0
189381,Rossellomorea marisflavi,2837508:1,True,Rossellomorea:HSG1
189382,Rossellomorea aquimaris,2837508:0,False,Rossellomorea:HSG0
218284,Rossellomorea vietnamensis,2837508:0,False,Rossellomorea:HSG0
905,Acidaminococcus fermentans,904:1,True,Acidaminococcus:HSG1
187327,Acidaminococcus intestini,904:0,True,Acidaminococcus:HSG0
2497861,Billgrantia tianxiuensis,3137761:0,False,Billgrantia:HSG0
2733484,Billgrantia sulfidoxydans,3137761:0,False,Billgrantia:HSG0
37929,Glutamicibacter nicotianae,1742989:0,False,Glutamicibacter:HSG0
37930,Glutamicibacter protophormiae,1742989:2,True,Glutamicibacter:HSG2
162496,Glutamicibacter creatinolyticus,1742989:1,True,Glutamicibacter:HSG1
256701,Glutamicibacter arilaitensis,1742989:0,False,Glutamicibacter:HSG0
257984,Glutamicibacter mysorens,1742989:0,False,Glutamicibacter:HSG0
1775880,Glutamicibacter mishrai,1742989:0,False,Glutamicibacter:HSG0
1933880,Glutamicibacter halophytocola,1742989:0,False,Glutamicibacter:HSG0
36854,Desulfitobacterium dehalogenans,36853:3,True,Desulfitobacterium:HSG3
49338,Desulfitobacterium hafniense,36853:1,True,Desulfitobacterium:HSG1
142877,Desulfitobacterium metallireducens,36853:2,True,Desulfitobacterium:HSG2
233055,Desulfitobacterium dichloroeliminans,36853:0,True,Desulfitobacterium:HSG0
714,Aggregatibacter actinomycetemcomitans,416916:1,True,Aggregatibacter:HSG1
732,Aggregatibacter aphrophilus,416916:2,True,Aggregatibacter:HSG2
739,Aggregatibacter segnis,416916:0,True,Aggregatibacter:HSG0
101534,Candidatus Blochmanniella pennsylvanica,203804:0,False,Candidatus Blochmanniella:HSG0
108080,Candidatus Blochmanniella camponoti,203804:4,True,Candidatus Blochmanniella:HSG4
251535,Candidatus Blochmanniella vafra,203804:3,True,Candidatus Blochmanniella:HSG3
251538,Candidatus Blochmannia ocreatus,203804:2,True,Candidatus Blochmanniella:HSG2
251540,Candidatus Blochmannia vicinus,203804:1,True,Candidatus Blochmanniella:HSG1
251542,Candidatus Blochmanniella chromaiodes,203804:0,False,Candidatus Blochmanniella:HSG0
1017,Capnocytophaga gingivalis,1016:7,True,Capnocytophaga:HSG7
1018,Capnocytophaga ochracea,1016:6,True,Capnocytophaga:HSG6
1019,Capnocytophaga sputigena,1016:4,True,Capnocytophaga:HSG4
28188,Capnocytophaga canimorsus,1016:3,True,Capnocytophaga:HSG3
28189,Capnocytophaga cynodegmi,1016:0,False,Capnocytophaga:HSG0
45243,Capnocytophaga haemolytica,1016:5,True,Capnocytophaga:HSG5
327575,Capnocytophaga leadbetteri,1016:1,True,Capnocytophaga:HSG1
1848904,Capnocytophaga stomatis,1016:0,False,Capnocytophaga:HSG0
2708117,Capnocytophaga endodontalis,1016:2,True,Capnocytophaga:HSG2
2109914,Ottowia oryzae,219181:1,True,Ottowia:HSG1
2816950,Ottowia testudinis,219181:0,True,Ottowia:HSG0
69,Lysobacter enzymogenes,68:1,False,Lysobacter:HSG1
84531,Lysobacter antibioticus,68:0,False,Lysobacter:HSG0
262324,Lysobacter gummosus,68:0,False,Lysobacter:HSG0
435897,Lysobacter capsici,68:0,False,Lysobacter:HSG0
453783,Lysobacter soli,68:4,False,Lysobacter:HSG4
1003114,Lysobacter yananisis,68:1,False,Lysobacter:HSG1
1605891,Lysobacter maris,68:9,True,Lysobacter:HSG9
2591633,Lysobacter alkalisoli,68:8,True,Lysobacter:HSG8
2675059,Lysobacter helvus,68:10,False,Lysobacter:HSG10
2675101,Lysobacter caseinilyticus,68:10,False,Lysobacter:HSG10
2698682,Lysobacter oculi,68:7,True,Lysobacter:HSG7
2763317,Lysobacter solisilvae,68:6,True,Lysobacter:HSG6
2781022,Lysobacter ciconiae,68:2,False,Lysobacter:HSG2
2781023,Lysobacter avium,68:2,False,Lysobacter:HSG2
2795387,Lysobacter arenosi,68:11,True,Lysobacter:HSG11
2822368,Lysobacter luteus,68:5,True,Lysobacter:HSG5
2865112,Lysobacter terrestris,68:3,True,Lysobacter:HSG3
2992573,Lysobacter auxotrophicus,68:4,False,Lysobacter:HSG4
323450,Pontibacter actiniarum,323449:4,True,Pontibacter:HSG4
388950,Pontibacter akesuensis,323449:3,True,Pontibacter:HSG3
400092,Pontibacter korlensis,323449:5,True,Pontibacter:HSG5
2592049,Pontibacter kalidii,323449:1,True,Pontibacter:HSG1
2694929,Pontibacter russatus,323449:2,True,Pontibacter:HSG2
2694930,Pontibacter pudoricolor,323449:0,True,Pontibacter:HSG0
2674997,Tellurirhabdus rosea,2674996:1,True,Tellurirhabdus:HSG1
2907205,Tellurirhabdus bombi,2674996:0,True,Tellurirhabdus:HSG0
208226,Alkaliphilus metalliredigens,114627:1,True,Alkaliphilus:HSG1
461876,Alkaliphilus oremlandii,114627:0,True,Alkaliphilus:HSG0
1395951,Pararhizobium gei,1612611:1,True,Pararhizobium:HSG1
3031126,Pararhizobium qamdonense,1612611:0,True,Pararhizobium:HSG0
28232,Geobacter metallireducens,28231:3,True,Geobacter:HSG3
35554,Geobacter sulfurreducens,28231:2,True,Geobacter:HSG2
345632,Geobacter pickeringii,28231:1,True,Geobacter:HSG1
2815309,Geobacter benzoatilyticus,28231:0,True,Geobacter:HSG0
538382,Pelagerythrobacter marinus,2800685:1,True,Pelagerythrobacter:HSG1
543877,Pelagerythrobacter marensis,2800685:0,True,Pelagerythrobacter:HSG0
1618,Liquorilactobacillus mali,2767888:0,False,Liquorilactobacillus:HSG0
82688,Liquorilactobacillus nagelii,2767888:1,True,Liquorilactobacillus:HSG1
468911,Liquorilactobacillus hordei,2767888:0,False,Liquorilactobacillus:HSG0
1229727,Salipiger profundus,263377:1,True,Salipiger:HSG1
1250539,Salipiger abyssi,263377:0,True,Salipiger:HSG0
2483799,Georgenia faecalis,154116:2,True,Georgenia:HSG2
2585135,Georgenia wutianyii,154116:1,True,Georgenia:HSG1
2589797,Georgenia yuyongxinii,154116:0,True,Georgenia:HSG0
161493,Anaeromyxobacter dehalogenans,161492:2,True,Anaeromyxobacter:HSG2
2918170,Anaeromyxobacter oryzae,161492:1,True,Anaeromyxobacter:HSG1
2918171,Anaeromyxobacter paludicola,161492:0,True,Anaeromyxobacter:HSG0
28135,Segatella oris,2974251:2,True,Segatella:HSG2
77095,Segatella bryantii,2974251:0,False,Segatella:HSG0
165179,Segatella copri,2974251:3,True,Segatella:HSG3
305719,Segatella baroniae,2974251:0,False,Segatella:HSG0
2518605,Segatella hominis,2974251:1,True,Segatella:HSG1
1741,Thermodesulfobacterium commune,1740:1,True,Thermodesulfobacterium:HSG1
1295609,Thermodesulfobacterium geofontis,1740:0,True,Thermodesulfobacterium:HSG0
81479,Rhodoferax antarcticus,28065:4,True,Rhodoferax:HSG4
192843,Rhodoferax ferrireducens,28065:7,True,Rhodoferax:HSG7
1484693,Rhodoferax saidenbachensis,28065:6,True,Rhodoferax:HSG6
1842727,Rhodoferax koreense,28065:3,True,Rhodoferax:HSG3
2509614,Rhodoferax sediminis,28065:5,True,Rhodoferax:HSG5
2527691,Rhodoferax aquaticus,28065:2,True,Rhodoferax:HSG2
2798804,Rhodoferax lithotrophicus,28065:1,True,Rhodoferax:HSG1
3068341,Rhodoferax mekongensis,28065:0,True,Rhodoferax:HSG0
29575,Taylorella equigenitalis,29574:1,True,Taylorella:HSG1
84590,Taylorella asinigenitalis,29574:0,True,Taylorella:HSG0
214856,Alistipes finegoldii,239759:8,True,Alistipes:HSG8
328813,Alistipes onderdonkii,239759:5,True,Alistipes:HSG5
328814,Alistipes shahii,239759:7,True,Alistipes:HSG7
626932,Alistipes indistinctus,239759:3,True,Alistipes:HSG3
1288121,Alistipes senegalensis,239759:6,True,Alistipes:HSG6
1470347,Alistipes ihumii,239759:4,True,Alistipes:HSG4
2364787,Alistipes megaguti,239759:1,True,Alistipes:HSG1
2585118,Alistipes communis,239759:2,True,Alistipes:HSG2
2585119,Alistipes dispar,239759:0,True,Alistipes:HSG0
470,Acinetobacter baumannii,469:30,True,Acinetobacter:HSG30
471,Acinetobacter calcoaceticus,469:1,False,Acinetobacter:HSG1
28090,Acinetobacter lwoffii,469:31,True,Acinetobacter:HSG31
29430,Acinetobacter haemolyticus,469:0,False,Acinetobacter:HSG0
40214,Acinetobacter johnsonii,469:0,False,Acinetobacter:HSG0
40215,Acinetobacter junii,469:27,True,Acinetobacter:HSG27
40216,Acinetobacter radioresistens,469:19,True,Acinetobacter:HSG19
48296,Acinetobacter pittii,469:1,False,Acinetobacter:HSG1
70346,Acinetobacter variabilis,469:23,True,Acinetobacter:HSG23
70348,Acinetobacter dispersus,469:20,True,Acinetobacter:HSG20
106648,Acinetobacter bereziniae,469:3,False,Acinetobacter:HSG3
106649,Acinetobacter guillouiae,469:3,False,Acinetobacter:HSG3
106654,Acinetobacter nosocomialis,469:1,False,Acinetobacter:HSG1
108980,Acinetobacter ursingii,469:15,True,Acinetobacter:HSG15
108981,Acinetobacter schindleri,469:9,True,Acinetobacter:HSG9
202950,Acinetobacter baylyi,469:22,True,Acinetobacter:HSG22
202951,Acinetobacter bouvetii,469:0,False,Acinetobacter:HSG0
202956,Acinetobacter towneri,469:21,True,Acinetobacter:HSG21
280145,Acinetobacter colistiniresistens,469:26,True,Acinetobacter:HSG26
487316,Acinetobacter soli,469:16,True,Acinetobacter:HSG16
756892,Acinetobacter indicus,469:10,True,Acinetobacter:HSG10
1148157,Acinetobacter oleivorans,469:1,False,Acinetobacter:HSG1
1324350,Acinetobacter equi,469:18,True,Acinetobacter:HSG18
1530123,Acinetobacter seifertii,469:1,False,Acinetobacter:HSG1
1776741,Acinetobacter proteolyticus,469:17,True,Acinetobacter:HSG17
1776742,Acinetobacter vivianii,469:25,True,Acinetobacter:HSG25
1785128,Acinetobacter lactucae,469:1,False,Acinetobacter:HSG1
1789224,Acinetobacter larvae,469:8,True,Acinetobacter:HSG8
1839785,Acinetobacter portensis,469:12,True,Acinetobacter:HSG12
1871111,Acinetobacter defluvii,469:7,True,Acinetobacter:HSG7
1879050,Acinetobacter wuhouensis,469:24,True,Acinetobacter:HSG24
2004650,Acinetobacter chinensis,469:29,True,Acinetobacter:HSG29
2006115,Acinetobacter piscicola,469:28,True,Acinetobacter:HSG28
2053287,Acinetobacter pseudolwoffii,469:4,True,Acinetobacter:HSG4
2136182,Acinetobacter cumulans,469:11,True,Acinetobacter:HSG11
2609668,Acinetobacter suaedae,469:13,True,Acinetobacter:HSG13
2662362,Acinetobacter wanghuae,469:14,True,Acinetobacter:HSG14
2715163,Acinetobacter lanii,469:5,True,Acinetobacter:HSG5
2715164,Acinetobacter shaoyimingii,469:6,True,Acinetobacter:HSG6
2943497,Acinetobacter tibetensis,469:2,True,Acinetobacter:HSG2
511,Alcaligenes faecalis,507:0,False,Alcaligenes:HSG0
323284,Alcaligenes aquatilis,507:0,False,Alcaligenes:HSG0
2582914,Alcaligenes ammonioxydans,507:0,False,Alcaligenes:HSG0
779,Ehrlichia ruminantium,943:3,True,Ehrlichia:HSG3
944,Ehrlichia canis,943:2,True,Ehrlichia:HSG2
945,Ehrlichia chaffeensis,943:4,True,Ehrlichia:HSG4
35795,Ehrlichia muris,943:1,True,Ehrlichia:HSG1
391036,Ehrlichia japonica,943:0,True,Ehrlichia:HSG0
47421,Hydrogenophaga pseudoflava,47420:3,True,Hydrogenophaga:HSG3
65656,Hydrogenophaga taeniospiralis,47420:2,True,Hydrogenophaga:HSG2
1763535,Hydrogenophaga crassostreae,47420:1,True,Hydrogenophaga:HSG1
2716225,Hydrogenophaga crocea,47420:0,True,Hydrogenophaga:HSG0
105841,Anaerostipes caccae,207244:2,True,Anaerostipes:HSG2
649756,Anaerostipes hadrus,207244:1,True,Anaerostipes:HSG1
1229621,Anaerostipes rhamnosivorans,207244:0,True,Anaerostipes:HSG0
549,Pantoea agglomerans,53335:0,False,Pantoea:HSG0
553,Pantoea ananatis,53335:0,False,Pantoea:HSG0
59814,Pantoea dispersa,53335:1,False,Pantoea:HSG1
66269,Pantoea stewartii,53335:7,True,Pantoea:HSG7
470931,Pantoea anthophila,53335:0,False,Pantoea:HSG0
470932,Pantoea deleyi,53335:0,False,Pantoea:HSG0
470933,Pantoea eucalypti,53335:0,False,Pantoea:HSG0
470934,Pantoea vagans,53335:0,False,Pantoea:HSG0
472693,Pantoea eucrina,53335:6,True,Pantoea:HSG6
1076550,Pantoea rwandensis,53335:3,True,Pantoea:HSG3
1235990,Candidatus Pantoea carbekii,53335:4,True,Pantoea:HSG4
1891675,Pantoea alhagi,53335:5,True,Pantoea:HSG5
2364647,Pantoea piersonii,53335:2,True,Pantoea:HSG2
3074822,Pantoea alfalfae,53335:0,False,Pantoea:HSG0
3098669,Candidatus Pantoea soli,53335:1,False,Pantoea:HSG1
1515,Acetivibrio thermocellus,35829:2,True,Acetivibrio:HSG2
288965,Acetivibrio clariflavus,35829:1,True,Acetivibrio:HSG1
1677857,Acetivibrio saccincola,35829:0,True,Acetivibrio:HSG0
60035,Citrifermentans bremense,2883512:0,False,Citrifermentans:HSG0
225194,Citrifermentans bemidjiense,2883512:0,False,Citrifermentans:HSG0
95641,Methylotuvimicrobium buryatense,2822410:1,True,Methylotuvimicrobium:HSG1
271065,Methylotuvimicrobium alcaliphilum,2822410:0,True,Methylotuvimicrobium:HSG0
122,Gimesia maris,1649453:1,True,Gimesia:HSG1
2527978,Gimesia panareensis,1649453:2,True,Gimesia:HSG2
2608982,Gimesia benthica,1649453:0,True,Gimesia:HSG0
394733,Parasphingorhabdus litoris,2709685:2,True,Parasphingorhabdus:HSG2
2725558,Parasphingorhabdus halotolerans,2709685:1,True,Parasphingorhabdus:HSG1
2806553,Parasphingorhabdus cellanae,2709685:0,True,Parasphingorhabdus:HSG0
2035,Curtobacterium flaccumfaciens,2034:0,False,Curtobacterium:HSG0
2036,Curtobacterium citreum,2034:0,False,Curtobacterium:HSG0
159612,Curtobacterium poinsettiae,2034:0,False,Curtobacterium:HSG0
277,Meiothermus ruber,65551:0,False,Meiothermus:HSG0
172827,Meiothermus taiwanensis,65551:0,False,Meiothermus:HSG0
1737446,Chitinibacter fontanus,230666:0,False,Chitinibacter:HSG0
2739434,Chitinibacter bivalviorum,230666:0,False,Chitinibacter:HSG0
1322,Blautia hansenii,572511:6,True,Blautia:HSG6
1532,Blautia coccoides,572511:0,False,Blautia:HSG0
33035,Blautia producta,572511:0,False,Blautia:HSG0
40520,Blautia obeum,572511:7,True,Blautia:HSG7
53443,Blautia hydrogenotrophica,572511:5,True,Blautia:HSG5
89014,Blautia luti,572511:10,True,Blautia:HSG10
418240,Blautia wexlerae,572511:2,True,Blautia:HSG2
1737424,Blautia massiliensis (ex Durand et al. 2017),572511:8,True,Blautia:HSG8
1796616,Blautia pseudococcoides,572511:3,True,Blautia:HSG3
1912897,Blautia argi,572511:9,True,Blautia:HSG9
2779518,Blautia liquoris,572511:4,True,Blautia:HSG4
2877527,Blautia parvula,572511:1,True,Blautia:HSG1
1196095,Gilliamella apicola,1193503:0,False,Gilliamella:HSG0
1970738,Gilliamella apis,1193503:0,False,Gilliamella:HSG0
2434,Roseobacter denitrificans,2433:2,True,Roseobacter:HSG2
42443,Roseobacter litoralis,2433:1,True,Roseobacter:HSG1
1891787,Roseobacter ponti,2433:0,True,Roseobacter:HSG0
708126,Jeotgalibaca dankookensis,1470540:2,True,Jeotgalibaca:HSG2
1868793,Jeotgalibaca porci,1470540:3,True,Jeotgalibaca:HSG3
1868794,Jeotgalibaca arthritidis,1470540:1,True,Jeotgalibaca:HSG1
2496265,Jeotgalibaca ciconiae,1470540:0,True,Jeotgalibaca:HSG0
1579,Lactobacillus acidophilus,1578:17,True,Lactobacillus:HSG17
1584,Lactobacillus delbrueckii,1578:11,True,Lactobacillus:HSG11
1587,Lactobacillus helveticus,1578:16,True,Lactobacillus:HSG16
1596,Lactobacillus gasseri,1578:0,False,Lactobacillus:HSG0
1600,Lactobacillus acetotolerans,1578:13,True,Lactobacillus:HSG13
1604,Lactobacillus amylovorus,1578:18,True,Lactobacillus:HSG18
33959,Lactobacillus johnsonii,1578:0,False,Lactobacillus:HSG0
47770,Lactobacillus crispatus,1578:12,True,Lactobacillus:HSG12
83683,Lactobacillus amylolyticus,1578:5,True,Lactobacillus:HSG5
109790,Lactobacillus jensenii,1578:9,True,Lactobacillus:HSG9
147802,Lactobacillus iners,1578:15,True,Lactobacillus:HSG15
151781,Lactobacillus intestinalis,1578:10,True,Lactobacillus:HSG10
227945,Lactobacillus ultunensis,1578:14,True,Lactobacillus:HSG14
267818,Lactobacillus kefiranofaciens,1578:6,True,Lactobacillus:HSG6
303541,Lactobacillus apis,1578:2,True,Lactobacillus:HSG2
508451,Lactobacillus taiwanensis,1578:0,False,Lactobacillus:HSG0
1218493,Lactobacillus kullabergensis,1578:7,True,Lactobacillus:HSG7
1218494,Lactobacillus helsingborgensis,1578:8,True,Lactobacillus:HSG8
2012495,Lactobacillus panisapium,1578:4,True,Lactobacillus:HSG4
2107999,Lactobacillus paragasseri,1578:0,False,Lactobacillus:HSG0
2269374,Lactobacillus terrae,1578:3,True,Lactobacillus:HSG3
2976676,Lactobacillus xylocopicola,1578:1,True,Lactobacillus:HSG1
2993455,Lactobacillus isalae,1578:0,False,Lactobacillus:HSG0
1472767,Lentibacillus amyloliquefaciens,175304:1,True,Lentibacillus:HSG1
2911514,Lentibacillus daqui,175304:0,True,Lentibacillus:HSG0
33050,Sphingopyxis macrogoltabida,165697:0,False,Sphingopyxis:HSG0
33052,Sphingopyxis terrae,165697:2,True,Sphingopyxis:HSG2
117207,Sphingopyxis alaskensis,165697:0,False,Sphingopyxis:HSG0
180400,Sphingopyxis chilensis,165697:0,False,Sphingopyxis:HSG0
267128,Sphingopyxis granuli,165697:3,True,Sphingopyxis:HSG3
436663,Sphingopyxis indica,165697:1,True,Sphingopyxis:HSG1
1515612,Sphingopyxis fribergensis,165697:0,False,Sphingopyxis:HSG0
847,Oxalobacter formigenes,846:2,True,Oxalobacter:HSG2
933080,Oxalobacter vibrioformis,846:1,True,Oxalobacter:HSG1
2946593,Oxalobacter aliiformigenes,846:0,True,Oxalobacter:HSG0
182710,Oceanobacillus iheyensis,182709:2,True,Oceanobacillus:HSG2
545501,Oceanobacillus oncorhynchi,182709:3,True,Oceanobacillus:HSG3
1462527,Oceanobacillus jeddahense,182709:1,True,Oceanobacillus:HSG1
2052660,Oceanobacillus zhaokaii,182709:0,True,Oceanobacillus:HSG0
1004,Chitinophaga sancti,79328:4,True,Chitinophaga:HSG4
79329,Chitinophaga pinensis,79328:7,True,Chitinophaga:HSG7
104663,Chitinophaga filiformis,79328:6,True,Chitinophaga:HSG6
2029983,Chitinophaga caeni,79328:3,True,Chitinophaga:HSG3
2703787,Chitinophaga agri,79328:1,True,Chitinophaga:HSG1
2725414,Chitinophaga oryzae,79328:5,True,Chitinophaga:HSG5
2849666,Chitinophaga pendula,79328:2,True,Chitinophaga:HSG2
2920382,Chitinophaga horti,79328:0,True,Chitinophaga:HSG0
1661,Trueperella pyogenes,1069494:4,True,Trueperella:HSG4
59561,Trueperella bernardiae,1069494:2,True,Trueperella:HSG2
312285,Trueperella bialowiezensis,1069494:3,True,Trueperella:HSG3
445930,Trueperella abortisuis,1069494:1,True,Trueperella:HSG1
2733571,Trueperella pecoris,1069494:0,True,Trueperella:HSG0
483,Neisseria cinerea,482:1,False,Neisseria:HSG1
484,Neisseria flavescens,482:0,False,Neisseria:HSG0
485,Neisseria gonorrhoeae,482:1,False,Neisseria:HSG1
486,Neisseria lactamica,482:17,True,Neisseria:HSG17
487,Neisseria meningitidis,482:1,False,Neisseria:HSG1
488,Neisseria mucosa,482:2,False,Neisseria:HSG2
490,Neisseria sicca,482:2,False,Neisseria:HSG2
492,Neisseria animalis,482:13,True,Neisseria:HSG13
493,Neisseria canis,482:15,True,Neisseria:HSG15
495,Neisseria elongata,482:11,True,Neisseria:HSG11
496,Neisseria macacae,482:2,False,Neisseria:HSG2
28091,Neisseria weaveri,482:18,True,Neisseria:HSG18
28449,Neisseria subflava,482:0,False,Neisseria:HSG0
33053,Neisseria perflava,482:0,False,Neisseria:HSG0
194197,Neisseria dentiae,482:12,True,Neisseria:HSG12
267212,Neisseria bacilliformis,482:19,True,Neisseria:HSG19
326522,Neisseria animaloris,482:21,True,Neisseria:HSG21
326523,Neisseria zoodegmatis,482:20,True,Neisseria:HSG20
607711,Neisseria wadsworthii,482:14,True,Neisseria:HSG14
607712,Neisseria shayeganii,482:16,True,Neisseria:HSG16
640030,Neisseria zalophi,482:9,True,Neisseria:HSG9
1470200,Neisseria arctica,482:7,True,Neisseria:HSG7
1815583,Neisseria musculi,482:8,True,Neisseria:HSG8
1853276,Neisseria weixii,482:22,True,Neisseria:HSG22
1853278,Neisseria chenwenguii,482:5,True,Neisseria:HSG5
1931275,Neisseria dumasiana,482:3,True,Neisseria:HSG3
2666100,Neisseria brasiliensis,482:10,True,Neisseria:HSG10
2709396,Neisseria yangbaofengii,482:4,True,Neisseria:HSG4
2912188,Neisseria lisongii,482:6,True,Neisseria:HSG6
524,Acidiphilium cryptum,522:0,False,Acidiphilium:HSG0
62140,Acidiphilium multivorum,522:0,False,Acidiphilium:HSG0
1757,Thermoanaerobacter ethanolicus,1754:4,True,Thermoanaerobacter:HSG4
2325,Thermoanaerobacter kivui,1754:3,True,Thermoanaerobacter:HSG3
29323,Thermoanaerobacter brockii,1754:0,False,Thermoanaerobacter:HSG0
46354,Thermoanaerobacter wiegelii,1754:5,True,Thermoanaerobacter:HSG5
108150,Thermoanaerobacter italicus,1754:2,True,Thermoanaerobacter:HSG2
496866,Thermoanaerobacter pseudethanolicus,1754:0,False,Thermoanaerobacter:HSG0
583357,Thermoanaerobacter mathranii,1754:1,True,Thermoanaerobacter:HSG1
617123,Lachnoanaerobaculum umeaense,1164882:1,True,Lachnoanaerobaculum:HSG1
2490855,Lachnoanaerobaculum gingivalis,1164882:0,True,Lachnoanaerobaculum:HSG0
1638,Listeria ivanovii,1637:0,False,Listeria:HSG0
1639,Listeria monocytogenes,1637:0,False,Listeria:HSG0
1640,Listeria seeligeri,1637:0,False,Listeria:HSG0
1641,Listeria grayi,1637:1,True,Listeria:HSG1
1642,Listeria innocua,1637:0,False,Listeria:HSG0
1643,Listeria welshimeri,1637:0,False,Listeria:HSG0
1006155,Listeria weihenstephanensis,1637:2,False,Listeria:HSG2
1497681,Listeria newyorkensis,1637:2,False,Listeria:HSG2
1488,Clostridium acetobutylicum,1485:1,False,Clostridium:HSG1
1491,Clostridium botulinum,1485:4,False,Clostridium:HSG4
1492,Clostridium butyricum,1485:28,True,Clostridium:HSG28
1493,Clostridium cellulovorans,1485:27,True,Clostridium:HSG27
1494,Clostridium cochlearium,1485:31,True,Clostridium:HSG31
1497,Clostridium formicaceticum,1485:30,True,Clostridium:HSG30
1501,Clostridium pasteurianum,1485:23,True,Clostridium:HSG23
1502,Clostridium perfringens,1485:20,True,Clostridium:HSG20
1504,Clostridium septicum,1485:0,False,Clostridium:HSG0
1509,Clostridium sporogenes,1485:4,False,Clostridium:HSG4
1513,Clostridium tetani,1485:22,True,Clostridium:HSG22
1519,Clostridium tyrobutyricum,1485:24,True,Clostridium:HSG24
1520,Clostridium beijerinckii,1485:2,False,Clostridium:HSG2
1529,Clostridium cadaveris,1485:19,True,Clostridium:HSG19
1534,Clostridium kluyveri,1485:21,True,Clostridium:HSG21
1538,Clostridium ljungdahlii,1485:9,False,Clostridium:HSG9
1542,Clostridium novyi,1485:15,True,Clostridium:HSG15
1548,Clostridium scatologenes,1485:3,False,Clostridium:HSG3
1561,Clostridium baratii,1485:11,True,Clostridium:HSG11
29341,Clostridium argentinense,1485:18,True,Clostridium:HSG18
36745,Clostridium saccharoperbutylacetonicum,1485:2,False,Clostridium:HSG2
36839,Clostridium felsineum,1485:1,False,Clostridium:HSG1
36845,Clostridium intestinale,1485:17,True,Clostridium:HSG17
46867,Clostridium chauvoei,1485:0,False,Clostridium:HSG0
84022,Clostridium aceticum,1485:13,True,Clostridium:HSG13
84023,Clostridium autoethanogenum,1485:9,False,Clostridium:HSG9
84032,Clostridium thermosuccinogenes,1485:16,True,Clostridium:HSG16
94869,Clostridium gasigenes,1485:10,True,Clostridium:HSG10
169679,Clostridium saccharobutylicum,1485:2,False,Clostridium:HSG2
182773,Clostridium isatidis,1485:25,True,Clostridium:HSG25
217159,Clostridium carboxidivorans,1485:3,False,Clostridium:HSG3
223919,Clostridium diolis,1485:2,False,Clostridium:HSG2
238834,Clostridium estertheticum,1485:29,True,Clostridium:HSG29
332101,Clostridium drakei,1485:3,False,Clostridium:HSG3
360422,Clostridium tagluense,1485:14,True,Clostridium:HSG14
394958,Clostridium taeniosporum,1485:26,True,Clostridium:HSG26
704125,Clostridium gelidum,1485:6,True,Clostridium:HSG6
1216932,Clostridium bornimense,1485:12,True,Clostridium:HSG12
1716543,Clostridium thermarum,1485:5,True,Clostridium:HSG5
2068654,Clostridium fermenticellae,1485:8,True,Clostridium:HSG8
2320868,Clostridium manihotivorum,1485:7,True,Clostridium:HSG7
594679,Allofrancisella guangzhouensis,1869285:1,True,Allofrancisella:HSG1
1085644,Allofrancisella frigidaquae,1869285:0,False,Allofrancisella:HSG0
1085647,Allofrancisella inopinata,1869285:0,False,Allofrancisella:HSG0
1550728,Blastomonas fulva,150203:1,True,Blastomonas:HSG1
1867408,Blastomonas marina,150203:0,True,Blastomonas:HSG0
1697,Corynebacterium ammoniagenes,1716:88,True,Corynebacterium:HSG88
1705,Corynebacterium stationis,1716:100,True,Corynebacterium:HSG100
1717,Corynebacterium diphtheriae,1716:4,False,Corynebacterium:HSG4
1718,Corynebacterium glutamicum,1716:29,False,Corynebacterium:HSG29
1719,Corynebacterium pseudotuberculosis,1716:18,False,Corynebacterium:HSG18
1721,Corynebacterium callunae,1716:64,True,Corynebacterium:HSG64
1724,Corynebacterium renale,1716:53,True,Corynebacterium:HSG53
1725,Corynebacterium xerosis,1716:3,False,Corynebacterium:HSG3
1727,Corynebacterium variabile,1716:90,True,Corynebacterium:HSG90
28028,Corynebacterium flavescens,1716:87,True,Corynebacterium:HSG87
35755,Corynebacterium kutscheri,1716:73,True,Corynebacterium:HSG73
35757,Corynebacterium cystitidis,1716:95,True,Corynebacterium:HSG95
36808,Corynebacterium bovis,1716:55,True,Corynebacterium:HSG55
37637,Corynebacterium pseudodiphtheriticum,1716:14,False,Corynebacterium:HSG14
38284,Corynebacterium accolens,1716:24,False,Corynebacterium:HSG24
38286,Corynebacterium afermentans,1716:11,False,Corynebacterium:HSG11
38288,Corynebacterium genitalium,1716:65,True,Corynebacterium:HSG65
38289,Corynebacterium jeikeium,1716:81,True,Corynebacterium:HSG81
38290,Corynebacterium macginleyi,1716:101,True,Corynebacterium:HSG101
38301,Corynebacterium minutissimum,1716:8,False,Corynebacterium:HSG8
38303,Corynebacterium pseudogenitalium,1716:97,True,Corynebacterium:HSG97
38304,Corynebacterium tuberculostearicum,1716:5,False,Corynebacterium:HSG5
38305,Corynebacterium vitaeruminis,1716:76,True,Corynebacterium:HSG76
39791,Corynebacterium glucuronolyticum,1716:58,True,Corynebacterium:HSG58
42817,Corynebacterium argentoratense,1716:57,True,Corynebacterium:HSG57
43765,Corynebacterium amycolatum,1716:85,True,Corynebacterium:HSG85
43768,Corynebacterium matruchotii,1716:51,True,Corynebacterium:HSG51
43769,Corynebacterium propinquum,1716:14,False,Corynebacterium:HSG14
43770,Corynebacterium striatum,1716:94,True,Corynebacterium:HSG94
43771,Corynebacterium urealyticum,1716:54,True,Corynebacterium:HSG54
43990,Corynebacterium segmentosum,1716:24,False,Corynebacterium:HSG24
44750,Corynebacterium auris,1716:89,True,Corynebacterium:HSG89
53374,Corynebacterium coyleae,1716:1,False,Corynebacterium:HSG1
61592,Corynebacterium durum,1716:63,True,Corynebacterium:HSG63
65058,Corynebacterium ulcerans,1716:18,False,Corynebacterium:HSG18
71254,Corynebacterium confusum,1716:66,True,Corynebacterium:HSG66
89154,Corynebacterium terpenotabidum,1716:44,True,Corynebacterium:HSG44
92706,[Brevibacterium] flavum,1716:29,False,Corynebacterium:HSG29
99807,Corynebacterium auriscanis,1716:0,False,Corynebacterium:HSG0
108486,Corynebacterium falsenii,1716:26,True,Corynebacterium:HSG26
131081,Corynebacterium capitovis,1716:31,True,Corynebacterium:HSG31
131318,Corynebacterium felinum,1716:71,True,Corynebacterium:HSG71
134034,Corynebacterium freneyi,1716:3,False,Corynebacterium:HSG3
136857,Corynebacterium testudinoris,1716:96,True,Corynebacterium:HSG96
146827,Corynebacterium simulans,1716:92,True,Corynebacterium:HSG92
152794,Corynebacterium efficiens,1716:77,True,Corynebacterium:HSG77
156976,Corynebacterium riegelii,1716:32,True,Corynebacterium:HSG32
156978,Corynebacterium imitans,1716:82,True,Corynebacterium:HSG82
160386,Corynebacterium casei,1716:56,True,Corynebacterium:HSG56
161879,Corynebacterium kroppenstedtii,1716:6,False,Corynebacterium:HSG6
161895,Corynebacterium phocae,1716:72,True,Corynebacterium:HSG72
161896,Corynebacterium camporealensis,1716:61,True,Corynebacterium:HSG61
161899,Corynebacterium singulare,1716:8,False,Corynebacterium:HSG8
163202,Corynebacterium appendicis,1716:62,True,Corynebacterium:HSG62
169292,Corynebacterium aurimucosum,1716:8,False,Corynebacterium:HSG8
187491,Corynebacterium glaucum,1716:52,True,Corynebacterium:HSG52
191493,Corynebacterium sphenisci,1716:68,True,Corynebacterium:HSG68
191610,Corynebacterium atypicum,1716:28,True,Corynebacterium:HSG28
203263,Corynebacterium aquilae,1716:50,True,Corynebacterium:HSG50
225326,Corynebacterium halotolerans,1716:27,True,Corynebacterium:HSG27
227319,Corynebacterium ciconiae,1716:79,True,Corynebacterium:HSG79
234828,Corynebacterium caspium,1716:43,True,Corynebacterium:HSG43
258224,Corynebacterium resistens,1716:0,False,Corynebacterium:HSG0
349751,Corynebacterium marinum,1716:86,True,Corynebacterium:HSG86
394964,Corynebacterium hansenii,1716:3,False,Corynebacterium:HSG3
401472,Corynebacterium ureicelerivorans,1716:2,False,Corynebacterium:HSG2
441501,Corynebacterium massiliense,1716:99,True,Corynebacterium:HSG99
556548,Corynebacterium freiburgense,1716:30,True,Corynebacterium:HSG30
571915,Corynebacterium mustelae,1716:49,True,Corynebacterium:HSG49
575200,Corynebacterium maris,1716:47,True,Corynebacterium:HSG47
598660,Corynebacterium pyruviciproducens,1716:78,True,Corynebacterium:HSG78
679663,Corynebacterium canis,1716:42,True,Corynebacterium:HSG42
699041,Corynebacterium hindlerae,1716:75,True,Corynebacterium:HSG75
1032851,Corynebacterium nuruki,1716:38,True,Corynebacterium:HSG38
1050174,Corynebacterium epidermidicanis,1716:25,True,Corynebacterium:HSG25
1072256,Corynebacterium uterequi,1716:83,True,Corynebacterium:HSG83
1121358,Corynebacterium doosanense,1716:35,True,Corynebacterium:HSG35
1190508,Corynebacterium aquatimens,1716:13,True,Corynebacterium:HSG13
1223514,Corynebacterium humireducens,1716:93,True,Corynebacterium:HSG93
1230998,Corynebacterium frankenforstense,1716:67,True,Corynebacterium:HSG67
1231000,Corynebacterium lactis,1716:46,True,Corynebacterium:HSG46
1232427,Corynebacterium ihumii,1716:11,False,Corynebacterium:HSG11
1336740,Corynebacterium atrinae,1716:91,True,Corynebacterium:HSG91
1404244,Corynebacterium glyciniphilum,1716:84,True,Corynebacterium:HSG84
1408191,Corynebacterium deserti,1716:80,True,Corynebacterium:HSG80
1414719,Corynebacterium jeddahense,1716:39,True,Corynebacterium:HSG39
1471400,Corynebacterium pelargi,1716:7,False,Corynebacterium:HSG7
1652495,Corynebacterium crudilactis,1716:41,True,Corynebacterium:HSG41
1737425,Corynebacterium provencense,1716:40,True,Corynebacterium:HSG40
1758466,Corynebacterium faecale,1716:20,True,Corynebacterium:HSG20
1783348,Corynebacterium guangdongense,1716:69,True,Corynebacterium:HSG69
1852390,Corynebacterium fournieri,1716:2,False,Corynebacterium:HSG2
1862358,Corynebacterium choanae,1716:33,True,Corynebacterium:HSG33
1979527,Corynebacterium kefirresidentii,1716:5,False,Corynebacterium:HSG5
2026255,Corynebacterium hadale,1716:60,False,Corynebacterium:HSG60
2041036,Corynebacterium gottingense,1716:60,False,Corynebacterium:HSG60
2055947,Corynebacterium heidelbergense,1716:45,True,Corynebacterium:HSG45
2079234,Corynebacterium gerontici,1716:21,True,Corynebacterium:HSG21
2079535,Corynebacterium liangguodongii,1716:74,True,Corynebacterium:HSG74
2080740,Corynebacterium yudongzhengii,1716:37,True,Corynebacterium:HSG37
2080757,Corynebacterium pseudopelargi,1716:7,False,Corynebacterium:HSG7
2320431,Corynebacterium silvaticum,1716:18,False,Corynebacterium:HSG18
2487892,Corynebacterium urogenitale,1716:22,True,Corynebacterium:HSG22
2488819,Corynebacterium endometrii,1716:36,True,Corynebacterium:HSG36
2506452,Corynebacterium suranareeae,1716:98,True,Corynebacterium:HSG98
2594913,Corynebacterium sanguinis,1716:48,True,Corynebacterium:HSG48
2675216,Corynebacterium kalinowskii,1716:23,True,Corynebacterium:HSG23
2675218,Corynebacterium comes,1716:10,True,Corynebacterium:HSG10
2675219,Corynebacterium occultum,1716:59,True,Corynebacterium:HSG59
2684405,Corynebacterium poyangense,1716:17,True,Corynebacterium:HSG17
2684406,Corynebacterium anserum,1716:70,True,Corynebacterium:HSG70
2709392,Corynebacterium qintianiae,1716:34,True,Corynebacterium:HSG34
2709394,Corynebacterium lizhenjunii,1716:19,True,Corynebacterium:HSG19
2719119,Corynebacterium rouxii,1716:4,False,Corynebacterium:HSG4
2763010,Corynebacterium lujinxingii,1716:1,False,Corynebacterium:HSG1
2768834,Corynebacterium zhongnanshanii,1716:16,True,Corynebacterium:HSG16
2804917,Corynebacterium pseudokroppenstedtii,1716:6,False,Corynebacterium:HSG6
2883169,Corynebacterium uberis,1716:9,True,Corynebacterium:HSG9
3026968,Corynebacterium ramonii,1716:18,False,Corynebacterium:HSG18
3049799,Corynebacterium breve,1716:15,True,Corynebacterium:HSG15
3049801,Corynebacterium suedekumii,1716:12,True,Corynebacterium:HSG12
180,Leptospirillum ferrooxidans,179:1,True,Leptospirillum:HSG1
178606,Leptospirillum ferriphilum,179:0,True,Leptospirillum:HSG0
670052,Cryobacterium arcticum,69578:0,False,Cryobacterium:HSG0
2220095,Cryobacterium soli,69578:0,False,Cryobacterium:HSG0
536,Chromobacterium violaceum,535:3,True,Chromobacterium:HSG3
251747,Chromobacterium subtsugae,535:0,False,Chromobacterium:HSG0
394935,Chromobacterium haemolyticum,535:1,False,Chromobacterium:HSG1
1108595,Chromobacterium vaccinii,535:0,False,Chromobacterium:HSG0
1778675,Chromobacterium rhizoryzae,535:1,False,Chromobacterium:HSG1
2202141,Chromobacterium phragmitis,535:2,False,Chromobacterium:HSG2
2605945,Chromobacterium paludis,535:2,False,Chromobacterium:HSG2
2516557,Aquirufa nivalisilvae,2676247:1,True,Aquirufa:HSG1
2516559,Aquirufa antheringensis,2676247:0,False,Aquirufa:HSG0
2696560,Aquirufa lenticrescens,2676247:0,False,Aquirufa:HSG0
1536648,Dehalogenimonas etheniformans,670486:0,False,Dehalogenimonas:HSG0
1839801,Dehalogenimonas formicexedens,670486:0,False,Dehalogenimonas:HSG0
651457,Kosmotoga olearia,651456:1,True,Kosmotoga:HSG1
1330330,Kosmotoga pacifica,651456:0,True,Kosmotoga:HSG0
75906,Thermocrinis ruber,75905:1,True,Thermocrinis:HSG1
136094,Thermocrinis albus,75905:0,True,Thermocrinis:HSG0
446,Legionella pneumophila,445:17,True,Legionella:HSG17
449,Legionella hackeliae,445:16,True,Legionella:HSG16
450,Legionella longbeachae,445:0,False,Legionella:HSG0
451,Legionella micdadei,445:15,True,Legionella:HSG15
452,Legionella spiritensis,445:13,True,Legionella:HSG13
454,Legionella israelensis,445:11,True,Legionella:HSG11
456,Legionella jordanis,445:12,True,Legionella:HSG12
28082,Legionella anisa,445:19,True,Legionella:HSG19
28084,Legionella cherrii,445:18,True,Legionella:HSG18
28087,Legionella sainthelensi,445:0,False,Legionella:HSG0
29423,Legionella oakridgensis,445:9,True,Legionella:HSG9
45056,Legionella adelaidensis,445:8,True,Legionella:HSG8
45065,Legionella geestiana,445:5,True,Legionella:HSG5
45067,Legionella lansingensis,445:10,True,Legionella:HSG10
66969,Legionella waltersii,445:7,True,Legionella:HSG7
96230,Legionella fallonii,445:14,True,Legionella:HSG14
96232,Legionella lytica,445:4,True,Legionella:HSG4
1071983,Legionella cardiaca,445:3,True,Legionella:HSG3
1867846,Legionella clemsonensis,445:6,True,Legionella:HSG6
2005262,Candidatus Legionella polyplacis,445:1,True,Legionella:HSG1
2708020,Legionella antarctica,445:2,True,Legionella:HSG2
1789672,Skermanella mucosa,204447:0,False,Skermanella:HSG0
1817965,Skermanella rosea,204447:0,False,Skermanella:HSG0
2233999,Skermanella pratensis,204447:1,True,Skermanella:HSG1
33072,Gloeobacter violaceus,33071:0,False,Gloeobacter:HSG0
1416614,Gloeobacter kilaueensis,33071:1,True,Gloeobacter:HSG1
2907343,Gloeobacter morelensis,33071:0,False,Gloeobacter:HSG0
417574,Neptunomonas japonica,75687:1,True,Neptunomonas:HSG1
1031538,Neptunomonas concharum,75687:0,True,Neptunomonas:HSG0
1079,Blastochloris viridis,59282:1,True,Blastochloris:HSG1
2233851,Blastochloris tepida,59282:0,True,Blastochloris:HSG0
2098,Metamycoplasma hominis,2895509:9,True,Metamycoplasma:HSG9
2111,Metamycoplasma arthritidis,2895509:8,True,Metamycoplasma:HSG8
2121,Metamycoplasma orale,2895509:7,True,Metamycoplasma:HSG7
2124,Metamycoplasma salivarium,2895509:10,True,Metamycoplasma:HSG10
29554,Metamycoplasma canadense,2895509:0,False,Metamycoplasma:HSG0
29559,Metamycoplasma hyosynoviae,2895509:6,True,Metamycoplasma:HSG6
35769,Metamycoplasma gateae,2895509:0,False,Metamycoplasma:HSG0
45363,Metamycoplasma alkalescens,2895509:12,True,Metamycoplasma:HSG12
92400,[Mycoplasma] anseris,2895509:4,True,Metamycoplasma:HSG4
92401,Metamycoplasma cloacale,2895509:11,True,Metamycoplasma:HSG11
92402,Metamycoplasma equirhinis,2895509:3,True,Metamycoplasma:HSG3
92407,Metamycoplasma subdolum,2895509:1,True,Metamycoplasma:HSG1
142649,Metamycoplasma phocicerebrale,2895509:5,True,Metamycoplasma:HSG5
142651,[Mycoplasma] phocae,2895509:2,True,Metamycoplasma:HSG2
1266052,Psychrosphaera aestuarii,907197:1,True,Psychrosphaera:HSG1
2820710,Psychrosphaera ytuae,907197:0,True,Psychrosphaera:HSG0
1264,Ruminococcus albus,1263:3,True,Ruminococcus:HSG3
438033,Ruminococcus gauvreauii,1263:1,True,Ruminococcus:HSG1
1160721,Ruminococcus bicirculans (ex Wegman et al. 2014),1263:2,True,Ruminococcus:HSG2
2564099,Ruminococcus bovis,1263:0,True,Ruminococcus:HSG0
77007,Thiorhodovibrio winogradskyi,61593:2,True,Thiorhodovibrio:HSG2
631362,Thiorhodovibrio frisius,61593:1,True,Thiorhodovibrio:HSG1
2952932,Thiorhodovibrio litoralis,61593:0,True,Thiorhodovibrio:HSG0
2133,Spiroplasma citri,2132:1,False,Spiroplasma:HSG1
2136,Spiroplasma monobiae,2132:2,False,Spiroplasma:HSG2
2137,Spiroplasma apis,2132:9,True,Spiroplasma:HSG9
2138,Spiroplasma poulsonii,2132:1,False,Spiroplasma:HSG1
2139,Spiroplasma clarkii,2132:10,True,Spiroplasma:HSG10
2141,Spiroplasma ixodetis,2132:15,True,Spiroplasma:HSG15
2143,Spiroplasma gladiatoris,2132:0,False,Spiroplasma:HSG0
2144,Spiroplasma mirum,2132:5,False,Spiroplasma:HSG5
2145,Spiroplasma taiwanense,2132:14,True,Spiroplasma:HSG14
47834,Spiroplasma kunkelii,2132:7,True,Spiroplasma:HSG7
47835,Spiroplasma phoeniceum,2132:1,False,Spiroplasma:HSG1
216931,Spiroplasma alleghenense,2132:8,False,Spiroplasma:HSG8
216932,Spiroplasma chinense,2132:12,True,Spiroplasma:HSG12
216933,Spiroplasma chrysopicola,2132:6,False,Spiroplasma:HSG6
216934,Spiroplasma corruscae,2132:3,False,Spiroplasma:HSG3
216935,Spiroplasma culicicola,2132:13,True,Spiroplasma:HSG13
216936,Spiroplasma diminutum,2132:2,False,Spiroplasma:HSG2
216937,Spiroplasma floricola,2132:2,False,Spiroplasma:HSG2
216938,Spiroplasma helicoides,2132:11,True,Spiroplasma:HSG11
216942,Spiroplasma litorale,2132:3,False,Spiroplasma:HSG3
216944,Spiroplasma sabaudiense,2132:8,False,Spiroplasma:HSG8
216945,Spiroplasma syrphidicola,2132:6,False,Spiroplasma:HSG6
216946,Spiroplasma turonicum,2132:3,False,Spiroplasma:HSG3
301585,Spiroplasma platyhelix,2132:4,True,Spiroplasma:HSG4
315358,Spiroplasma eriocheiris,2132:5,False,Spiroplasma:HSG5
324079,Spiroplasma tabanidicola,2132:0,False,Spiroplasma:HSG0
362837,Spiroplasma cantharicola,2132:2,False,Spiroplasma:HSG2
1114980,Spiroplasma atrichopogonis,2132:5,False,Spiroplasma:HSG5
293089,Martelella mediterranea,293088:2,True,Martelella:HSG2
1486262,Martelella endophytica,293088:1,True,Martelella:HSG1
2583532,Martelella lutilitoris,293088:0,True,Martelella:HSG0
114527,Mogibacterium diversum,86331:0,False,Mogibacterium:HSG0
114528,Mogibacterium neglectum,86331:0,False,Mogibacterium:HSG0
446683,Niabella soli,379899:2,True,Niabella:HSG2
577386,Niabella yanshanensis,379899:1,True,Niabella:HSG1
1176587,Niabella ginsenosidivorans,379899:0,True,Niabella:HSG0
1664265,Candidatus Bandiella woodruffii,2716172:1,True,Candidatus Bandiella:HSG1
2570586,Candidatus Bandiella numerosa,2716172:0,True,Candidatus Bandiella:HSG0
3029272,Amygdalobacter indicium,3079925:1,True,Amygdalobacter:HSG1
3029274,Amygdalobacter nucleatus,3079925:0,True,Amygdalobacter:HSG0
1421,Lysinibacillus sphaericus,400634:0,False,Lysinibacillus:HSG0
28031,Lysinibacillus fusiformis,400634:0,False,Lysinibacillus:HSG0
436516,Lysinibacillus parviboronicapiens,400634:2,True,Lysinibacillus:HSG2
759811,Lysinibacillus pakistanensis,400634:0,False,Lysinibacillus:HSG0
1145276,Lysinibacillus varians,400634:0,False,Lysinibacillus:HSG0
1470088,Lysinibacillus louembei,400634:1,True,Lysinibacillus:HSG1
2115968,Lysinibacillus capsici,400634:0,False,Lysinibacillus:HSG0
2590012,Lysinibacillus agricola,400634:0,False,Lysinibacillus:HSG0
2998077,Lysinibacillus irui,400634:0,False,Lysinibacillus:HSG0
2051,Mobiluncus curtisii,2050:0,False,Mobiluncus:HSG0
3036302,Mobiluncus massiliensis,2050:0,False,Mobiluncus:HSG0
1581,Lentilactobacillus buchneri,2767893:0,False,Lentilactobacillus:HSG0
1588,Lentilactobacillus hilgardii,2767893:3,True,Lentilactobacillus:HSG3
33962,Lentilactobacillus kefiri,2767893:0,False,Lentilactobacillus:HSG0
152331,Lentilactobacillus parabuchneri,2767893:0,False,Lentilactobacillus:HSG0
1138822,Lentilactobacillus curieae,2767893:2,True,Lentilactobacillus:HSG2
2883998,Lentilactobacillus laojiaonis,2767893:1,True,Lentilactobacillus:HSG1
2597660,Tomitella fengzijianii,741759:0,False,Tomitella:HSG0
2760083,Tomitella gaofuii,741759:0,False,Tomitella:HSG0
34073,Variovorax paradoxus,34072:0,False,Variovorax:HSG0
436515,Variovorax boronicumulans,34072:0,False,Variovorax:HSG0
1703,Brevibacterium linens,1696:6,True,Brevibacterium:HSG6
33889,Brevibacterium casei,1696:3,True,Brevibacterium:HSG3
199591,Brevibacterium luteolum,1696:4,True,Brevibacterium:HSG4
273384,Brevibacterium aurantiacum,1696:2,False,Brevibacterium:HSG2
358099,Brevibacterium oceani,1696:0,False,Brevibacterium:HSG0
1496080,Brevibacterium pigmentatum,1696:0,False,Brevibacterium:HSG0
2697563,Brevibacterium atlanticum,1696:0,False,Brevibacterium:HSG0
2697565,Brevibacterium limosum,1696:1,True,Brevibacterium:HSG1
2898795,Brevibacterium zhoupengii,1696:2,False,Brevibacterium:HSG2
2909672,Brevibacterium spongiae,1696:5,True,Brevibacterium:HSG5
33932,Sutcliffiella cohnii,2837511:1,True,Sutcliffiella:HSG1
79883,Sutcliffiella horikoshii,2837511:0,True,Sutcliffiella:HSG0
899,Desulfomicrobium baculatum,898:1,True,Desulfomicrobium:HSG1
132132,Desulfomicrobium orale,898:0,True,Desulfomicrobium:HSG0
114,Gemmata obscuriglobus,113:1,True,Gemmata:HSG1
1210884,Gemmata massiliana,113:0,True,Gemmata:HSG0
283878,Leucobacter aridicollis,55968:5,True,Leucobacter:HSG5
340320,Leucobacter luti,55968:7,True,Leucobacter:HSG7
683042,Leucobacter denitrificans,55968:6,True,Leucobacter:HSG6
1784719,Leucobacter triazinivorans,55968:8,True,Leucobacter:HSG8
1935379,Leucobacter muris,55968:2,True,Leucobacter:HSG2
2714933,Leucobacter coleopterorum,55968:0,False,Leucobacter:HSG0
2714934,Leucobacter insecticola,55968:0,False,Leucobacter:HSG0
2714935,Leucobacter viscericola,55968:0,False,Leucobacter:HSG0
2873270,Leucobacter tenebrionis,55968:4,True,Leucobacter:HSG4
2932245,Leucobacter rhizosphaerae,55968:3,True,Leucobacter:HSG3
2932247,Leucobacter allii,55968:1,True,Leucobacter:HSG1
410,Methylobacterium organophilum,407:5,True,Methylobacterium:HSG5
31998,Methylobacterium radiotolerans,407:1,False,Methylobacterium:HSG1
39956,Methylobacterium mesophilicum,407:1,False,Methylobacterium:HSG1
114616,Methylobacterium nodulans,407:2,True,Methylobacterium:HSG2
270351,Methylobacterium aquaticum,407:0,False,Methylobacterium:HSG0
334852,Methylobacterium oryzae,407:1,False,Methylobacterium:HSG1
374432,Methylobacterium tardum,407:1,False,Methylobacterium:HSG1
418223,Methylobacterium phyllosphaerae,407:1,False,Methylobacterium:HSG1
1775910,Methylobacterium indicum,407:0,False,Methylobacterium:HSG0
2051553,Methylobacterium currus,407:0,False,Methylobacterium:HSG0
2202825,Methylobacterium durans,407:4,True,Methylobacterium:HSG4
2202827,Methylobacterium terrae,407:0,False,Methylobacterium:HSG0
2202828,Methylobacterium radiodurans,407:3,True,Methylobacterium:HSG3
2291597,Gallaecimonas mangrovi,745410:1,True,Gallaecimonas:HSG1
3029055,Gallaecimonas kandeliae,745410:0,True,Gallaecimonas:HSG0
256,Myroides odoratus,76831:4,True,Myroides:HSG4
76832,Myroides odoratimimus,76831:0,False,Myroides:HSG0
480520,Myroides profundi,76831:0,False,Myroides:HSG0
702745,Myroides phaeus,76831:2,True,Myroides:HSG2
2562892,Myroides albus,76831:3,True,Myroides:HSG3
2572594,Myroides fluvii,76831:1,True,Myroides:HSG1
381,Mesorhizobium loti,68287:0,False,Mesorhizobium:HSG0
28104,Mesorhizobium huakuii,68287:0,False,Mesorhizobium:HSG0
39645,Mesorhizobium ciceri,68287:0,False,Mesorhizobium:HSG0
43617,Mesorhizobium mediterraneum,68287:0,False,Mesorhizobium:HSG0
71433,Mesorhizobium amorphae,68287:0,False,Mesorhizobium:HSG0
536018,Mesorhizobium australicum,68287:0,False,Mesorhizobium:HSG0
593909,Mesorhizobium opportunistum,68287:0,False,Mesorhizobium:HSG0
1777866,Mesorhizobium erdmanii,68287:0,False,Mesorhizobium:HSG0
1777867,Mesorhizobium jarvisii,68287:0,False,Mesorhizobium:HSG0
2066070,Mesorhizobium japonicum,68287:0,False,Mesorhizobium:HSG0
2725666,Mesorhizobium terrae,68287:1,True,Mesorhizobium:HSG1
2775404,Mesorhizobium onobrychidis,68287:0,False,Mesorhizobium:HSG0
3074855,Mesorhizobium koreense,68287:2,True,Mesorhizobium:HSG2
263,Francisella tularensis,262:3,False,Francisella:HSG3
954,Francisella persica,262:5,True,Francisella:HSG5
28110,Francisella philomiragia,262:1,False,Francisella:HSG1
299583,Francisella orientalis,262:1,False,Francisella:HSG1
549298,Francisella halioticida,262:0,False,Francisella:HSG0
573569,Francisella salina,262:0,False,Francisella:HSG0
573570,Francisella uliginis,262:6,True,Francisella:HSG6
622488,Francisella hispaniensis,262:3,False,Francisella:HSG3
653937,Candidatus Francisella endociliophora,262:0,False,Francisella:HSG0
657445,Francisella noatunensis,262:1,False,Francisella:HSG1
1542390,Francisella frigiditurris,262:2,True,Francisella:HSG2
2007306,Francisella adeliensis,262:7,True,Francisella:HSG7
2016517,Francisella opportunistica,262:4,True,Francisella:HSG4
2249302,Francisella marina,262:0,False,Francisella:HSG0
2599927,Francisella salimarina,262:0,False,Francisella:HSG0
1450,Alicyclobacillus acidoterrestris,29330:5,True,Alicyclobacillus:HSG5
1457,Alicyclobacillus cycloheptanicus,29330:2,True,Alicyclobacillus:HSG2
392011,Alicyclobacillus fastidiosus,29330:4,True,Alicyclobacillus:HSG4
405212,Alicyclobacillus acidocaldarius,29330:3,True,Alicyclobacillus:HSG3
1475485,Alicyclobacillus dauci,29330:1,True,Alicyclobacillus:HSG1
2931921,Alicyclobacillus mengziensis,29330:0,True,Alicyclobacillus:HSG0
2602015,Hypericibacter terrae,2705399:1,True,Hypericibacter:HSG1
2602016,Hypericibacter adhaerens,2705399:0,True,Hypericibacter:HSG0
61,Vitreoscilla stercoraria,59:2,True,Vitreoscilla:HSG2
63,Vitreoscilla filiformis,59:1,True,Vitreoscilla:HSG1
1689272,Vitreoscilla massiliensis,59:0,True,Vitreoscilla:HSG0
48074,Microbulbifer hydrolyticus,48073:7,True,Microbulbifer:HSG7
86173,Microbulbifer elongatus,48073:4,True,Microbulbifer:HSG4
252514,Microbulbifer thermotolerans,48073:5,True,Microbulbifer:HSG5
260552,Microbulbifer agarilyticus,48073:6,True,Microbulbifer:HSG6
266805,Microbulbifer variabilis,48073:8,True,Microbulbifer:HSG8
407164,Microbulbifer pacificus,48073:3,True,Microbulbifer:HSG3
435905,Microbulbifer celer,48073:1,True,Microbulbifer:HSG1
1769779,Microbulbifer aggregans,48073:2,True,Microbulbifer:HSG2
3029061,Microbulbifer bruguierae,48073:0,True,Microbulbifer:HSG0
548,Klebsiella aerogenes,570:0,False,Klebsiella:HSG0
571,Klebsiella oxytoca,570:0,False,Klebsiella:HSG0
573,Klebsiella pneumoniae,570:0,False,Klebsiella:HSG0
244366,Klebsiella variicola,570:0,False,Klebsiella:HSG0
1134687,Klebsiella michiganensis,570:0,False,Klebsiella:HSG0
1259973,Klebsiella electrica,570:0,False,Klebsiella:HSG0
1463165,Klebsiella quasipneumoniae,570:0,False,Klebsiella:HSG0
2026240,Klebsiella quasivariicola,570:0,False,Klebsiella:HSG0
2058152,Klebsiella grimontii,570:0,False,Klebsiella:HSG0
2153354,Klebsiella huaxiensis,570:1,True,Klebsiella:HSG1
2489010,Klebsiella africana,570:0,False,Klebsiella:HSG0
2587529,Klebsiella pasteurii,570:0,False,Klebsiella:HSG0
33987,Exiguobacterium aurantiacum,33986:0,False,Exiguobacterium:HSG0
41170,Exiguobacterium acetylicum,33986:3,True,Exiguobacterium:HSG3
132920,Exiguobacterium antarcticum,33986:1,False,Exiguobacterium:HSG1
273528,Exiguobacterium marinum,33986:2,False,Exiguobacterium:HSG2
307643,Exiguobacterium profundum,33986:2,False,Exiguobacterium:HSG2
340145,Exiguobacterium artemiae,33986:1,False,Exiguobacterium:HSG1
340146,Exiguobacterium mexicanum,33986:0,False,Exiguobacterium:HSG0
1428684,Exiguobacterium alkaliphilum,33986:0,False,Exiguobacterium:HSG0
390884,Echinicola vietnamensis,390846:4,True,Echinicola:HSG4
1795355,Echinicola strongylocentroti,390846:3,True,Echinicola:HSG3
1807691,Echinicola rosea,390846:1,True,Echinicola:HSG1
2591634,Echinicola soli,390846:2,True,Echinicola:HSG2
2859768,Echinicola marina,390846:0,True,Echinicola:HSG0
661481,Flavisolibacter ginsenosidimutans,398041:1,True,Flavisolibacter:HSG1
1492898,Flavisolibacter tropicus,398041:0,True,Flavisolibacter:HSG0
630,Yersinia enterocolitica,629:0,False,Yersinia:HSG0
631,Yersinia intermedia,629:0,False,Yersinia:HSG0
632,Yersinia pestis,629:0,False,Yersinia:HSG0
633,Yersinia pseudotuberculosis,629:0,False,Yersinia:HSG0
28152,Yersinia kristensenii,629:0,False,Yersinia:HSG0
29483,Yersinia aldovae,629:0,False,Yersinia:HSG0
29484,Yersinia frederiksenii,629:0,False,Yersinia:HSG0
29485,Yersinia rohdei,629:0,False,Yersinia:HSG0
29486,Yersinia ruckeri,629:0,False,Yersinia:HSG0
33060,Yersinia mollaretii,629:0,False,Yersinia:HSG0
263819,Yersinia aleksiciae,629:0,False,Yersinia:HSG0
367190,Yersinia similis,629:0,False,Yersinia:HSG0
419257,Yersinia massiliensis,629:0,False,Yersinia:HSG0
1604335,Yersinia rochesterensis,629:0,False,Yersinia:HSG0
2339259,Yersinia hibernica,629:0,False,Yersinia:HSG0
2607663,Yersinia canariae,629:0,False,Yersinia:HSG0
2890317,Yersinia alsatica,629:0,False,Yersinia:HSG0
446660,Adlercreutzia equolifaciens,447020:1,True,Adlercreutzia:HSG1
2707299,Adlercreutzia hattorii,447020:0,True,Adlercreutzia:HSG0
75659,Duganella zoogloeoides,75654:1,True,Duganella:HSG1
2728021,Duganella dendranthematis,75654:0,True,Duganella:HSG0
912,Nitrobacter hamburgensis,911:0,False,Nitrobacter:HSG0
913,Nitrobacter winogradskyi,911:0,False,Nitrobacter:HSG0
431057,Methylacidiphilum kamchatkense,511745:1,False,Methylacidiphilum (ex Ratnadevi et al. 2023):HSG1
511746,Candidatus Methylacidiphilum infernorum,511745:0,False,Methylacidiphilum (ex Ratnadevi et al. 2023):HSG0
591154,Candidatus Methylacidiphilum fumarolicum,511745:1,False,Methylacidiphilum (ex Ratnadevi et al. 2023):HSG1
2795386,Methylacidiphilum caldifontis,511745:0,False,Methylacidiphilum (ex Ratnadevi et al. 2023):HSG0
1921086,Mariprofundus aestuarium,377315:1,True,Mariprofundus:HSG1
1921087,Mariprofundus ferrinatatus,377315:0,True,Mariprofundus:HSG0
927,Halothiobacillus neapolitanus,109262:1,True,Halothiobacillus:HSG1
1860122,Halothiobacillus diazotrophicus,109262:0,True,Halothiobacillus:HSG0
575,Raoultella planticola,160674:0,False,Raoultella:HSG0
577,Raoultella terrigena,160674:0,False,Raoultella:HSG0
54291,Raoultella ornithinolytica,160674:0,False,Raoultella:HSG0
2932183,Xylocopilactobacillus apis,3118928:1,True,Xylocopilactobacillus:HSG1
2932184,Xylocopilactobacillus apicola,3118928:0,True,Xylocopilactobacillus:HSG0
39950,Dialister pneumosintes,39948:1,True,Dialister:HSG1
487173,Dialister succinatiphilus,39948:2,True,Dialister:HSG2
2161821,Dialister massiliensis,39948:0,False,Dialister:HSG0
2582419,Dialister hominis,39948:0,False,Dialister:HSG0
984,Pedobacter heparinus,84567:8,True,Pedobacter:HSG8
188932,Pedobacter cryoconitis,84567:6,True,Pedobacter:HSG6
336820,Pedobacter roseus,84567:5,True,Pedobacter:HSG5
363852,Pedobacter ginsengisoli,84567:9,True,Pedobacter:HSG9
430522,Pedobacter steynii,84567:10,True,Pedobacter:HSG10
2201271,Pedobacter schmidteae,84567:7,True,Pedobacter:HSG7
2605747,Pedobacter aquae,84567:3,True,Pedobacter:HSG3
2679963,Pedobacter gandavensis,84567:2,True,Pedobacter:HSG2
2766984,Pedobacter riviphilus,84567:4,True,Pedobacter:HSG4
2789740,Pedobacter endophyticus,84567:1,True,Pedobacter:HSG1
2895286,Pedobacter mucosus,84567:0,True,Pedobacter:HSG0
2746,Halomonas elongata,2745:7,True,Halomonas:HSG7
29570,Halomonas meridiana,2745:10,True,Halomonas:HSG10
29573,Halomonas halophila,2745:13,True,Halomonas:HSG13
115561,Halomonas hydrothermalis,2745:12,True,Halomonas:HSG12
232346,Halomonas alkaliantarctica,2745:8,True,Halomonas:HSG8
475662,Halomonas beimenensis,2745:11,True,Halomonas:HSG11
507626,Halomonas chromatireducens,2745:3,True,Halomonas:HSG3
1178482,Halomonas huangheensis,2745:6,True,Halomonas:HSG6
1897729,Halomonas aestuarii,2745:5,True,Halomonas:HSG5
1930622,Halomonas alkalicola,2745:2,True,Halomonas:HSG2
2562282,Halomonas binhaiensis,2745:9,True,Halomonas:HSG9
2733488,Halomonas sulfidivorans,2745:4,True,Halomonas:HSG4
2866211,Halomonas qaidamensis,2745:1,True,Halomonas:HSG1
3031727,Halomonas piscis,2745:0,True,Halomonas:HSG0
2020,Thermomonospora curvata,2019:1,True,Thermomonospora:HSG1
1411117,Thermomonospora amylolytica,2019:0,True,Thermomonospora:HSG0
320912,Maribacter dokdonensis,252356:3,True,Maribacter:HSG3
1130723,Maribacter aestuarii,252356:5,True,Maribacter:HSG5
1178778,Maribacter cobaltidurans,252356:2,True,Maribacter:HSG2
1836467,Maribacter hydrothermalis,252356:4,True,Maribacter:HSG4
2976127,Maribacter litopenaei,252356:1,True,Maribacter:HSG1
2980554,Maribacter halichondriae,252356:0,True,Maribacter:HSG0
2148,Acholeplasma laidlawii,2147:1,True,Acholeplasma:HSG1
264636,Acholeplasma hippikon,2147:0,True,Acholeplasma:HSG0
140,Borrelia hermsii,138:0,False,Borrelia:HSG0
141,Borrelia parkeri,138:0,False,Borrelia:HSG0
142,Borrelia turicatae,138:0,False,Borrelia:HSG0
143,Borrelia anserina,138:4,True,Borrelia:HSG4
144,Borrelia coriaceae,138:5,True,Borrelia:HSG5
40834,Borrelia duttonii,138:0,False,Borrelia:HSG0
44449,Borrelia recurrentis,138:0,False,Borrelia:HSG0
47466,Borrelia miyamotoi,138:3,True,Borrelia:HSG3
229155,Borrelia turcica,138:2,True,Borrelia:HSG2
1653839,Borrelia venezuelensis,138:0,False,Borrelia:HSG0
2518322,Candidatus Borrelia fainii,138:0,False,Borrelia:HSG0
2756107,Borrelia puertoricensis,138:0,False,Borrelia:HSG0
2761123,Borrelia maritima,138:1,True,Borrelia:HSG1
3117462,Borrelia nietonii,138:0,False,Borrelia:HSG0
361277,Terribacillus saccharophilus,459532:0,False,Terribacillus:HSG0
386490,Terribacillus goriensis,459532:0,False,Terribacillus:HSG0
1851544,Orrella dioscoreae,1921582:1,True,Orrella:HSG1
2163011,Orrella marina,1921582:2,True,Orrella:HSG2
2782176,Orrella daihaiensis,1921582:0,True,Orrella:HSG0
774,Bartonella bacilliformis,773:0,False,Bartonella:HSG0
803,Bartonella quintana,773:5,True,Bartonella:HSG5
807,Bartonella elizabethae,773:1,False,Bartonella:HSG1
33045,Bartonella grahamii,773:1,False,Bartonella:HSG1
33046,Bartonella taylorii,773:1,False,Bartonella:HSG1
33047,Bartonella vinsonii,773:1,False,Bartonella:HSG1
38323,Bartonella henselae,773:1,False,Bartonella:HSG1
52764,Bartonella alsatica,773:1,False,Bartonella:HSG1
56426,Bartonella clarridgeiae,773:2,True,Bartonella:HSG2
85701,Bartonella tribocorum,773:1,False,Bartonella:HSG1
388640,Bartonella australis,773:4,True,Bartonella:HSG4
1318743,Bartonella ancashensis,773:0,False,Bartonella:HSG0
2133959,Bartonella kosoyi,773:1,False,Bartonella:HSG1
2267275,Bartonella krasnovii,773:1,False,Bartonella:HSG1
2750929,Bartonella apihabitans,773:3,False,Bartonella:HSG3
2750995,Bartonella choladocola,773:3,False,Bartonella:HSG3
2893471,Bartonella machadoae,773:1,False,Bartonella:HSG1
2961895,Bartonella harrusi,773:1,False,Bartonella:HSG1
497967,Hymenobacter tibetensis,89966:18,True,Hymenobacter:HSG18
748197,Hymenobacter yonginensis,89966:17,True,Hymenobacter:HSG17
1385715,Hymenobacter qilianensis,89966:15,True,Hymenobacter:HSG15
1411621,Hymenobacter sedentarius,89966:8,True,Hymenobacter:HSG8
1446467,Hymenobacter swuensis,89966:12,True,Hymenobacter:HSG12
1705399,Hymenobacter monticola,89966:13,True,Hymenobacter:HSG13
1850093,Hymenobacter nivis,89966:19,True,Hymenobacter:HSG19
2319843,Hymenobacter oligotrophus,89966:16,True,Hymenobacter:HSG16
2496028,Hymenobacter radiodurans,89966:14,True,Hymenobacter:HSG14
2502781,Hymenobacter jejuensis,89966:11,True,Hymenobacter:HSG11
2607656,Hymenobacter busanensis,89966:7,True,Hymenobacter:HSG7
2615203,Hymenobacter baengnokdamensis,89966:10,True,Hymenobacter:HSG10
2735321,Hymenobacter taeanensis,89966:5,True,Hymenobacter:HSG5
2761579,Hymenobacter sediminicola,89966:6,True,Hymenobacter:HSG6
2932248,Hymenobacter cellulosilyticus,89966:9,True,Hymenobacter:HSG9
2932249,Hymenobacter cellulosivorans,89966:3,True,Hymenobacter:HSG3
2932251,Hymenobacter aerilatus,89966:4,True,Hymenobacter:HSG4
2932254,Hymenobacter volaticus,89966:2,True,Hymenobacter:HSG2
2933777,Hymenobacter sublimis,89966:1,True,Hymenobacter:HSG1
2999067,Hymenobacter canadensis,89966:0,True,Hymenobacter:HSG0
1100,Pelodictyon luteolum,1099:1,True,Pelodictyon:HSG1
34090,Pelodictyon phaeoclathratiforme,1099:0,True,Pelodictyon:HSG0
1376,Aerococcus urinae,1375:2,False,Aerococcus:HSG2
1377,Aerococcus viridans,1375:0,False,Aerococcus:HSG0
51665,Aerococcus urinaeequi,1375:0,False,Aerococcus:HSG0
87541,Aerococcus christensenii,1375:3,True,Aerococcus:HSG3
119206,Aerococcus sanguinicola,1375:4,True,Aerococcus:HSG4
128944,Aerococcus urinaehominis,1375:1,True,Aerococcus:HSG1
2976809,Aerococcus loyolae,1375:2,False,Aerococcus:HSG2
2976810,Aerococcus mictus,1375:2,False,Aerococcus:HSG2
3078812,Aerococcus tenax,1375:2,False,Aerococcus:HSG2
1272,Kocuria varians,57493:0,False,Kocuria:HSG0
1275,Kocuria rosea,57493:3,True,Kocuria:HSG3
71999,Kocuria palustris,57493:2,True,Kocuria:HSG2
72000,Kocuria rhizophila,57493:0,False,Kocuria:HSG0
446860,Kocuria flava,57493:4,True,Kocuria:HSG4
1049583,Kocuria indica,57493:1,True,Kocuria:HSG1
63612,Sodalis glossinidius,84565:0,False,Sodalis:HSG0
1239307,Sodalis praecaptivus,84565:0,False,Sodalis:HSG0
1486991,Candidatus Sodalis pierantonius,84565:0,False,Sodalis:HSG0
2697027,Sodalis ligni,84565:1,True,Sodalis:HSG1
1486034,Lacinutrix venerupis,291183:1,True,Lacinutrix:HSG1
2980107,Lacinutrix neustonica,291183:0,True,Lacinutrix:HSG0
166486,Roseburia intestinalis,841:2,True,Roseburia:HSG2
301301,Roseburia hominis,841:1,True,Roseburia:HSG1
2763062,Roseburia rectibacter,841:0,True,Roseburia:HSG0
2838156,Flavihumibacter rivuli,1004301:1,True,Flavihumibacter:HSG1
2838157,Flavihumibacter fluvii,1004301:0,True,Flavihumibacter:HSG0
29347,[Clostridium] scindens,1506553:3,True,Lachnoclostridium:HSG3
66219,Lachnoclostridium phytofermentans,1506553:1,True,Lachnoclostridium:HSG1
89153,[Clostridium] hylemonae,1506553:2,True,Lachnoclostridium:HSG2
1871021,Lachnoclostridium phocaeense,1506553:0,True,Lachnoclostridium:HSG0
496014,Baekduia soli,2600304:0,False,Baekduia:HSG0
2997333,Baekduia alba,2600304:0,False,Baekduia:HSG0
554,Pectobacterium carotovorum,122277:0,False,Pectobacterium:HSG0
29471,Pectobacterium atrosepticum,122277:0,False,Pectobacterium:HSG0
55208,Pectobacterium wasabiae,122277:0,False,Pectobacterium:HSG0
69221,Pectobacterium cacticida,122277:1,True,Pectobacterium:HSG1
78398,Pectobacterium odoriferum,122277:0,False,Pectobacterium:HSG0
180957,Pectobacterium brasiliense,122277:0,False,Pectobacterium:HSG0
1201031,Pectobacterium aroidearum,122277:2,False,Pectobacterium:HSG2
1507808,Pectobacterium actinidiae,122277:0,False,Pectobacterium:HSG0
1905730,Pectobacterium parmentieri,122277:0,False,Pectobacterium:HSG0
2042057,Pectobacterium polaris,122277:0,False,Pectobacterium:HSG0
2108399,Pectobacterium punjabense,122277:0,False,Pectobacterium:HSG0
2204145,Pectobacterium aquaticum,122277:0,False,Pectobacterium:HSG0
2485124,Pectobacterium polonicum,122277:0,False,Pectobacterium:HSG0
2488639,Pectobacterium versatile,122277:0,False,Pectobacterium:HSG0
2774015,Pectobacterium quasiaquaticum,122277:0,False,Pectobacterium:HSG0
2778550,Pectobacterium parvum,122277:0,False,Pectobacterium:HSG0
2878098,Pectobacterium colocasium,122277:2,False,Pectobacterium:HSG2
28127,Hoylesella buccalis,2974257:1,True,Hoylesella:HSG1
76123,Hoylesella enoeca,2974257:0,True,Hoylesella:HSG0
19,Syntrophotalea carbinolica,2812025:2,True,Syntrophotalea:HSG2
29542,Syntrophotalea acetylenica,2812025:1,True,Syntrophotalea:HSG1
1842532,Syntrophotalea acetylenivorans,2812025:0,True,Syntrophotalea:HSG0
274537,Chlorobaculum limnaeum,256319:1,True,Chlorobaculum:HSG1
274539,Chlorobaculum parvum,256319:0,True,Chlorobaculum:HSG0
235986,Actinacidiphila glaucinigra,2995702:1,True,Actinacidiphila:HSG1
1436133,Actinacidiphila bryophytorum,2995702:0,True,Actinacidiphila:HSG0
111501,Flagellimonas ruestringensis,444459:4,True,Flagellimonas:HSG4
254955,Flagellimonas marinaquae,444459:3,True,Flagellimonas:HSG3
516051,Flagellimonas lutaonensis,444459:2,True,Flagellimonas:HSG2
1383885,Flagellimonas maritima,444459:1,True,Flagellimonas:HSG1
2698672,Flagellimonas oceani,444459:0,True,Flagellimonas:HSG0
199596,Methylocella silvestris,120652:1,True,Methylocella:HSG1
227605,Methylocella tundrae,120652:0,True,Methylocella:HSG0
1398,Heyndrickxia coagulans,2837504:1,True,Heyndrickxia:HSG1
38875,Heyndrickxia oleronia,2837504:2,True,Heyndrickxia:HSG2
1476025,Heyndrickxia vini,2837504:0,True,Heyndrickxia:HSG0
104268,Tenacibaculum mesophilum,104267:7,True,Tenacibaculum:HSG7
104270,Tenacibaculum ovolyticum,104267:6,True,Tenacibaculum:HSG6
107401,Tenacibaculum maritimum,104267:8,True,Tenacibaculum:HSG8
584609,Tenacibaculum jejuense,104267:5,True,Tenacibaculum:HSG5
1850252,Tenacibaculum todarodis,104267:4,True,Tenacibaculum:HSG4
2781243,Tenacibaculum finnmarkense,104267:3,True,Tenacibaculum:HSG3
3018314,Tenacibaculum pacificus,104267:1,True,Tenacibaculum:HSG1
3018315,Tenacibaculum retecalamus,104267:2,True,Tenacibaculum:HSG2
3038772,Tenacibaculum tangerinum,104267:0,True,Tenacibaculum:HSG0
1303590,Bombilactobacillus bombi,2767878:1,True,Bombilactobacillus:HSG1
2923362,Bombilactobacillus folatiphilus,2767878:2,True,Bombilactobacillus:HSG2
2923363,Bombilactobacillus thymidiniphilus,2767878:0,True,Bombilactobacillus:HSG0
1351,Enterococcus faecalis,1350:3,True,Enterococcus:HSG3
1352,Enterococcus faecium,1350:0,False,Enterococcus:HSG0
1353,Enterococcus gallinarum,1350:6,False,Enterococcus:HSG6
1354,Enterococcus hirae,1350:0,False,Enterococcus:HSG0
33945,Enterococcus avium,1350:0,False,Enterococcus:HSG0
37734,Enterococcus casseliflavus,1350:6,False,Enterococcus:HSG6
41997,Enterococcus saccharolyticus,1350:4,True,Enterococcus:HSG4
44008,Enterococcus cecorum,1350:1,True,Enterococcus:HSG1
44009,Enterococcus dispar,1350:2,False,Enterococcus:HSG2
53345,Enterococcus durans,1350:0,False,Enterococcus:HSG0
53346,Enterococcus mundtii,1350:0,False,Enterococcus:HSG0
71452,Enterococcus raffinosus,1350:0,False,Enterococcus:HSG0
160453,Enterococcus gilvus,1350:0,False,Enterococcus:HSG0
357441,Enterococcus lactis,1350:0,False,Enterococcus:HSG0
417368,Enterococcus thailandicus,1350:0,False,Enterococcus:HSG0
1805431,Enterococcus saigonensis,1350:2,False,Enterococcus:HSG2
2005703,Enterococcus wangshanyuanii,1350:5,True,Enterococcus:HSG5
2839759,Enterococcus innesii,1350:6,False,Enterococcus:HSG6
3031993,Enterococcus montenegrensis,1350:2,False,Enterococcus:HSG2
84112,Eggerthella lenta,84111:1,True,Eggerthella:HSG1
2690837,Eggerthella guodeyinii,84111:0,True,Eggerthella:HSG0
823,Parabacteroides distasonis,375288:3,True,Parabacteroides:HSG3
46503,Parabacteroides merdae,375288:4,True,Parabacteroides:HSG4
328812,Parabacteroides goldsteinii,375288:1,True,Parabacteroides:HSG1
387661,Parabacteroides johnsonii,375288:2,True,Parabacteroides:HSG2
1217282,Parabacteroides faecis,375288:0,True,Parabacteroides:HSG0
1836,Saccharopolyspora erythraea,1835:2,True,Saccharopolyspora:HSG2
33914,Saccharopolyspora gregorii,1835:0,False,Saccharopolyspora:HSG0
60894,Saccharopolyspora spinosa,1835:4,True,Saccharopolyspora:HSG4
333966,Saccharopolyspora pogona,1835:3,True,Saccharopolyspora:HSG3
455344,Saccharopolyspora gloriosae,1835:0,False,Saccharopolyspora:HSG0
524884,Saccharopolyspora rosea,1835:1,True,Saccharopolyspora:HSG1
881,Nitratidesulfovibrio vulgaris,2802295:1,True,Nitratidesulfovibrio:HSG1
2604158,Nitratidesulfovibrio liaohensis,2802295:0,True,Nitratidesulfovibrio:HSG0
152268,Metabacillus litoralis,2675233:2,True,Metabacillus:HSG2
2567941,Metabacillus sediminilitoris,2675233:1,True,Metabacillus:HSG1
2874282,Metabacillus dongyingensis,2675233:0,True,Metabacillus:HSG0
28108,Alteromonas macleodii,226:0,False,Alteromonas:HSG0
233316,Alteromonas stellipolaris,226:2,False,Alteromonas:HSG2
314275,Alteromonas mediterranea,226:0,False,Alteromonas:HSG0
589873,Alteromonas australica,226:0,False,Alteromonas:HSG0
715451,Alteromonas naphthalenivorans,226:2,False,Alteromonas:HSG2
1858656,Alteromonas pelagimontana,226:1,True,Alteromonas:HSG1
564064,Spirosoma rigui,107:7,True,Spirosoma:HSG7
1178516,Spirosoma montaniterrae,107:8,True,Spirosoma:HSG8
1211326,Spirosoma aerolatum,107:9,True,Spirosoma:HSG9
1379870,Spirosoma radiotolerans,107:3,True,Spirosoma:HSG3
2057025,Spirosoma pollinicola,107:5,True,Spirosoma:HSG5
2692134,Spirosoma aureum,107:4,True,Spirosoma:HSG4
2710596,Spirosoma foliorum,107:6,True,Spirosoma:HSG6
2728024,Spirosoma rhododendri,107:2,True,Spirosoma:HSG2
2735870,Spirosoma taeanense,107:1,True,Spirosoma:HSG1
2898794,Spirosoma oryzicola,107:0,True,Spirosoma:HSG0
32002,Achromobacter denitrificans,222:0,False,Achromobacter:HSG0
85698,Achromobacter xylosoxidans,222:0,False,Achromobacter:HSG0
217203,Achromobacter spanius,222:0,False,Achromobacter:HSG0
217204,Achromobacter insolitus,222:0,False,Achromobacter:HSG0
1287736,Achromobacter aegrifaciens,222:0,False,Achromobacter:HSG0
1353889,Achromobacter pestifer,222:0,False,Achromobacter:HSG0
1353891,Achromobacter deleyi,222:0,False,Achromobacter:HSG0
1389922,Achromobacter mucicolens,222:0,False,Achromobacter:HSG0
3047478,Achromobacter seleniivolatilans,222:0,False,Achromobacter:HSG0
2483033,Parasedimentitalea marina,2738399:1,True,Parasedimentitalea:HSG1
2997337,Parasedimentitalea psychrophila,2738399:0,True,Parasedimentitalea:HSG0
1710,Cellulosimicrobium cellulans,157920:0,False,Cellulosimicrobium:HSG0
2587808,Cellulosimicrobium protaetiae,157920:0,False,Cellulosimicrobium:HSG0
146786,Thermosynechococcus vestitus,146785:0,False,Thermosynechococcus:HSG0
3161974,Thermosynechococcus sichuanensis,146785:0,False,Thermosynechococcus:HSG0
2843215,Miltoncostaea marina,2843200:1,True,Miltoncostaea:HSG1
2843216,Miltoncostaea oceani,2843200:0,True,Miltoncostaea:HSG0
380,Sinorhizobium fredii,28105:0,False,Sinorhizobium:HSG0
382,Sinorhizobium meliloti,28105:0,False,Sinorhizobium:HSG0
110321,Sinorhizobium medicae,28105:0,False,Sinorhizobium:HSG0
110322,Sinorhizobium terangae,28105:0,False,Sinorhizobium:HSG0
158892,Sinorhizobium kummerowiae,28105:0,False,Sinorhizobium:HSG0
194963,Sinorhizobium americanum,28105:0,False,Sinorhizobium:HSG0
375549,Sinorhizobium mexicanum,28105:0,False,Sinorhizobium:HSG0
501572,Sinorhizobium chiapasense,28105:0,False,Sinorhizobium:HSG0
680247,Sinorhizobium garamanticum,28105:1,True,Sinorhizobium:HSG1
680248,Sinorhizobium numidicum,28105:0,False,Sinorhizobium:HSG0
716925,Sinorhizobium sojae,28105:0,False,Sinorhizobium:HSG0
1752398,Sinorhizobium alkalisoli,28105:0,False,Sinorhizobium:HSG0
242606,Luteibacter rhizovicinus,242605:0,False,Luteibacter:HSG0
564369,Luteibacter anthropi,242605:3,True,Luteibacter:HSG3
2589080,Luteibacter pinisoli,242605:1,True,Luteibacter:HSG1
2780091,Luteibacter flocculans,242605:0,False,Luteibacter:HSG0
2911537,Luteibacter aegosomatis,242605:2,False,Luteibacter:HSG2
2911538,Luteibacter aegosomaticola,242605:2,False,Luteibacter:HSG2
2911539,Luteibacter aegosomatissinici,242605:2,False,Luteibacter:HSG2
1176533,Luteimonas granuli,83614:2,True,Luteimonas:HSG2
2006110,Luteimonas chenhongjianii,83614:1,True,Luteimonas:HSG1
2565782,Luteimonas yindakuii,83614:0,True,Luteimonas:HSG0
837,Porphyromonas gingivalis,836:5,True,Porphyromonas:HSG5
28123,Porphyromonas asaccharolytica,836:3,True,Porphyromonas:HSG3
28124,Porphyromonas endodontalis,836:6,True,Porphyromonas:HSG6
36874,Porphyromonas cangingivalis,836:2,True,Porphyromonas:HSG2
322095,Porphyromonas somerae,836:4,True,Porphyromonas:HSG4
393921,Porphyromonas crevioricanis,836:1,True,Porphyromonas:HSG1
867595,Porphyromonas pogonae,836:0,True,Porphyromonas:HSG0
77022,Cylindrospermopsis raciborskii,77021:0,False,Cylindrospermopsis:HSG0
747548,Cylindrospermopsis curvispora,77021:0,False,Cylindrospermopsis:HSG0
227,Pseudoalteromonas carrageenovora,53246:0,False,Pseudoalteromonas:HSG0
288,Pseudoalteromonas atlantica,53246:0,False,Pseudoalteromonas:HSG0
28107,Pseudoalteromonas espejiana,53246:0,False,Pseudoalteromonas:HSG0
28109,Pseudoalteromonas nigrifaciens,53246:0,False,Pseudoalteromonas:HSG0
43657,Pseudoalteromonas luteoviolacea,53246:10,True,Pseudoalteromonas:HSG10
43658,Pseudoalteromonas rubra,53246:4,False,Pseudoalteromonas:HSG4
43659,Pseudoalteromonas tetraodonis,53246:0,False,Pseudoalteromonas:HSG0
43662,Pseudoalteromonas piscicida,53246:5,False,Pseudoalteromonas:HSG5
77608,Pseudoalteromonas distincta,53246:0,False,Pseudoalteromonas:HSG0
151081,Pseudoalteromonas ruthenica,53246:7,True,Pseudoalteromonas:HSG7
152297,Pseudoalteromonas issachenkonii,53246:0,False,Pseudoalteromonas:HSG0
161398,Pseudoalteromonas phenolica,53246:6,True,Pseudoalteromonas:HSG6
166935,Pseudoalteromonas translucida,53246:0,False,Pseudoalteromonas:HSG0
176102,Pseudoalteromonas agarivorans,53246:0,False,Pseudoalteromonas:HSG0
184924,Pseudoalteromonas maricaloris,53246:5,False,Pseudoalteromonas:HSG5
247523,Pseudoalteromonas aliena,53246:0,False,Pseudoalteromonas:HSG0
267375,Pseudoalteromonas marina,53246:0,False,Pseudoalteromonas:HSG0
298657,Pseudoalteromonas spongiae,53246:2,False,Pseudoalteromonas:HSG2
314281,Pseudoalteromonas tunicata,53246:11,True,Pseudoalteromonas:HSG11
339617,Pseudoalteromonas viridis,53246:4,False,Pseudoalteromonas:HSG4
394751,Pseudoalteromonas arctica,53246:0,False,Pseudoalteromonas:HSG0
621376,Pseudoalteromonas donghaensis,53246:8,True,Pseudoalteromonas:HSG8
882626,Pseudoalteromonas xiamenensis,53246:9,True,Pseudoalteromonas:HSG9
1190813,Pseudoalteromonas shioyasakiensis,53246:3,True,Pseudoalteromonas:HSG3
1348114,Pseudoalteromonas piratica,53246:2,False,Pseudoalteromonas:HSG2
2518973,Pseudoalteromonas rhizosphaerae,53246:1,False,Pseudoalteromonas:HSG1
2774154,Pseudoalteromonas ostreae,53246:1,False,Pseudoalteromonas:HSG1
191960,Sedimenticola selenatireducens,349742:1,True,Sedimenticola:HSG1
1543721,Sedimenticola thiotaurini,349742:0,True,Sedimenticola:HSG0
85683,Salisediminibacterium selenitireducens,1434042:1,True,Salisediminibacterium:HSG1
632773,Salisediminibacterium beveridgei,1434042:0,True,Salisediminibacterium:HSG0
1393,Brevibacillus brevis,55080:0,False,Brevibacillus:HSG0
1465,Brevibacillus laterosporus,55080:5,True,Brevibacillus:HSG5
45462,Brevibacillus borstelensis,55080:7,True,Brevibacillus:HSG7
51101,Brevibacillus agri,55080:0,False,Brevibacillus:HSG0
54911,Brevibacillus choshinensis,55080:0,False,Brevibacillus:HSG0
54913,Brevibacillus formosus,55080:0,False,Brevibacillus:HSG0
54914,Brevibacillus parabrevis,55080:0,False,Brevibacillus:HSG0
927786,Brevibacillus aydinogluensis,55080:3,True,Brevibacillus:HSG3
2496837,Brevibacillus marinus,55080:4,True,Brevibacillus:HSG4
2796470,Brevibacillus composti,55080:6,True,Brevibacillus:HSG6
2895522,Brevibacillus humidisoli,55080:1,True,Brevibacillus:HSG1
2950604,Brevibacillus ruminantium,55080:2,True,Brevibacillus:HSG2
1575,Leifsonia xyli,110932:0,False,Leifsonia:HSG0
150026,Leifsonia shinshuensis,110932:0,False,Leifsonia:HSG0
930805,Halioglobus japonicus,1217416:1,True,Halioglobus:HSG1
2601894,Halioglobus maricola,1217416:0,True,Halioglobus:HSG0
172,Leptospira biflexa,171:2,True,Leptospira:HSG2
173,Leptospira interrogans,171:0,False,Leptospira:HSG0
174,Leptospira borgpetersenii,171:0,False,Leptospira:HSG0
28182,Leptospira noguchii,171:0,False,Leptospira:HSG0
28183,Leptospira santarosai,171:0,False,Leptospira:HSG0
28184,Leptospira weilii,171:0,False,Leptospira:HSG0
29507,Leptospira kirschneri,171:0,False,Leptospira:HSG0
408139,Leptospira kmetyi,171:0,False,Leptospira:HSG0
1137606,Leptospira mayottensis,171:0,False,Leptospira:HSG0
1917830,Leptospira kobayashii,171:1,True,Leptospira:HSG1
2564040,Leptospira tipperaryensis,171:0,False,Leptospira:HSG0
715,Actinobacillus pleuropneumoniae,713:2,False,Actinobacillus:HSG2
716,Actinobacillus suis,713:0,False,Actinobacillus:HSG0
718,Actinobacillus equuli,713:0,False,Actinobacillus:HSG0
720,Actinobacillus lignieresii,713:2,False,Actinobacillus:HSG2
51049,Actinobacillus indolicus,713:4,True,Actinobacillus:HSG4
51161,Actinobacillus delphinicola,713:5,True,Actinobacillus:HSG5
67854,Actinobacillus succinogenes,713:3,True,Actinobacillus:HSG3
157339,Actinobacillus arthritidis,713:6,True,Actinobacillus:HSG6
189834,Actinobacillus porcitonsillarum,713:1,True,Actinobacillus:HSG1
225148,Candidatus Rhabdochlamydia porcellionis,292833:1,True,Candidatus Rhabdochlamydia:HSG1
2720720,Candidatus Rhabdochlamydia oedothoracis,292833:0,True,Candidatus Rhabdochlamydia:HSG0
563172,Ferruginibacter lapsinanis,1004303:1,True,Ferruginibacter:HSG1
2875540,Ferruginibacter albus,1004303:0,True,Ferruginibacter:HSG0
316,Stutzerimonas stutzeri,2901164:0,False,Stutzerimonas:HSG0
74829,Stutzerimonas balearica,2901164:1,True,Stutzerimonas:HSG1
203192,Stutzerimonas chloritidismutans,2901164:0,False,Stutzerimonas:HSG0
1176257,Stutzerimonas zhaodongensis,2901164:0,False,Stutzerimonas:HSG0
1211807,Stutzerimonas kunmingensis,2901164:0,False,Stutzerimonas:HSG0
2968968,Stutzerimonas degradans,2901164:0,False,Stutzerimonas:HSG0
2968969,Stutzerimonas frequens,2901164:0,False,Stutzerimonas:HSG0
3022791,Stutzerimonas decontaminans,2901164:0,False,Stutzerimonas:HSG0
1069,Rhodomicrobium vannielii,1068:0,False,Rhodomicrobium:HSG0
2498452,Rhodomicrobium lacus,1068:0,False,Rhodomicrobium:HSG0
159,Brachyspira hyodysenteriae,29521:0,False,Brachyspira:HSG0
52584,Brachyspira pilosicoli,29521:1,True,Brachyspira:HSG1
84377,Brachyspira intermedia,29521:0,False,Brachyspira:HSG0
84378,Brachyspira murdochii,29521:0,False,Brachyspira:HSG0
1287055,Brachyspira hampsonii,29521:0,False,Brachyspira:HSG0
44935,Vreelandella venusta,3137766:2,False,Vreelandella:HSG2
115551,Vreelandella neptunia,3137766:0,False,Vreelandella:HSG0
272774,Vreelandella alkaliphila,3137766:2,False,Vreelandella:HSG2
664683,Vreelandella titanicae,3137766:0,False,Vreelandella:HSG0
2609667,Vreelandella piezotolerans,3137766:3,True,Vreelandella:HSG3
2852117,Vreelandella profundi,3137766:1,True,Vreelandella:HSG1
247,Empedobacter brevis,59734:1,True,Empedobacter:HSG1
343874,Empedobacter falsenii,59734:0,False,Empedobacter:HSG0
1628248,Empedobacter stercoris,59734:0,False,Empedobacter:HSG0
255247,Fictibacillus arsenicus,1329200:0,False,Fictibacillus:HSG0
1017270,Fictibacillus enclensis,1329200:1,True,Fictibacillus:HSG1
1221500,Fictibacillus phosphorivorans,1329200:0,False,Fictibacillus:HSG0
1828,Rhodococcoides fascians,3259750:1,True,Rhodococcoides:HSG1
293050,Rhodococcoides kroppenstedtii,3259750:0,True,Rhodococcoides:HSG0
13688,Novosphingobium capsulatum,165696:5,True,Novosphingobium:HSG5
48935,Novosphingobium aromaticivorans,165696:6,True,Novosphingobium:HSG6
158500,Novosphingobium resinovorum,165696:7,True,Novosphingobium:HSG7
205844,Novosphingobium pentaromativorans,165696:4,True,Novosphingobium:HSG4
1176536,Novosphingobium ginsenosidimutans,165696:3,True,Novosphingobium:HSG3
2282397,Novosphingobium humi,165696:2,True,Novosphingobium:HSG2
2698673,Novosphingobium decolorationis,165696:1,True,Novosphingobium:HSG1
2896849,Novosphingobium kaempferiae,165696:0,True,Novosphingobium:HSG0
14,Dictyoglomus thermophilum,13:1,True,Dictyoglomus:HSG1
513050,Dictyoglomus turgidum,13:0,True,Dictyoglomus:HSG0
1108,Chloroflexus aurantiacus,1107:1,True,Chloroflexus:HSG1
152260,Chloroflexus aggregans,1107:0,True,Chloroflexus:HSG0
70799,Nodularia spumigena,159191:0,False,Nodularia:HSG0
137816,Nodularia sphaerocarpa,159191:0,False,Nodularia:HSG0
914153,Salinimonas lutimaris,288793:2,True,Salinimonas:HSG2
2303538,Salinimonas sediminis,288793:3,True,Salinimonas:HSG3
2572577,Salinimonas iocasae,288793:1,True,Salinimonas:HSG1
2785918,Salinimonas marina,288793:0,True,Salinimonas:HSG0
556,Dickeya chrysanthemi,204037:1,False,Dickeya:HSG1
204038,Dickeya dadantii,204037:0,False,Dickeya:HSG0
204039,Dickeya dianthicola,204037:0,False,Dickeya:HSG0
204042,Dickeya zeae,204037:1,False,Dickeya:HSG1
568768,Dickeya poaceiphila,204037:3,True,Dickeya:HSG3
1089444,Dickeya solani,204037:0,False,Dickeya:HSG0
1401087,Dickeya aquatica,204037:2,True,Dickeya:HSG2
1778540,Dickeya fangzhongdai,204037:0,False,Dickeya:HSG0
2259638,Dickeya lacustris,204037:1,False,Dickeya:HSG1
2893572,Dickeya parazeae,204037:1,False,Dickeya:HSG1
1874,Micromonospora chalcea,1873:1,False,Micromonospora:HSG1
47850,Micromonospora aurantiaca,1873:1,False,Micromonospora:HSG1
47853,Micromonospora carbonacea,1873:5,True,Micromonospora:HSG5
47871,Micromonospora peucetia,1873:2,True,Micromonospora:HSG2
47875,Micromonospora sagamiensis,1873:1,False,Micromonospora:HSG1
291594,Micromonospora rifamycinica,1873:3,True,Micromonospora:HSG3
479978,Micromonospora tulbaghiae,1873:1,False,Micromonospora:HSG1
515350,Micromonospora endophytica,1873:0,False,Micromonospora:HSG0
709868,Micromonospora ureilytica,1873:4,False,Micromonospora:HSG4
709879,Micromonospora halotolerans,1873:1,False,Micromonospora:HSG1
709883,Micromonospora zamorensis,1873:4,False,Micromonospora:HSG4
1003110,Micromonospora maris,1873:0,False,Micromonospora:HSG0
1420889,Micromonospora profundi,1873:4,False,Micromonospora:HSG4
1894969,Micromonospora globbae,1873:1,False,Micromonospora:HSG1
1914461,Micromonospora terminaliae,1873:1,False,Micromonospora:HSG1
2294034,Micromonospora craniellae,1873:0,False,Micromonospora:HSG0
2749844,Micromonospora ferruginea,1873:1,False,Micromonospora:HSG1
3028804,Micromonospora cathayae,1873:1,False,Micromonospora:HSG1
293371,Paucilactobacillus oligofermentans,2767890:0,False,Paucilactobacillus:HSG0
1193095,Paucilactobacillus hokkaidonensis,2767890:1,True,Paucilactobacillus:HSG1
1296540,Paucilactobacillus nenjiangensis,2767890:0,False,Paucilactobacillus:HSG0
1254,Pediococcus acidilactici,1253:3,True,Pediococcus:HSG3
1255,Pediococcus pentosaceus,1253:1,True,Pediococcus:HSG1
51663,Pediococcus damnosus,1253:0,False,Pediococcus:HSG0
114090,Pediococcus inopinatus,1253:0,False,Pediococcus:HSG0
187452,Pediococcus claussenii,1253:2,True,Pediococcus:HSG2
2810512,Fulvivirga lutea,396811:2,True,Fulvivirga:HSG2
2904245,Fulvivirga ulvae,396811:3,True,Fulvivirga:HSG3
2904246,Fulvivirga ligni,396811:1,True,Fulvivirga:HSG1
2904247,Fulvivirga maritima,396811:0,True,Fulvivirga:HSG0
232537,Rhodoluna limnophila,529883:2,True,Rhodoluna:HSG2
529884,Rhodoluna lacicola,529883:1,True,Rhodoluna:HSG1
535712,Candidatus Rhodoluna planktonica,529883:0,True,Rhodoluna:HSG0
1859,Frankia alni,1854:1,True,Frankia:HSG1
106370,Frankia casuarinae,1854:0,True,Frankia:HSG0
13689,Sphingomonas paucimobilis,13687:39,True,Sphingomonas:HSG39
33051,Sphingomonas sanguinis,13687:24,True,Sphingomonas:HSG24
93064,Sphingomonas koreensis,13687:38,True,Sphingomonas:HSG38
152682,Sphingomonas melonis,13687:0,False,Sphingomonas:HSG0
185951,Sphingomonas aerolata,13687:30,True,Sphingomonas:HSG30
296544,Sphingomonas bisphenolicum,13687:23,True,Sphingomonas:HSG23
363835,Sphingomonas ginsengisoli An et al. 2013,13687:29,True,Sphingomonas:HSG29
386874,Sphingomonas sediminicola,13687:31,True,Sphingomonas:HSG31
397260,Sphingomonas sanxanigenens,13687:25,True,Sphingomonas:HSG25
424800,Sphingomonas insulae,13687:35,True,Sphingomonas:HSG35
563996,Sphingomonas hankookensis,13687:26,True,Sphingomonas:HSG26
653931,Sphingomonas alpina,13687:27,True,Sphingomonas:HSG27
1045317,Sphingomonas lutea,13687:20,True,Sphingomonas:HSG20
1176646,Sphingomonas daechungensis,13687:33,True,Sphingomonas:HSG33
1327635,Sphingomonas psychrotolerans,13687:34,True,Sphingomonas:HSG34
1541170,Sphingomonas morindae,13687:32,True,Sphingomonas:HSG32
1549858,Sphingomonas taxi,13687:0,False,Sphingomonas:HSG0
1560345,Sphingomonas panacis,13687:22,True,Sphingomonas:HSG22
1609977,Sphingomonas hengshuiensis,13687:21,True,Sphingomonas:HSG21
1813468,Sphingomonas naphthae,13687:36,True,Sphingomonas:HSG36
1813879,Sphingomonas panacisoli,13687:28,True,Sphingomonas:HSG28
2071607,Sphingomonas rhizophila,13687:37,True,Sphingomonas:HSG37
2319844,Sphingomonas paeninsulae,13687:15,True,Sphingomonas:HSG15
2594473,Sphingomonas xanthus,13687:14,True,Sphingomonas:HSG14
2599297,Sphingomonas suaedae,13687:13,True,Sphingomonas:HSG13
2681549,Sphingomonas profundi,13687:19,True,Sphingomonas:HSG19
2698679,Sphingomonas changnyeongensis,13687:6,True,Sphingomonas:HSG6
2698828,Sphingomonas lacunae,13687:10,True,Sphingomonas:HSG10
2714943,Sphingomonas piscis,13687:9,True,Sphingomonas:HSG9
2714944,Sphingomonas sinipercae,13687:11,True,Sphingomonas:HSG11
2759526,Sphingomonas aliaeris,13687:17,True,Sphingomonas:HSG17
2764186,Sphingomonas sabuli,13687:18,True,Sphingomonas:HSG18
2872652,Sphingomonas nostoxanthinifaciens,13687:4,True,Sphingomonas:HSG4
2890321,Sphingomonas radiodurans,13687:12,True,Sphingomonas:HSG12
2899123,Sphingomonas cannabina,13687:8,True,Sphingomonas:HSG8
2918765,Sphingomonas qomolangmaensis,13687:16,True,Sphingomonas:HSG16
2938948,Sphingomonas glaciei,13687:5,True,Sphingomonas:HSG5
2949093,Sphingomonas donggukensis,13687:7,True,Sphingomonas:HSG7
2972485,Sphingomonas endolithica,13687:3,True,Sphingomonas:HSG3
3012344,Sphingomonas abietis,13687:2,True,Sphingomonas:HSG2
3132797,Sphingomonas flavescens,13687:1,True,Sphingomonas:HSG1
1286698,Crassaminicella profunda,1848399:1,True,Crassaminicella:HSG1
2599308,Crassaminicella thermophila,1848399:2,True,Crassaminicella:HSG2
2855394,Crassaminicella indica,1848399:0,True,Crassaminicella:HSG0
708131,Aurantimicrobium minutum,1705353:0,False,Aurantimicrobium:HSG0
1987356,Aurantimicrobium photophilum,1705353:0,False,Aurantimicrobium:HSG0
82803,Trichococcus flocculiformis,82802:0,False,Trichococcus:HSG0
2094020,Trichococcus shcherbakoviae,82802:0,False,Trichococcus:HSG0
148814,Apilactobacillus kunkeei,2767877:3,True,Apilactobacillus:HSG3
1218495,Apilactobacillus apinorum,2767877:1,True,Apilactobacillus:HSG1
2419772,Apilactobacillus bombintestini,2767877:2,True,Apilactobacillus:HSG2
2923364,Apilactobacillus apisilvae,2767877:0,True,Apilactobacillus:HSG0
119864,Marinomonas mediterranea,28253:7,True,Marinomonas:HSG7
178399,Marinomonas primoryensis,28253:6,True,Marinomonas:HSG6
383750,Marinomonas arctica,28253:5,True,Marinomonas:HSG5
491948,Marinomonas rhizomae,28253:3,True,Marinomonas:HSG3
491950,Marinomonas foliarum,28253:4,True,Marinomonas:HSG4
936476,Marinomonas posidonica,28253:1,True,Marinomonas:HSG1
2726122,Marinomonas profundi,28253:2,True,Marinomonas:HSG2
2773454,Marinomonas algicola,28253:0,True,Marinomonas:HSG0
1670,Arthrobacter citreus,1663:0,False,Arthrobacter:HSG0
37921,Arthrobacter agilis,1663:2,False,Arthrobacter:HSG2
37928,Arthrobacter crystallopoietes,1663:8,True,Arthrobacter:HSG8
156980,Arthrobacter woluwensis,1663:5,True,Arthrobacter:HSG5
199136,Arthrobacter koreensis,1663:0,False,Arthrobacter:HSG0
409290,Arthrobacter oryzae,1663:6,True,Arthrobacter:HSG6
656366,Arthrobacter alpinus,1663:7,True,Arthrobacter:HSG7
2211210,Arthrobacter dokdonellae,1663:3,True,Arthrobacter:HSG3
2486855,Arthrobacter sulfonylureivorans,1663:9,True,Arthrobacter:HSG9
2813727,Arthrobacter polaris,1663:4,True,Arthrobacter:HSG4
2816859,Arthrobacter sunyaminii,1663:1,False,Arthrobacter:HSG1
2817475,Arthrobacter jiangjiafuii,1663:1,False,Arthrobacter:HSG1
2886935,Arthrobacter caoxuetaonis,1663:0,False,Arthrobacter:HSG0
2886936,Arthrobacter zhangbolii,1663:0,False,Arthrobacter:HSG0
2886940,Arthrobacter gengyunqii,1663:1,False,Arthrobacter:HSG1
2895818,Arthrobacter antioxidans,1663:2,False,Arthrobacter:HSG2
2964609,Arthrobacter jinronghuae,1663:1,False,Arthrobacter:HSG1
2964616,Arthrobacter zhaoxinii,1663:1,False,Arthrobacter:HSG1
1598,Limosilactobacillus reuteri,2742598:4,True,Limosilactobacillus:HSG4
1613,Limosilactobacillus fermentum,2742598:5,True,Limosilactobacillus:HSG5
1632,Limosilactobacillus oris,2742598:6,True,Limosilactobacillus:HSG6
1633,Limosilactobacillus vaginalis,2742598:0,False,Limosilactobacillus:HSG0
35787,Limosilactobacillus pontis,2742598:7,True,Limosilactobacillus:HSG7
47493,Limosilactobacillus panis,2742598:2,True,Limosilactobacillus:HSG2
97478,Limosilactobacillus mucosae,2742598:8,True,Limosilactobacillus:HSG8
104955,Limosilactobacillus frumenti,2742598:3,True,Limosilactobacillus:HSG3
227942,Limosilactobacillus gastricus,2742598:1,True,Limosilactobacillus:HSG1
2742601,Limosilactobacillus portuensis,2742598:0,False,Limosilactobacillus:HSG0
2079792,Mycetocola zhujimingii,76634:1,True,Mycetocola:HSG1
2859226,Mycetocola spongiae,76634:0,True,Mycetocola:HSG0
2041,Aeromicrobium erythreum,2040:2,True,Aeromicrobium:HSG2
2079793,Aeromicrobium chenweiae,2040:1,False,Aeromicrobium:HSG1
2662028,Aeromicrobium yanjiei,2040:1,False,Aeromicrobium:HSG1
2663859,Aeromicrobium senzhongii,2040:0,False,Aeromicrobium:HSG0
2968086,Aeromicrobium duanguangcaii,2040:0,False,Aeromicrobium:HSG0
2969247,Aeromicrobium wangtongii,2040:3,True,Aeromicrobium:HSG3
1747,Cutibacterium acnes,1912216:3,True,Cutibacterium:HSG3
33010,Cutibacterium avidum,1912216:4,True,Cutibacterium:HSG4
33011,Cutibacterium granulosum,1912216:1,True,Cutibacterium:HSG1
2559073,Cutibacterium modestum,1912216:2,True,Cutibacterium:HSG2
3016342,Cutibacterium equinum,1912216:0,True,Cutibacterium:HSG0
1061,Rhodobacter capsulatus,1060:1,True,Rhodobacter:HSG1
1850250,Rhodobacter xanthinilyticus,1060:0,True,Rhodobacter:HSG0
769,Anaplasma centrale,768:0,False,Anaplasma:HSG0
770,Anaplasma marginale,768:0,False,Anaplasma:HSG0
948,Anaplasma phagocytophilum,768:1,True,Anaplasma:HSG1
142058,Anaplasma ovis,768:0,False,Anaplasma:HSG0
36873,Paraburkholderia xenovorans,1822464:1,False,Paraburkholderia:HSG1
60548,Paraburkholderia graminis,1822464:19,True,Paraburkholderia:HSG19
75105,Paraburkholderia caribensis,1822464:2,False,Paraburkholderia:HSG2
92647,Paraburkholderia tropica,1822464:13,True,Paraburkholderia:HSG13
134536,Paraburkholderia caledonica,1822464:3,False,Paraburkholderia:HSG3
134537,Paraburkholderia fungorum,1822464:0,False,Paraburkholderia:HSG0
148447,Paraburkholderia phymatum,1822464:16,True,Paraburkholderia:HSG16
169427,Paraburkholderia terricola,1822464:20,True,Paraburkholderia:HSG20
169430,Paraburkholderia hospita,1822464:2,False,Paraburkholderia:HSG2
252970,Paraburkholderia phenoliruptrix,1822464:10,True,Paraburkholderia:HSG10
261302,Paraburkholderia phytofirmans,1822464:0,False,Paraburkholderia:HSG0
273251,Paraburkholderia sabiae,1822464:2,False,Paraburkholderia:HSG2
311230,Paraburkholderia terrae,1822464:2,False,Paraburkholderia:HSG2
311231,Paraburkholderia ginsengisoli,1822464:12,True,Paraburkholderia:HSG12
420952,Paraburkholderia bryophila,1822464:9,True,Paraburkholderia:HSG9
420953,Paraburkholderia megapolitana,1822464:14,True,Paraburkholderia:HSG14
948107,Paraburkholderia sprentiae,1822464:17,True,Paraburkholderia:HSG17
984307,Paraburkholderia kururiensis,1822464:15,True,Paraburkholderia:HSG15
1245436,Paraburkholderia kirstenboschensis,1822464:3,False,Paraburkholderia:HSG3
1761016,Paraburkholderia caffeinilytica,1822464:11,True,Paraburkholderia:HSG11
2026199,Paraburkholderia aromaticivorans,1822464:0,False,Paraburkholderia:HSG0
2152891,Paraburkholderia bonniea,1822464:4,True,Paraburkholderia:HSG4
2211211,Paraburkholderia dokdonensis,1822464:5,True,Paraburkholderia:HSG5
2571747,Paraburkholderia acidiphila,1822464:7,True,Paraburkholderia:HSG7
2571748,Paraburkholderia acidisoli,1822464:18,True,Paraburkholderia:HSG18
2604047,Paraburkholderia dioscoreae,1822464:1,False,Paraburkholderia:HSG1
2654982,Paraburkholderia atlantica,1822464:8,True,Paraburkholderia:HSG8
2861782,Paraburkholderia edwinii,1822464:6,True,Paraburkholderia:HSG6
3014751,Paraburkholderia largidicola,1822464:2,False,Paraburkholderia:HSG2
76853,Solibacillus silvestris,648800:1,True,Solibacillus:HSG1
2912187,Solibacillus daqui,648800:0,True,Solibacillus:HSG0
71190,Pseudanabaena mucicola,1152:1,True,Pseudanabaena:HSG1
1112103,Pseudanabaena galeata,1152:0,True,Pseudanabaena:HSG0
2099786,Salicibibacter kimchii,2685905:3,True,Salicibibacter:HSG3
2502791,Salicibibacter halophilus,2685905:1,True,Salicibibacter:HSG1
2743000,Salicibibacter cibarius,2685905:2,True,Salicibibacter:HSG2
2743001,Salicibibacter cibi,2685905:0,True,Salicibibacter:HSG0
63186,Zobellia galactanivorans,112040:2,True,Zobellia:HSG2
248906,Zobellia laminariae,112040:1,True,Zobellia:HSG1
3032586,Zobellia alginiliquefaciens,112040:0,True,Zobellia:HSG0
639200,Sphaerotilus sulfidivorans,34102:1,True,Sphaerotilus:HSG1
2914710,Sphaerotilus microaerophilus,34102:0,True,Sphaerotilus:HSG0
302406,Advenella mimigardefordensis,290425:0,False,Advenella:HSG0
310575,Advenella kashmirensis,290425:0,False,Advenella:HSG0
1481665,Advenella alkanexedens,290425:1,True,Advenella:HSG1
1547,Thomasclavelia ramosa,3025755:1,True,Thomasclavelia:HSG1
29348,Thomasclavelia spiroformis,3025755:0,True,Thomasclavelia:HSG0
332411,Aquitalea magnusonii,407217:0,False,Aquitalea:HSG0
519081,Aquitalea denitrificans,407217:0,False,Aquitalea:HSG0
1537400,Aquitalea aquatilis,407217:0,False,Aquitalea:HSG0
1736,Eubacterium limosum,1730:0,False,Eubacterium:HSG0
39496,Eubacterium ventriosum,1730:1,True,Eubacterium:HSG1
53442,Eubacterium callanderi,1730:0,False,Eubacterium:HSG0
2041044,Eubacterium maltosivorans,1730:2,True,Eubacterium:HSG2
287,Pseudomonas aeruginosa,286:6,False,Pseudomonas:HSG6
294,Pseudomonas fluorescens,286:2,False,Pseudomonas:HSG2
296,Pseudomonas fragi,286:2,False,Pseudomonas:HSG2
298,Pseudomonas marginalis,286:2,False,Pseudomonas:HSG2
300,Pseudomonas mendocina,286:9,False,Pseudomonas:HSG9
301,Pseudomonas oleovorans,286:9,False,Pseudomonas:HSG9
303,Pseudomonas putida,286:2,False,Pseudomonas:HSG2
317,Pseudomonas syringae,286:2,False,Pseudomonas:HSG2
29438,Pseudomonas savastanoi,286:2,False,Pseudomonas:HSG2
29442,Pseudomonas tolaasii,286:2,False,Pseudomonas:HSG2
33069,Pseudomonas viridiflava,286:23,True,Pseudomonas:HSG23
36746,Pseudomonas cichorii,286:5,False,Pseudomonas:HSG5
43263,Pseudomonas alcaligenes,286:2,False,Pseudomonas:HSG2
46257,Pseudomonas avellanae,286:2,False,Pseudomonas:HSG2
46679,Pseudomonas mucidolens,286:2,False,Pseudomonas:HSG2
46680,Pseudomonas nitroreducens,286:0,False,Pseudomonas:HSG0
47877,Pseudomonas amygdali,286:2,False,Pseudomonas:HSG2
47878,Pseudomonas azotoformans,286:2,False,Pseudomonas:HSG2
47879,Pseudomonas corrugata,286:2,False,Pseudomonas:HSG2
47880,Pseudomonas fulva,286:2,False,Pseudomonas:HSG2
47883,Pseudomonas synxantha,286:2,False,Pseudomonas:HSG2
47884,Pseudomonas taetrolens,286:2,False,Pseudomonas:HSG2
47885,Pseudomonas oryzihabitans,286:24,True,Pseudomonas:HSG24
47886,Pseudomonas luteola,286:19,True,Pseudomonas:HSG19
53407,Pseudomonas asplenii,286:2,False,Pseudomonas:HSG2
53408,Pseudomonas citronellolis,286:0,False,Pseudomonas:HSG0
53409,Pseudomonas coronafaciens,286:2,False,Pseudomonas:HSG2
53410,Pseudomonas ficuserectae,286:2,False,Pseudomonas:HSG2
53412,Pseudomonas resinovorans,286:4,False,Pseudomonas:HSG4
65741,Pseudomonas knackmussii,286:0,False,Pseudomonas:HSG0
70775,Pseudomonas plecoglossicida,286:2,False,Pseudomonas:HSG2
75612,Pseudomonas mandelii,286:2,False,Pseudomonas:HSG2
76758,Pseudomonas orientalis,286:2,False,Pseudomonas:HSG2
76759,Pseudomonas monteilii,286:2,False,Pseudomonas:HSG2
76760,Pseudomonas rhodesiae,286:2,False,Pseudomonas:HSG2
76761,Pseudomonas veronii,286:2,False,Pseudomonas:HSG2
78327,Pseudomonas mosselii,286:2,False,Pseudomonas:HSG2
78543,Pseudomonas migulae,286:2,False,Pseudomonas:HSG2
86185,Pseudomonas lundensis,286:2,False,Pseudomonas:HSG2
86840,Pseudomonas cannabina,286:2,False,Pseudomonas:HSG2
95301,Pseudomonas multiresinivorans,286:0,False,Pseudomonas:HSG0
101564,Pseudomonas alcaliphila,286:9,False,Pseudomonas:HSG9
104087,Pseudomonas frederiksbergensis,286:2,False,Pseudomonas:HSG2
122355,Pseudomonas psychrophila,286:2,False,Pseudomonas:HSG2
129817,Pseudomonas brenneri,286:2,False,Pseudomonas:HSG2
157782,Pseudomonas parafulva,286:2,False,Pseudomonas:HSG2
157783,Pseudomonas cremoricolorata,286:2,False,Pseudomonas:HSG2
158627,Pseudomonas graminis,286:1,False,Pseudomonas:HSG1
169669,Pseudomonas extremorientalis,286:2,False,Pseudomonas:HSG2
183795,Pseudomonas mediterranea,286:2,False,Pseudomonas:HSG2
191390,Pseudomonas palleroniana,286:2,False,Pseudomonas:HSG2
198618,Pseudomonas umsongensis,286:2,False,Pseudomonas:HSG2
198620,Pseudomonas koreensis,286:2,False,Pseudomonas:HSG2
200451,Pseudomonas poae,286:2,False,Pseudomonas:HSG2
200452,Pseudomonas congelans,286:2,False,Pseudomonas:HSG2
200454,Pseudomonas tremae,286:2,False,Pseudomonas:HSG2
216142,Pseudomonas rhizosphaerae,286:1,False,Pseudomonas:HSG1
219572,Pseudomonas antarctica,286:2,False,Pseudomonas:HSG2
237609,Pseudomonas alkylphenolica,286:2,False,Pseudomonas:HSG2
244566,Pseudomonas lurida,286:2,False,Pseudomonas:HSG2
289370,Pseudomonas argentinensis,286:18,True,Pseudomonas:HSG18
312306,Pseudomonas entomophila,286:2,False,Pseudomonas:HSG2
319939,Pseudomonas otitidis,286:21,True,Pseudomonas:HSG21
321662,Pseudomonas moraviensis,286:2,False,Pseudomonas:HSG2
321846,Pseudomonas simiae,286:2,False,Pseudomonas:HSG2
359110,Pseudomonas extremaustralis,286:2,False,Pseudomonas:HSG2
380021,Pseudomonas protegens,286:20,True,Pseudomonas:HSG20
437900,Pseudomonas marincola,286:12,True,Pseudomonas:HSG12
470150,Pseudomonas taiwanensis,286:2,False,Pseudomonas:HSG2
485870,Pseudomonas anuradhapurensis,286:2,False,Pseudomonas:HSG2
485880,Pseudomonas kurunegalensis,286:2,False,Pseudomonas:HSG2
485898,Pseudomonas promysalinigenes,286:2,False,Pseudomonas:HSG2
489632,Pseudomonas chengduensis,286:9,False,Pseudomonas:HSG9
515393,Pseudomonas yamanorum,286:2,False,Pseudomonas:HSG2
554344,Pseudomonas toyotomiensis,286:9,False,Pseudomonas:HSG9
556533,Pseudomonas benzenivorans,286:15,True,Pseudomonas:HSG15
587753,Pseudomonas chlororaphis,286:2,False,Pseudomonas:HSG2
640205,Pseudomonas seleniipraecipitans,286:17,True,Pseudomonas:HSG17
658629,Pseudomonas sessilinigenes,286:2,False,Pseudomonas:HSG2
915099,Pseudomonas canadensis,286:2,False,Pseudomonas:HSG2
930166,Pseudomonas brassicacearum,286:2,False,Pseudomonas:HSG2
1114970,Pseudomonas ogarae,286:2,False,Pseudomonas:HSG2
1149133,Pseudomonas furukawaii,286:4,False,Pseudomonas:HSG4
1163398,Pseudomonas donghuensis,286:2,False,Pseudomonas:HSG2
1190415,Pseudomonas asturiensis,286:16,True,Pseudomonas:HSG16
1198456,Pseudomonas guguanensis,286:7,True,Pseudomonas:HSG7
1302376,Candidatus Pseudomonas adelgestsugas,286:8,True,Pseudomonas:HSG8
1306993,Pseudomonas soli,286:2,False,Pseudomonas:HSG2
1421430,Pseudomonas granadensis,286:2,False,Pseudomonas:HSG2
1495066,Pseudomonas capeferrum,286:2,False,Pseudomonas:HSG2
1499686,Pseudomonas saudiphocaensis,286:11,True,Pseudomonas:HSG11
1583341,Pseudomonas cerasi,286:2,False,Pseudomonas:HSG2
1605838,Pseudomonas coleopterorum,286:1,False,Pseudomonas:HSG1
1628086,Pseudomonas kribbensis,286:2,False,Pseudomonas:HSG2
1691904,Pseudomonas sediminis,286:22,True,Pseudomonas:HSG22
1785145,Pseudomonas glycinae,286:2,False,Pseudomonas:HSG2
1785161,Pseudomonas wadenswilerensis,286:2,False,Pseudomonas:HSG2
1788301,Pseudomonas versuta,286:2,False,Pseudomonas:HSG2
1853130,Pseudomonas silesiensis,286:2,False,Pseudomonas:HSG2
1880678,Pseudomonas sivasensis,286:2,False,Pseudomonas:HSG2
1940621,Pseudomonas alloputida,286:2,False,Pseudomonas:HSG2
1940636,Pseudomonas shirazica,286:2,False,Pseudomonas:HSG2
2011015,Pseudomonas laurylsulfatiphila,286:2,False,Pseudomonas:HSG2
2056231,Pseudomonas qingdaonensis,286:2,False,Pseudomonas:HSG2
2213015,Pseudomonas sichuanensis,286:2,False,Pseudomonas:HSG2
2219225,Pseudomonas asiatica,286:2,False,Pseudomonas:HSG2
2320867,Pseudomonas cavernae,286:3,True,Pseudomonas:HSG3
2364649,Pseudomonas laurentiana,286:2,False,Pseudomonas:HSG2
2493633,Pseudomonas hydrolytica,286:9,False,Pseudomonas:HSG9
2502979,Pseudomonas khazarica,286:9,False,Pseudomonas:HSG9
2505979,Pseudomonas viciae,286:2,False,Pseudomonas:HSG2
2518644,Pseudomonas tructae,286:2,False,Pseudomonas:HSG2
2565368,Pseudomonas atacamensis,286:2,False,Pseudomonas:HSG2
2599595,Pseudomonas eucalypticola,286:2,False,Pseudomonas:HSG2
2600598,Pseudomonas saxonica,286:2,False,Pseudomonas:HSG2
2604832,Pseudomonas lalkuanensis,286:4,False,Pseudomonas:HSG4
2614538,Pseudomonas piscis,286:2,False,Pseudomonas:HSG2
2666183,Pseudomonas juntendi,286:2,False,Pseudomonas:HSG2
2681983,Pseudomonas bijieensis,286:2,False,Pseudomonas:HSG2
2684212,Pseudomonas izuensis,286:2,False,Pseudomonas:HSG2
2725477,Pseudomonas tohonis,286:2,False,Pseudomonas:HSG2
2731552,Pseudomonas solani,286:2,False,Pseudomonas:HSG2
2731681,Pseudomonas campi,286:13,True,Pseudomonas:HSG13
2738125,Pseudomonas hefeiensis,286:2,False,Pseudomonas:HSG2
2745482,Pseudomonas kermanshahensis,286:2,False,Pseudomonas:HSG2
2745490,Pseudomonas xantholysinigenes,286:2,False,Pseudomonas:HSG2
2745495,Pseudomonas vanderleydeniana,286:2,False,Pseudomonas:HSG2
2745503,Pseudomonas iranensis,286:2,False,Pseudomonas:HSG2
2745504,Pseudomonas hamedanensis,286:2,False,Pseudomonas:HSG2
2745509,Pseudomonas monsensis,286:2,False,Pseudomonas:HSG2
2745510,Pseudomonas zeae,286:2,False,Pseudomonas:HSG2
2745511,Pseudomonas tensinigenes,286:2,False,Pseudomonas:HSG2
2745512,Pseudomonas shahriarae,286:2,False,Pseudomonas:HSG2
2745514,Pseudomonas salmasensis,286:2,False,Pseudomonas:HSG2
2745518,Pseudomonas tritici,286:2,False,Pseudomonas:HSG2
2746321,Pseudomonas phenolilytica,286:10,True,Pseudomonas:HSG10
2762577,Pseudomonas kielensis,286:2,False,Pseudomonas:HSG2
2774460,Pseudomonas allokribbensis,286:2,False,Pseudomonas:HSG2
2774461,Pseudomonas gozinkensis,286:2,False,Pseudomonas:HSG2
2812000,Pseudomonas hygromyciniae,286:2,False,Pseudomonas:HSG2
2815720,Pseudomonas germanica,286:2,False,Pseudomonas:HSG2
2837969,Pseudomonas fitomaticsae,286:2,False,Pseudomonas:HSG2
2842346,Pseudomonas siliginis,286:2,False,Pseudomonas:HSG2
2842348,Pseudomonas alvandae,286:2,False,Pseudomonas:HSG2
2842349,Pseudomonas asgharzadehiana,286:2,False,Pseudomonas:HSG2
2842350,Pseudomonas azerbaijanorientalis,286:2,False,Pseudomonas:HSG2
2842354,Pseudomonas maumuensis,286:2,False,Pseudomonas:HSG2
2842355,Pseudomonas fakonensis,286:2,False,Pseudomonas:HSG2
2842356,Pseudomonas xanthosomatis,286:2,False,Pseudomonas:HSG2
2842357,Pseudomonas muyukensis,286:2,False,Pseudomonas:HSG2
2853159,Pseudomonas pergaminensis,286:2,False,Pseudomonas:HSG2
2867264,Pseudomonas phytophila,286:2,False,Pseudomonas:HSG2
2894079,Pseudomonas oryziphila,286:2,False,Pseudomonas:HSG2
2906062,Pseudomonas wenzhouensis,286:9,False,Pseudomonas:HSG9
2931382,Pseudomonas abieticivorans,286:2,False,Pseudomonas:HSG2
2954082,Pseudomonas cucumis,286:2,False,Pseudomonas:HSG2
2954098,Pseudomonas wuhanensis,286:2,False,Pseudomonas:HSG2
2954101,Pseudomonas beijingensis,286:2,False,Pseudomonas:HSG2
2961893,Pseudomonas triclosanedens,286:0,False,Pseudomonas:HSG0
2961896,Pseudomonas nunensis,286:2,False,Pseudomonas:HSG2
2994495,Pseudomonas paraeruginosa,286:6,False,Pseudomonas:HSG6
2995174,Pseudomonas quebecensis,286:2,False,Pseudomonas:HSG2
2995658,Pseudomonas lijiangensis,286:5,False,Pseudomonas:HSG5
3040598,Pseudomonas paraveronii,286:2,False,Pseudomonas:HSG2
3042029,Pseudomonas svalbardensis,286:2,False,Pseudomonas:HSG2
3043408,Pseudomonas kulmbachensis,286:2,False,Pseudomonas:HSG2
3093767,Pseudomonas hormoni,286:2,False,Pseudomonas:HSG2
3110772,Pseudomonas paeninsulae,286:14,True,Pseudomonas:HSG14
3233375,Pseudomonas fortuita,286:2,False,Pseudomonas:HSG2
227318,Actinocatenispora thailandica,390988:0,False,Actinocatenispora:HSG0
390989,Actinocatenispora sera,390988:0,False,Actinocatenispora:HSG0
143495,Aneurinibacillus thermoaerophilus,55079:1,True,Aneurinibacillus:HSG1
1500254,Aneurinibacillus soli,55079:2,True,Aneurinibacillus:HSG2
2966586,Aneurinibacillus uraniidurans,55079:0,True,Aneurinibacillus:HSG0
2706014,Nitrosophilus labii,2795692:1,True,Nitrosophilus:HSG1
2714855,Nitrosophilus alvini,2795692:2,True,Nitrosophilus:HSG2
2930200,Nitrosophilus kaiyonis,2795692:0,True,Nitrosophilus:HSG0
959,Bdellovibrio bacteriovorus,958:1,True,Bdellovibrio:HSG1
2835041,Bdellovibrio reynosensis,958:0,True,Bdellovibrio:HSG0
349064,Thalassotalea agarivorans,1518149:3,True,Thalassotalea:HSG3
1230533,Thalassotalea piscium,1518149:4,True,Thalassotalea:HSG4
1759089,Thalassotalea sediminis,1518149:5,True,Thalassotalea:HSG5
1763536,Thalassotalea crassostreae,1518149:1,True,Thalassotalea:HSG1
2054316,Thalassotalea atypica,1518149:2,True,Thalassotalea:HSG2
3030492,Thalassotalea hakodatensis,1518149:0,True,Thalassotalea:HSG0
1126,Microcystis aeruginosa,1125:0,False,Microcystis:HSG0
44822,Microcystis viridis,1125:0,False,Microcystis:HSG0
513223,Microcystis panniformis,1125:0,False,Microcystis:HSG0
114186,Candidatus Carsonella ruddii,114185:1,True,Candidatus Carsonella:HSG1
2661587,Candidatus Carsonella ruddii (Diaphorina cf. continua),114185:0,True,Candidatus Carsonella:HSG0
864069,Microvirga lotononidis,186650:2,True,Microvirga:HSG2
1882682,Microvirga ossetica,186650:3,True,Microvirga:HSG3
2651334,Microvirga thermotolerans,186650:1,True,Microvirga:HSG1
2740529,Microvirga terrae,186650:0,True,Microvirga:HSG0
158,Treponema denticola,157:12,True,Treponema:HSG12
160,Treponema pallidum,157:1,False,Treponema:HSG1
162,Treponema phagedenis,157:10,True,Treponema:HSG10
167,Treponema succinifaciens,157:7,True,Treponema:HSG7
53419,Treponema socranskii,157:11,True,Treponema:HSG11
53435,Treponema paraluiscuniculi,157:1,False,Treponema:HSG1
58231,Treponema medium,157:0,False,Treponema:HSG0
69710,Treponema vincentii,157:0,False,Treponema:HSG0
81028,Treponema brennaborense,157:6,True,Treponema:HSG6
88058,Treponema primitia,157:8,True,Treponema:HSG8
138851,Treponema parvum,157:9,True,Treponema:HSG9
221027,Treponema putidum,157:4,True,Treponema:HSG4
409322,Treponema pedis,157:5,True,Treponema:HSG5
744515,Treponema ruminis,157:3,True,Treponema:HSG3
2787628,Treponema peruense,157:2,True,Treponema:HSG2
44012,Ferrimonas balearica,44011:1,True,Ferrimonas:HSG1
2724191,Ferrimonas lipolytica,44011:0,True,Ferrimonas:HSG0
556288,Brachybacterium saurashtrense,43668:3,True,Brachybacterium:HSG3
1331682,Brachybacterium ginsengisoli,43668:4,True,Brachybacterium:HSG4
1652028,Brachybacterium huguangmaarense,43668:2,True,Brachybacterium:HSG2
2017484,Brachybacterium vulturis,43668:0,False,Brachybacterium:HSG0
2017485,Brachybacterium avium,43668:0,False,Brachybacterium:HSG0
2795215,Brachybacterium halotolerans,43668:1,False,Brachybacterium:HSG1
2942909,Brachybacterium kimchii,43668:1,False,Brachybacterium:HSG1
1740262,Catenovulum sediminis,1172191:1,True,Catenovulum:HSG1
2984846,Catenovulum adriaticum,1172191:0,True,Catenovulum:HSG0
1335746,Spiribacter salinus,1335745:2,True,Spiribacter:HSG2
1335757,Spiribacter curvatus,1335745:0,False,Spiribacter:HSG0
1855875,Spiribacter roseus,1335745:0,False,Spiribacter:HSG0
2182432,Spiribacter halobius,1335745:1,True,Spiribacter:HSG1
154288,Turicibacter sanguinis,191303:0,False,Turicibacter:HSG0
2735723,Turicibacter bilis,191303:0,False,Turicibacter:HSG0
139208,Isoptericola variabilis,254250:1,True,Isoptericola:HSG1
372663,Isoptericola dokdonensis,254250:0,True,Isoptericola:HSG0
1537215,Pseudooceanicola algae,1679449:1,True,Pseudooceanicola:HSG1
2613965,Pseudooceanicola spongiae,1679449:0,True,Pseudooceanicola:HSG0
979,Cellulophaga lytica,104264:0,False,Cellulophaga:HSG0
59600,Cellulophaga algicola,104264:2,True,Cellulophaga:HSG2
76594,Cellulophaga baltica,104264:1,True,Cellulophaga:HSG1
1888890,Cellulophaga omnivescoria,104264:0,False,Cellulophaga:HSG0
2739061,Deefgea piscis,400947:0,False,Deefgea:HSG0
2865840,Deefgea tanakiae,400947:0,False,Deefgea:HSG0
2086471,Adhaeribacter swui,299566:1,True,Adhaeribacter:HSG1
2745197,Adhaeribacter radiodurans,299566:0,True,Adhaeribacter:HSG0
11,Cellulomonas gilvus,1707:7,True,Cellulomonas:HSG7
1708,Cellulomonas fimi,1707:5,True,Cellulomonas:HSG5
1711,Cellulomonas flavigena,1707:0,False,Cellulomonas:HSG0
76862,Cellulomonas iranensis,1707:0,False,Cellulomonas:HSG0
2566013,Cellulomonas shaoxiangyii,1707:6,True,Cellulomonas:HSG6
2608402,Cellulomonas palmilytica,1707:4,True,Cellulomonas:HSG4
2729175,Cellulomonas taurus,1707:2,True,Cellulomonas:HSG2
2816956,Cellulomonas wangleii,1707:0,False,Cellulomonas:HSG0
2819978,Cellulomonas fengjieae,1707:3,True,Cellulomonas:HSG3
2819979,Cellulomonas dongxiuzhuiae,1707:0,False,Cellulomonas:HSG0
2968083,Cellulomonas xiejunii,1707:0,False,Cellulomonas:HSG0
2968084,Cellulomonas chengniuliangii,1707:1,True,Cellulomonas:HSG1
2968085,Cellulomonas wangsupingiae,1707:0,False,Cellulomonas:HSG0
1177216,Candidatus Profftia tarda,1177214:1,True,Candidatus Profftia:HSG1
1987921,Candidatus Profftia lariciata,1177214:0,True,Candidatus Profftia:HSG0
1750,Arachnia propionica,2801844:1,True,Arachnia:HSG1
1547448,Arachnia rubra,2801844:0,True,Arachnia:HSG0
1247,Oenococcus oeni,46254:1,True,Oenococcus:HSG1
2203724,Oenococcus sicerae,46254:0,True,Oenococcus:HSG0
1390,Bacillus amyloliquefaciens,1386:0,False,Bacillus:HSG0
1392,Bacillus anthracis,1386:2,False,Bacillus:HSG2
1396,Bacillus cereus,1386:2,False,Bacillus:HSG2
1402,Bacillus licheniformis,1386:0,False,Bacillus:HSG0
1405,Bacillus mycoides,1386:2,False,Bacillus:HSG2
1408,Bacillus pumilus,1386:5,False,Bacillus:HSG5
1423,Bacillus subtilis,1386:0,False,Bacillus:HSG0
1428,Bacillus thuringiensis,1386:2,False,Bacillus:HSG2
1452,Bacillus atrophaeus,1386:0,False,Bacillus:HSG0
1455,Bacillus badius,1386:11,True,Bacillus:HSG11
1471,Bacillus methanolicus,1386:10,True,Bacillus:HSG10
1479,Bacillus smithii,1386:6,True,Bacillus:HSG6
64104,Bacillus pseudomycoides,1386:2,False,Bacillus:HSG2
72360,Bacillus mojavensis,1386:0,False,Bacillus:HSG0
72361,Bacillus vallismortis,1386:0,False,Bacillus:HSG0
86663,Bacillus carboniphilus,1386:7,True,Bacillus:HSG7
96241,Bacillus spizizenii,1386:0,False,Bacillus:HSG0
119858,Bacillus sonorensis,1386:0,False,Bacillus:HSG0
155322,Bacillus toyonensis,1386:2,False,Bacillus:HSG2
227866,Bacillus tequilensis,1386:0,False,Bacillus:HSG0
260554,Bacillus halotolerans,1386:0,False,Bacillus:HSG0
293387,Bacillus altitudinis,1386:5,False,Bacillus:HSG5
293388,Bacillus aerius,1386:5,False,Bacillus:HSG5
324767,Bacillus infantis,1386:8,True,Bacillus:HSG8
483913,Bacillus inaquosorum,1386:0,False,Bacillus:HSG0
492670,Bacillus velezensis,1386:0,False,Bacillus:HSG0
561879,Bacillus safensis,1386:5,False,Bacillus:HSG5
580165,Bacillus cytotoxicus,1386:12,True,Bacillus:HSG12
658666,Bacillus bombysepticus,1386:2,False,Bacillus:HSG2
659243,Bacillus siamensis,1386:0,False,Bacillus:HSG0
1178537,Bacillus xiamenensis,1386:5,False,Bacillus:HSG5
1547283,Bacillus weihaiensis,1386:9,True,Bacillus:HSG9
1648923,Bacillus paralicheniformis,1386:0,False,Bacillus:HSG0
1664069,Bacillus glycinifermentans,1386:0,False,Bacillus:HSG0
1890302,Bacillus wiedmannii,1386:2,False,Bacillus:HSG2
1925020,Bacillus swezeyi,1386:0,False,Bacillus:HSG0
1925021,Bacillus haynesii,1386:0,False,Bacillus:HSG0
1983719,Bacillus shivajii,1386:3,True,Bacillus:HSG3
2026186,Bacillus paranthracis,1386:2,False,Bacillus:HSG2
2026187,Bacillus pacificus,1386:2,False,Bacillus:HSG2
2026188,Bacillus tropicus,1386:2,False,Bacillus:HSG2
2026189,Bacillus albus,1386:2,False,Bacillus:HSG2
2026191,Bacillus luti,1386:2,False,Bacillus:HSG2
2026193,Bacillus nitratireducens,1386:2,False,Bacillus:HSG2
2054641,Bacillus stercoris,1386:0,False,Bacillus:HSG0
2487276,Bacillus cabrialesii,1386:0,False,Bacillus:HSG0
2672567,Bacillus aquiflavi,1386:4,True,Bacillus:HSG4
2715209,Bacillus rugosus,1386:0,False,Bacillus:HSG0
2728853,Bacillus fonticola,1386:1,True,Bacillus:HSG1
2819290,Bacillus arachidis,1386:2,False,Bacillus:HSG2
134,Methylocystis parvus,133:4,True,Methylocystis:HSG4
173366,Methylocystis rosea,133:2,True,Methylocystis:HSG2
391905,Methylocystis heyeri,133:3,True,Methylocystis:HSG3
655015,Methylocystis bryophila,133:1,True,Methylocystis:HSG1
2885079,Methylocystis iwaonis,133:0,True,Methylocystis:HSG0
1580,Levilactobacillus brevis,2767886:3,True,Levilactobacillus:HSG3
267363,Levilactobacillus zymae,2767886:2,True,Levilactobacillus:HSG2
637971,Levilactobacillus koreensis,2767886:1,True,Levilactobacillus:HSG1
2292255,Levilactobacillus suantsaii,2767886:0,True,Levilactobacillus:HSG0
63561,Desulfolutivibrio sulfodismutans,2773294:1,True,Desulfolutivibrio:HSG1
2773299,Desulfolutivibrio sulfoxidireducens,2773294:0,True,Desulfolutivibrio:HSG0
73919,Thermaerobacter marianensis,73918:1,True,Thermaerobacter:HSG1
554949,Thermaerobacter composti,73918:0,True,Thermaerobacter:HSG0
421,Methylomonas methanica,416:3,True,Methylomonas:HSG3
702114,Methylomonas koyamae,416:4,True,Methylomonas:HSG4
1173101,Methylomonas paludis,416:5,True,Methylomonas:HSG5
1538553,Methylomonas denitrificans,416:6,True,Methylomonas:HSG6
2608981,Methylomonas rhizoryzae,416:2,True,Methylomonas:HSG2
2963939,Methylomonas rapida,416:1,True,Methylomonas:HSG1
3058963,Methylomonas montana,416:0,True,Methylomonas:HSG0
2426,Teredinibacter turnerae,2425:1,True,Teredinibacter:HSG1
2731755,Teredinibacter haidensis,2425:2,True,Teredinibacter:HSG2
2731756,Teredinibacter purpureus,2425:0,True,Teredinibacter:HSG0
220684,Neobacillus drentensis,2675232:1,True,Neobacillus:HSG1
220687,Neobacillus novalis,2675232:2,True,Neobacillus:HSG2
1193713,Neobacillus mesonae,2675232:0,True,Neobacillus:HSG0
1564,Desulforamulus ruminis,2916693:1,True,Desulforamulus:HSG1
59610,Desulforamulus reducens,2916693:2,True,Desulforamulus:HSG2
1833852,Desulforamulus ferrireducens,2916693:0,True,Desulforamulus:HSG0
433286,Anaerocolumna cellulosilytica,1843210:2,True,Anaerocolumna:HSG2
1727145,Anaerocolumna chitinilytica,1843210:1,True,Anaerocolumna:HSG1
2696063,Anaerocolumna sedimenticola,1843210:0,True,Anaerocolumna:HSG0
28901,Salmonella enterica,590:0,False,Salmonella:HSG0
54736,Salmonella bongori,590:0,False,Salmonella:HSG0
714067,Kroppenstedtia eburnea,1274351:1,True,Kroppenstedtia:HSG1
1380685,Kroppenstedtia pulmonis,1274351:0,True,Kroppenstedtia:HSG0
28112,Tannerella forsythia,195950:1,True,Tannerella:HSG1
712710,Tannerella serpentiformis,195950:0,True,Tannerella:HSG0
2172103,Limnobaculum parvum,2172100:1,True,Limnobaculum:HSG1
2498113,Limnobaculum zhutongyuii,2172100:0,True,Limnobaculum:HSG0
531813,Pelagibacterium halotolerans,1082930:1,True,Pelagibacterium:HSG1
2984530,Pelagibacterium flavum,1082930:0,True,Pelagibacterium:HSG0
290,[Pseudomonas] carboxydohydrogena,1033:1,True,Afipia:HSG1
40137,Afipia carboxidovorans,1033:0,True,Afipia:HSG0
1601,Ligilactobacillus agilis,2767887:5,True,Ligilactobacillus:HSG5
1605,Ligilactobacillus animalis,2767887:0,False,Ligilactobacillus:HSG0
1622,Ligilactobacillus murinus,2767887:0,False,Ligilactobacillus:HSG0
1623,Ligilactobacillus ruminis,2767887:7,True,Ligilactobacillus:HSG7
1624,Ligilactobacillus salivarius,2767887:6,True,Ligilactobacillus:HSG6
89059,Ligilactobacillus acidipiscis,2767887:2,True,Ligilactobacillus:HSG2
228229,Ligilactobacillus saerimneri,2767887:4,True,Ligilactobacillus:HSG4
762833,Ligilactobacillus faecis,2767887:3,True,Ligilactobacillus:HSG3
3050131,Ligilactobacillus cholophilus,2767887:1,True,Ligilactobacillus:HSG1
1401,Paenibacillus lautus,44249:48,True,Paenibacillus:HSG48
1406,Paenibacillus polymyxa,44249:1,False,Paenibacillus:HSG1
1464,Paenibacillus larvae,44249:55,True,Paenibacillus:HSG55
1472,Paenibacillus pabuli,44249:56,True,Paenibacillus:HSG56
44251,Paenibacillus durus,44249:51,True,Paenibacillus:HSG51
44252,Paenibacillus macerans,44249:43,True,Paenibacillus:HSG43
49283,Paenibacillus thiaminolyticus,44249:3,False,Paenibacillus:HSG3
59893,Paenibacillus peoriae,44249:1,False,Paenibacillus:HSG1
61624,Paenibacillus mucilaginosus,44249:33,True,Paenibacillus:HSG33
79263,Paenibacillus chitinolyticus,44249:35,True,Paenibacillus:HSG35
116718,Paenibacillus azoreducens,44249:45,True,Paenibacillus:HSG45
128574,Paenibacillus brasilensis,44249:1,False,Paenibacillus:HSG1
130049,Paenibacillus dendritiformis,44249:3,False,Paenibacillus:HSG3
159743,Paenibacillus terrae,44249:27,True,Paenibacillus:HSG27
160799,Paenibacillus borealis,44249:0,False,Paenibacillus:HSG0
162209,Paenibacillus naphthalenovorans,44249:37,True,Paenibacillus:HSG37
169760,Paenibacillus stellifer,44249:46,True,Paenibacillus:HSG46
171404,Paenibacillus agaridevorans,44249:34,True,Paenibacillus:HSG34
172713,Paenibacillus kribbensis,44249:1,False,Paenibacillus:HSG1
189425,Paenibacillus graminis,44249:54,True,Paenibacillus:HSG54
189426,Paenibacillus odorifer,44249:49,True,Paenibacillus:HSG49
189691,Paenibacillus elgii,44249:22,True,Paenibacillus:HSG22
198119,Paenibacillus barcinonensis,44249:50,True,Paenibacillus:HSG50
248903,Paenibacillus xylanilyticus,44249:47,True,Paenibacillus:HSG47
253703,Paenibacillus antarcticus,44249:44,True,Paenibacillus:HSG44
307580,Paenibacillus woosongensis,44249:28,True,Paenibacillus:HSG28
365617,Paenibacillus sabinae,44249:52,True,Paenibacillus:HSG52
373687,Paenibacillus sonchi,44249:6,False,Paenibacillus:HSG6
375489,Paenibacillus cellulosilyticus,44249:29,True,Paenibacillus:HSG29
414771,Paenibacillus donghaensis,44249:36,True,Paenibacillus:HSG36
483937,Paenibacillus riograndensis,44249:6,False,Paenibacillus:HSG6
521520,Paenibacillus urinalis,44249:17,True,Paenibacillus:HSG17
528191,Paenibacillus xylanexedens,44249:5,False,Paenibacillus:HSG5
539262,Paenibacillus hunanensis,44249:41,True,Paenibacillus:HSG41
562959,Paenibacillus cellulositrophicus,44249:38,True,Paenibacillus:HSG38
682956,Paenibacillus jilunlii,44249:53,True,Paenibacillus:HSG53
1126833,Paenibacillus beijingensis,44249:39,True,Paenibacillus:HSG39
1178515,Paenibacillus swuensis,44249:13,True,Paenibacillus:HSG13
1333845,Paenibacillus sophorae,44249:32,True,Paenibacillus:HSG32
1338368,Paenibacillus lentus,44249:21,True,Paenibacillus:HSG21
1452732,Paenibacillus kyungheensis,44249:2,False,Paenibacillus:HSG2
1462996,Paenibacillus yonginensis,44249:42,True,Paenibacillus:HSG42
1473112,Paenibacillus guangzhouensis,44249:23,True,Paenibacillus:HSG23
1616788,Paenibacillus bovis,44249:40,True,Paenibacillus:HSG40
1712516,Paenibacillus baekrokdamisoli,44249:30,True,Paenibacillus:HSG30
1763538,Paenibacillus crassostreae,44249:24,True,Paenibacillus:HSG24
1778678,Paenibacillus psychroresistens,44249:25,True,Paenibacillus:HSG25
1870820,Paenibacillus ihbetae,44249:11,True,Paenibacillus:HSG11
1873425,Paenibacillus tritici,44249:0,False,Paenibacillus:HSG0
1886670,Paenibacillus nuruki,44249:2,False,Paenibacillus:HSG2
2495582,Paenibacillus albus,44249:19,True,Paenibacillus:HSG19
2509456,Paenibacillus protaetiae,44249:26,True,Paenibacillus:HSG26
2565926,Paenibacillus algicola,44249:14,True,Paenibacillus:HSG14
2704462,Paenibacillus lycopersici,44249:10,True,Paenibacillus:HSG10
2704463,Paenibacillus rhizovicinus,44249:18,True,Paenibacillus:HSG18
2707005,Paenibacillus lutimineralis,44249:12,True,Paenibacillus:HSG12
2726185,Paenibacillus albicereus,44249:31,True,Paenibacillus:HSG31
2810347,Paenibacillus tianjinensis,44249:4,False,Paenibacillus:HSG4
2908839,Paenibacillus hexagrammi,44249:15,True,Paenibacillus:HSG15
2909671,Paenibacillus spongiae,44249:8,True,Paenibacillus:HSG8
2918900,Paenibacillus aurantius,44249:16,True,Paenibacillus:HSG16
2975482,Paenibacillus andongensis,44249:7,True,Paenibacillus:HSG7
3026433,Paenibacillus marchantiae,44249:5,False,Paenibacillus:HSG5
3050112,Paenibacillus polygoni,44249:20,True,Paenibacillus:HSG20
3110539,Paenibacillus silvisoli,44249:9,True,Paenibacillus:HSG9
3242193,Paenibacillus pedocola,44249:4,False,Paenibacillus:HSG4
1930058,Demequina sediminis,577469:1,True,Demequina:HSG1
3075620,Demequina capsici,577469:0,True,Demequina:HSG0
28094,Trinickia caryophylli,2571160:1,True,Trinickia:HSG1
2571746,Trinickia violacea,2571160:0,True,Trinickia:HSG0
1177211,Candidatus Vallotia cooleyia,2018044:1,True,Candidatus Vallotia:HSG1
1177213,Candidatus Vallotia tarda,2018044:2,True,Candidatus Vallotia:HSG2
2018052,Candidatus Vallotia lariciata,2018044:0,True,Candidatus Vallotia:HSG0
92945,Ketogulonicigenium vulgare,92944:0,False,Ketogulonicigenium:HSG0
92947,Ketogulonicigenium robustum,92944:0,False,Ketogulonicigenium:HSG0
1229,Nitrosococcus oceani,1227:0,False,Nitrosococcus:HSG0
133539,Nitrosococcus halophilus,1227:1,False,Nitrosococcus:HSG1
473531,Nitrosococcus watsonii,1227:0,False,Nitrosococcus:HSG0
1814290,Nitrosococcus wardiae,1227:1,False,Nitrosococcus:HSG1
356302,Chitinimonas koreensis,240411:1,True,Chitinimonas:HSG1
2594795,Chitinimonas arctica,240411:0,True,Chitinimonas:HSG0
305,Ralstonia solanacearum,48736:0,False,Ralstonia:HSG0
329,Ralstonia pickettii,48736:2,True,Ralstonia:HSG2
28097,Ralstonia syzygii,48736:0,False,Ralstonia:HSG0
105219,Ralstonia mannitolilytica,48736:0,False,Ralstonia:HSG0
190721,Ralstonia insidiosa,48736:1,True,Ralstonia:HSG1
1310165,Ralstonia pseudosolanacearum,48736:0,False,Ralstonia:HSG0
2842456,Ralstonia wenshanensis,48736:0,False,Ralstonia:HSG0
3037696,Ralstonia nicotianae,48736:0,False,Ralstonia:HSG0
45610,Psychrobacter urativorans,497:4,True,Psychrobacter:HSG4
256326,Psychrobacter arenosus,497:3,True,Psychrobacter:HSG3
261164,Psychrobacter alimentarius,497:2,True,Psychrobacter:HSG2
330922,Psychrobacter cryohalolentis,497:0,False,Psychrobacter:HSG0
334543,Psychrobacter arcticus,497:0,False,Psychrobacter:HSG0
2565531,Psychrobacter raelei,497:1,True,Psychrobacter:HSG1
83263,Aminobacter aminovorans,31988:0,False,Aminobacter:HSG0
83265,Aminobacter niigataensis,31988:0,False,Aminobacter:HSG0
1426,Parageobacillus thermoglucosidasius,1906945:1,True,Parageobacillus:HSG1
81408,Parageobacillus caldoxylosilyticus,1906945:0,False,Parageobacillus:HSG0
153151,Parageobacillus toebii,1906945:0,False,Parageobacillus:HSG0
675281,Aquibium microcysteis,2911176:1,True,Aquibium:HSG1
1670800,Aquibium oceanicum,2911176:0,True,Aquibium:HSG0
938288,Fenollaria massiliensis,1686313:0,False,Fenollaria:HSG0
2811778,Fenollaria sporofastidiosus,1686313:0,False,Fenollaria:HSG0
28141,Cronobacter sakazakii,413496:0,False,Cronobacter:HSG0
413497,Cronobacter dublinensis,413496:0,False,Cronobacter:HSG0
413501,Cronobacter muytjensii,413496:2,True,Cronobacter:HSG2
413503,Cronobacter malonaticus,413496:0,False,Cronobacter:HSG0
535744,Cronobacter universalis,413496:0,False,Cronobacter:HSG0
1163710,Cronobacter condimenti,413496:1,True,Cronobacter:HSG1
42256,Rubrobacter radiotolerans,42255:4,True,Rubrobacter:HSG4
49319,Rubrobacter xylanophilus,42255:3,True,Rubrobacter:HSG3
2051957,Rubrobacter indicoceani,42255:2,True,Rubrobacter:HSG2
2653851,Rubrobacter tropicus,42255:1,True,Rubrobacter:HSG1
2653852,Rubrobacter marinus,42255:0,True,Rubrobacter:HSG0
1282737,Flaviflexus salsibiostraticola,1522056:2,True,Flaviflexus:HSG2
2496867,Flaviflexus ciconiae,1522056:1,True,Flaviflexus:HSG1
2758573,Flaviflexus equikiangi,1522056:0,True,Flaviflexus:HSG0
476,Moraxella bovis,475:9,True,Moraxella:HSG9
478,Moraxella nonliquefaciens,475:11,True,Moraxella:HSG11
480,Moraxella catarrhalis,475:6,True,Moraxella:HSG6
29433,Moraxella ovis,475:10,True,Moraxella:HSG10
34061,Moraxella cuniculi,475:4,True,Moraxella:HSG4
34062,Moraxella osloensis,475:7,True,Moraxella:HSG7
90239,Moraxella canis,475:5,True,Moraxella:HSG5
386891,Moraxella bovoculi,475:8,True,Moraxella:HSG8
2904119,Moraxella haemolytica,475:2,True,Moraxella:HSG2
2904120,Moraxella nasibovis,475:3,True,Moraxella:HSG3
2904121,Moraxella nasovis,475:1,True,Moraxella:HSG1
2904122,Moraxella nasicaprae,475:0,True,Moraxella:HSG0
1829,Rhodococcus rhodochrous,1827:6,False,Rhodococcus:HSG6
1830,Rhodococcus ruber,1827:1,False,Rhodococcus:HSG1
1833,Rhodococcus erythropolis,1827:0,False,Rhodococcus:HSG0
33008,Rhodococcus globerulus,1827:0,False,Rhodococcus:HSG0
37919,Rhodococcus opacus,1827:2,False,Rhodococcus:HSG2
38310,Rhodococcus coprophilus,1827:5,True,Rhodococcus:HSG5
99653,Rhodococcus koreensis,1827:2,False,Rhodococcus:HSG2
103816,Rhodococcus pyridinivorans,1827:6,False,Rhodococcus:HSG6
132919,Rhodococcus jostii,1827:2,False,Rhodococcus:HSG2
191292,Rhodococcus aetherivorans,1827:1,False,Rhodococcus:HSG1
223392,Rhodococcus gordoniae,1827:6,False,Rhodococcus:HSG6
300028,Rhodococcus triatomae,1827:4,True,Rhodococcus:HSG4
334542,Rhodococcus qingshengii,1827:0,False,Rhodococcus:HSG0
1990687,Rhodococcus oxybenzonivorans,1827:2,False,Rhodococcus:HSG2
2811421,Rhodococcus pseudokoreensis,1827:2,False,Rhodococcus:HSG2
2987751,Rhodococcus antarcticus,1827:3,True,Rhodococcus:HSG3
1680,Bifidobacterium adolescentis,1678:14,True,Bifidobacterium:HSG14
1681,Bifidobacterium bifidum,1678:13,True,Bifidobacterium:HSG13
1683,Bifidobacterium angulatum,1678:15,True,Bifidobacterium:HSG15
1684,Bifidobacterium asteroides,1678:16,True,Bifidobacterium:HSG16
1685,Bifidobacterium breve,1678:17,True,Bifidobacterium:HSG17
1686,Bifidobacterium catenulatum,1678:1,False,Bifidobacterium:HSG1
1687,Bifidobacterium coryneforme,1678:12,True,Bifidobacterium:HSG12
1689,Bifidobacterium dentium,1678:6,True,Bifidobacterium:HSG6
1694,Bifidobacterium pseudolongum,1678:10,True,Bifidobacterium:HSG10
28025,Bifidobacterium animalis,1678:9,True,Bifidobacterium:HSG9
28026,Bifidobacterium pseudocatenulatum,1678:1,False,Bifidobacterium:HSG1
33905,Bifidobacterium thermophilum,1678:11,True,Bifidobacterium:HSG11
35760,Bifidobacterium choerinum,1678:4,True,Bifidobacterium:HSG4
77635,Bifidobacterium subtile,1678:5,True,Bifidobacterium:HSG5
78448,Bifidobacterium pullorum,1678:8,True,Bifidobacterium:HSG8
158787,Bifidobacterium scardovii,1678:7,True,Bifidobacterium:HSG7
216816,Bifidobacterium longum,1678:2,True,Bifidobacterium:HSG2
638619,Bifidobacterium actinocoloniiforme,1678:3,True,Bifidobacterium:HSG3
1603886,Bifidobacterium lemurum,1678:0,False,Bifidobacterium:HSG0
1765219,Bifidobacterium eulemuris,1678:0,False,Bifidobacterium:HSG0
986,Flavobacterium johnsoniae,237:42,True,Flavobacterium:HSG42
996,Flavobacterium columnare,237:0,False,Flavobacterium:HSG0
29533,Flavobacterium pectinovorum,237:62,True,Flavobacterium:HSG62
55197,Flavobacterium branchiophilum,237:61,True,Flavobacterium:HSG61
96345,Flavobacterium psychrophilum,237:47,True,Flavobacterium:HSG47
312277,Flavobacterium indicum,237:43,True,Flavobacterium:HSG43
459526,Flavobacterium anhuiense,237:48,True,Flavobacterium:HSG48
683124,Flavobacterium haoranii,237:50,True,Flavobacterium:HSG50
871694,Flavobacterium ginsengisoli,237:30,True,Flavobacterium:HSG30
992289,Flavobacterium nitratireducens,237:57,True,Flavobacterium:HSG57
998845,Flavobacterium jumunjinense,237:49,True,Flavobacterium:HSG49
1114861,Flavobacterium collinsii,237:64,True,Flavobacterium:HSG64
1114867,Flavobacterium plurextorum,237:40,True,Flavobacterium:HSG40
1306518,Flavobacterium keumense,237:59,True,Flavobacterium:HSG59
1306519,Flavobacterium commune,237:33,True,Flavobacterium:HSG33
1310418,Flavobacterium gyeonganense,237:56,True,Flavobacterium:HSG56
1341165,Flavobacterium enshiense,237:55,True,Flavobacterium:HSG55
1355330,Flavobacterium faecale,237:37,True,Flavobacterium:HSG37
1492737,Flavobacterium gilvum,237:44,True,Flavobacterium:HSG44
1563479,Flavobacterium dauae,237:23,True,Flavobacterium:HSG23
1617283,Flavobacterium nitrogenifigens,237:46,True,Flavobacterium:HSG46
1678728,Flavobacterium kingsejongi,237:34,True,Flavobacterium:HSG34
1751056,Flavobacterium ammonificans,237:1,False,Flavobacterium:HSG1
1751095,Flavobacterium ammoniigenes,237:1,False,Flavobacterium:HSG1
1763534,Flavobacterium crassostreae,237:45,True,Flavobacterium:HSG45
1784713,Flavobacterium arcticum,237:21,True,Flavobacterium:HSG21
1871076,Flavobacterium azooxidireducens,237:39,True,Flavobacterium:HSG39
2024526,Flavobacterium sediminilitoris,237:51,True,Flavobacterium:HSG51
2038737,Flavobacterium ardleyense,237:63,True,Flavobacterium:HSG63
2162713,Flavobacterium magnum,237:52,True,Flavobacterium:HSG52
2172098,Flavobacterium pallidum,237:16,True,Flavobacterium:HSG16
2175091,Flavobacterium album,237:35,True,Flavobacterium:HSG35
2183896,Flavobacterium crocinum,237:41,True,Flavobacterium:HSG41
2201181,Flavobacterium sediminis,237:53,True,Flavobacterium:HSG53
2249356,Flavobacterium fluviale,237:54,True,Flavobacterium:HSG54
2294119,Flavobacterium psychrotrophum,237:25,True,Flavobacterium:HSG25
2502784,Flavobacterium cerinum,237:20,True,Flavobacterium:HSG20
2518177,Flavobacterium sangjuense,237:19,True,Flavobacterium:HSG19
2547394,Flavobacterium nackdongense,237:58,True,Flavobacterium:HSG58
2602769,Flavobacterium alkalisoli,237:32,True,Flavobacterium:HSG32
2654843,Flavobacterium panici,237:9,True,Flavobacterium:HSG9
2704140,Flavobacterium bizetiae,237:31,True,Flavobacterium:HSG31
2748320,Flavobacterium inviolabile,237:60,True,Flavobacterium:HSG60
2816357,Flavobacterium endoglycinae,237:27,True,Flavobacterium:HSG27
2830782,Flavobacterium okayamense,237:24,True,Flavobacterium:HSG24
2856519,Flavobacterium litorale,237:28,True,Flavobacterium:HSG28
2870839,Flavobacterium agricola,237:36,True,Flavobacterium:HSG36
2893883,Flavobacterium acetivorans,237:26,True,Flavobacterium:HSG26
2893884,Flavobacterium flavipigmentatum,237:13,True,Flavobacterium:HSG13
2893885,Flavobacterium cupriresistens,237:29,True,Flavobacterium:HSG29
2893886,Flavobacterium galactosidilyticum,237:14,True,Flavobacterium:HSG14
2895947,Flavobacterium cyclinae,237:22,True,Flavobacterium:HSG22
2897181,Flavobacterium channae,237:17,True,Flavobacterium:HSG17
2906076,Flavobacterium covae,237:0,False,Flavobacterium:HSG0
2906078,Flavobacterium oreochromis,237:6,True,Flavobacterium:HSG6
2937442,Flavobacterium humidisoli,237:12,True,Flavobacterium:HSG12
3002900,Flavobacterium praedii,237:38,True,Flavobacterium:HSG38
3003256,Flavobacterium marginilacus,237:11,True,Flavobacterium:HSG11
3003257,Flavobacterium aestivum,237:5,True,Flavobacterium:HSG5
3003258,Flavobacterium flavigenum,237:10,True,Flavobacterium:HSG10
3003259,Flavobacterium luteolum,237:2,True,Flavobacterium:HSG2
3003260,Flavobacterium gelatinilyticum,237:15,True,Flavobacterium:HSG15
3003261,Flavobacterium aquiphilum,237:18,True,Flavobacterium:HSG18
3003262,Flavobacterium limnophilum,237:7,True,Flavobacterium:HSG7
3003263,Flavobacterium eburneipallidum,237:8,True,Flavobacterium:HSG8
3016339,Flavobacterium lacustre,237:4,True,Flavobacterium:HSG4
3034146,Flavobacterium panacagri,237:3,True,Flavobacterium:HSG3
821,Phocaeicola vulgatus,909656:3,True,Phocaeicola:HSG3
357276,Phocaeicola dorei,909656:2,True,Phocaeicola:HSG2
376805,Phocaeicola salanitronis,909656:1,True,Phocaeicola:HSG1
387090,Phocaeicola coprophilus,909656:0,True,Phocaeicola:HSG0
83655,Leclercia adecarboxylata,83654:1,True,Leclercia:HSG1
2815358,Leclercia pneumoniae,83654:0,True,Leclercia:HSG0
355243,Amphritea atlantica,515417:1,True,Amphritea:HSG1
452627,Amphritea japonica,515417:0,True,Amphritea:HSG0
1416779,Epilithonimonas zeae,2782229:1,True,Epilithonimonas:HSG1
2487072,Epilithonimonas vandammei,2782229:0,True,Epilithonimonas:HSG0
182640,Kribbella flavida,182639:1,True,Kribbella:HSG1
1544730,Kribbella qitaiheensis,182639:0,True,Kribbella:HSG0
106,Runella slithyformis,105:1,True,Runella:HSG1
2259595,Runella rosea,105:0,True,Runella:HSG0
1541,Terrisporobacter mayombei,1505652:0,False,Terrisporobacter:HSG0
1460447,Terrisporobacter petrolearius,1505652:0,False,Terrisporobacter:HSG0
2813371,Terrisporobacter hibernicus,1505652:0,False,Terrisporobacter:HSG0
247333,Serinicoccus marinus,265976:0,False,Serinicoccus:HSG0
767452,Serinicoccus chungangensis,265976:2,True,Serinicoccus:HSG2
1078471,Serinicoccus profundi,265976:1,True,Serinicoccus:HSG1
1758689,Serinicoccus hydrothermalis,265976:0,False,Serinicoccus:HSG0
1358,Lactococcus lactis,1357:1,False,Lactococcus:HSG1
1359,Lactococcus cremoris,1357:1,False,Lactococcus:HSG1
1363,Lactococcus garvieae,1357:2,False,Lactococcus:HSG2
1364,Lactococcus piscium,1357:0,False,Lactococcus:HSG0
1366,Lactococcus raffinolactis,1357:3,True,Lactococcus:HSG3
1151742,Lactococcus taiwanensis,1357:5,True,Lactococcus:HSG5
1281486,Lactococcus formosensis,1357:2,False,Lactococcus:HSG2
1940789,Lactococcus petauri,1357:2,False,Lactococcus:HSG2
2419773,Lactococcus allomyrinae,1357:6,True,Lactococcus:HSG6
2592653,Lactococcus protaetiae,1357:4,True,Lactococcus:HSG4
2749961,Lactococcus carnosus,1357:0,False,Lactococcus:HSG0
2749962,Lactococcus paracarnosus,1357:0,False,Lactococcus:HSG0
1563,Desulfosporosinus orientis,79206:2,True,Desulfosporosinus:HSG2
79209,Desulfosporosinus meridiei,79206:1,True,Desulfosporosinus:HSG1
885581,Desulfosporosinus acidiphilus,79206:0,True,Desulfosporosinus:HSG0
1648,Erysipelothrix rhusiopathiae,1647:0,False,Erysipelothrix:HSG0
225084,Erysipelothrix inopinata,1647:2,True,Erysipelothrix:HSG2
1514105,Erysipelothrix larvae,1647:1,True,Erysipelothrix:HSG1
2485784,Erysipelothrix piscisicarius,1647:0,False,Erysipelothrix:HSG0
2890314,Erysipelothrix enhydrae,1647:0,False,Erysipelothrix:HSG0
2929157,Erysipelothrix amsterdamensis,1647:0,False,Erysipelothrix:HSG0
1379,Gemella haemolysans,1378:2,True,Gemella:HSG2
29391,Gemella morbillorum,1378:1,True,Gemella:HSG1
84135,Gemella sanguinis,1378:0,True,Gemella:HSG0
2594883,Radiobacillus deserti,2785518:0,False,Radiobacillus:HSG0
2844358,Radiobacillus kanasensis,2785518:0,False,Radiobacillus:HSG0
1868589,Phreatobacter cathodiphilus,1632780:1,True,Phreatobacter:HSG1
1940610,Phreatobacter stygius,1632780:0,True,Phreatobacter:HSG0
849,Fusobacterium gonidiaformans,848:5,True,Fusobacterium:HSG5
850,Fusobacterium mortiferum,848:4,True,Fusobacterium:HSG4
851,Fusobacterium nucleatum,848:0,False,Fusobacterium:HSG0
856,Fusobacterium varium,848:1,False,Fusobacterium:HSG1
859,Fusobacterium necrophorum,848:6,True,Fusobacterium:HSG6
860,Fusobacterium periodonticum,848:0,False,Fusobacterium:HSG0
861,Fusobacterium ulcerans,848:1,False,Fusobacterium:HSG1
76857,Fusobacterium polymorphum,848:0,False,Fusobacterium:HSG0
76859,Fusobacterium animalis,848:2,True,Fusobacterium:HSG2
155615,Fusobacterium vincentii,848:0,False,Fusobacterium:HSG0
285729,Fusobacterium canifelinum,848:0,False,Fusobacterium:HSG0
1583098,Fusobacterium hwasookii,848:0,False,Fusobacterium:HSG0
2663009,Fusobacterium pseudoperiodonticum,848:0,False,Fusobacterium:HSG0
2764326,Fusobacterium hominis,848:3,True,Fusobacterium:HSG3
74031,Roseovarius tolerans,74030:3,True,Roseovarius:HSG3
215743,Roseovarius mucosus,74030:5,True,Roseovarius:HSG5
337701,Roseovarius pacificus,74030:2,True,Roseovarius:HSG2
540747,Roseovarius indicus,74030:4,True,Roseovarius:HSG4
2494550,Roseovarius faecimaris,74030:1,True,Roseovarius:HSG1
2980108,Roseovarius pelagicus,74030:0,True,Roseovarius:HSG0
60890,Phaeobacter gallaeciensis,302485:0,False,Phaeobacter:HSG0
221822,Phaeobacter inhibens,302485:0,False,Phaeobacter:HSG0
1580596,Phaeobacter piscinae,302485:0,False,Phaeobacter:HSG0
1844006,Phaeobacter porticola,302485:0,False,Phaeobacter:HSG0
37927,Sinomonas atrocyanea,596707:0,False,Sinomonas:HSG0
322009,Sinomonas cyclohexanicum,596707:0,False,Sinomonas:HSG0
1404,Priestia megaterium,2800373:0,False,Priestia:HSG0
86664,Priestia flexa,2800373:0,False,Priestia:HSG0
284581,Priestia koreensis,2800373:2,True,Priestia:HSG2
412384,Priestia aryabhattai,2800373:0,False,Priestia:HSG0
1402861,Priestia filamentosa,2800373:1,True,Priestia:HSG1
48076,Marinobacterium iners,48075:2,True,Marinobacterium:HSG2
420402,Marinobacterium rhizophilum,48075:3,True,Marinobacterium:HSG3
518898,Marinobacterium sediminicola,48075:1,True,Marinobacterium:HSG1
1821621,Marinobacterium aestuarii,48075:0,True,Marinobacterium:HSG0
562,Escherichia coli,561:0,False,Escherichia:HSG0
564,Escherichia fergusonii,561:0,False,Escherichia:HSG0
208962,Escherichia albertii,561:0,False,Escherichia:HSG0
1499973,Escherichia marmotae,561:0,False,Escherichia:HSG0
2681469,Chlamydiifrater phoenicopteri,2822114:0,False,Chlamydiifrater:HSG0
2681470,Chlamydiifrater volucris,2822114:0,False,Chlamydiifrater:HSG0
94254,Dyadobacter fermentans,120831:2,True,Dyadobacter:HSG2
2747268,Dyadobacter sandarakinus,120831:3,True,Dyadobacter:HSG3
2906443,Dyadobacter fanqingshengii,120831:4,True,Dyadobacter:HSG4
2906456,Dyadobacter chenwenxiniae,120831:1,True,Dyadobacter:HSG1
2909339,Dyadobacter chenhuakuii,120831:0,True,Dyadobacter:HSG0
28447,Clavibacter michiganensis,1573:0,False,Clavibacter:HSG0
31963,Clavibacter nebraskensis,1573:0,False,Clavibacter:HSG0
31964,Clavibacter sepedonicus,1573:0,False,Clavibacter:HSG0
1401995,Clavibacter californiensis,1573:0,False,Clavibacter:HSG0
1734031,Clavibacter phaseoli,1573:0,False,Clavibacter:HSG0
1874630,Clavibacter capsici,1573:0,False,Clavibacter:HSG0
2768071,Clavibacter zhangzhiyongii,1573:0,False,Clavibacter:HSG0
106592,Ensifer adhaerens,106591:0,False,Ensifer:HSG0
555315,Ensifer canadensis,106591:0,False,Ensifer:HSG0
614,Serratia liquefaciens,613:0,False,Serratia:HSG0
615,Serratia marcescens,613:1,False,Serratia:HSG1
618,Serratia odorifera,613:3,True,Serratia:HSG3
28151,Serratia proteamaculans,613:0,False,Serratia:HSG0
42906,Serratia entomophila,613:0,False,Serratia:HSG0
47917,Serratia fonticola,613:6,True,Serratia:HSG6
61651,Serratia ficaria,613:0,False,Serratia:HSG0
61652,Serratia rubidaea,613:5,True,Serratia:HSG5
82996,Serratia plymuthica,613:0,False,Serratia:HSG0
137545,Serratia quinivorans,613:0,False,Serratia:HSG0
138074,Serratia symbiotica,613:2,True,Serratia:HSG2
300181,Serratia ureilytica,613:1,False,Serratia:HSG1
458197,Serratia nematodiphila,613:1,False,Serratia:HSG1
2338073,Serratia inhibens,613:0,False,Serratia:HSG0
2597702,Serratia rhizosphaerae,613:4,True,Serratia:HSG4
2703794,Serratia nevei,613:1,False,Serratia:HSG1
2741499,Serratia surfactantfaciens,613:1,False,Serratia:HSG1
3020826,Serratia sarumanii,613:1,False,Serratia:HSG1
2116,Malacoplasma iowae,2791001:1,True,Malacoplasma:HSG1
28227,Malacoplasma penetrans,2791001:0,True,Malacoplasma:HSG0
60137,Sulfitobacter pontiacus,60136:5,True,Sulfitobacter:HSG5
83219,Sulfitobacter mediterraneus,60136:3,True,Sulfitobacter:HSG3
218673,Sulfitobacter dubius,60136:0,False,Sulfitobacter:HSG0
225422,Sulfitobacter indolifex,60136:0,False,Sulfitobacter:HSG0
1775881,Sulfitobacter faviae,60136:4,True,Sulfitobacter:HSG4
1917485,Sulfitobacter alexandrii,60136:1,True,Sulfitobacter:HSG1
2829501,Sulfitobacter albidus,60136:2,True,Sulfitobacter:HSG2
53399,Hyphomicrobium denitrificans,81:1,True,Hyphomicrobium:HSG1
1427356,Hyphomicrobium nitrativorans,81:0,True,Hyphomicrobium:HSG0
395631,Phytobacter diazotrophicus,447792:0,False,Phytobacter:HSG0
1972431,Phytobacter ursingii,447792:0,False,Phytobacter:HSG0
151416,Bosea vestrisii,85413:2,True,Bosea:HSG2
1526658,Bosea vaviloviae,85413:1,True,Bosea:HSG1
3068632,Bosea beijingensis,85413:0,True,Bosea:HSG0
1397,Niallia circulans,2837506:1,True,Niallia:HSG1
2499688,Niallia taxi,2837506:0,True,Niallia:HSG0
940614,Granulicella mallensis,940557:1,True,Granulicella:HSG1
940615,Granulicella tundricola,940557:0,True,Granulicella:HSG0
1299,Deinococcus radiodurans,1298:18,True,Deinococcus:HSG18
32062,Deinococcus radiophilus,1298:12,True,Deinococcus:HSG12
55148,Deinococcus proteolyticus,1298:13,True,Deinococcus:HSG13
57497,Deinococcus radiopugnans,1298:15,True,Deinococcus:HSG15
68909,Deinococcus geothermalis,1298:11,True,Deinococcus:HSG11
200252,Deinococcus aetherius,1298:19,True,Deinococcus:HSG19
309887,Deinococcus maricopensis,1298:17,True,Deinococcus:HSG17
310783,Deinococcus deserti,1298:14,True,Deinococcus:HSG14
317577,Deinococcus ficus,1298:5,True,Deinococcus:HSG5
328692,Deinococcus aquaticus,1298:16,True,Deinococcus:HSG16
432329,Deinococcus peraridilitoris,1298:7,True,Deinococcus:HSG7
502394,Deinococcus gobiensis,1298:10,True,Deinococcus:HSG10
980427,Deinococcus wulumuqiensis,1298:6,True,Deinococcus:HSG6
1182568,Deinococcus puniceus,1298:9,True,Deinococcus:HSG9
1309411,Deinococcus soli (ex Cha et al. 2016),1298:4,True,Deinococcus:HSG4
1768108,Deinococcus actinosclerus,1298:8,True,Deinococcus:HSG8
1889240,Deinococcus rubellus,1298:3,True,Deinococcus:HSG3
2202254,Deinococcus irradiatisoli,1298:2,True,Deinococcus:HSG2
2489213,Deinococcus psychrotolerans,1298:1,True,Deinococcus:HSG1
2737050,Deinococcus taeanensis,1298:0,True,Deinococcus:HSG0
1660,Schaalia odontolytica,2529408:3,True,Schaalia:HSG3
52773,Schaalia meyeri,2529408:1,True,Schaalia:HSG1
131111,Schaalia turicensis,2529408:2,True,Schaalia:HSG2
181487,Schaalia cardiffensis,2529408:0,True,Schaalia:HSG0
2021,Thermobifida fusca,83677:1,True,Thermobifida:HSG1
53522,Thermobifida alba,83677:2,True,Thermobifida:HSG2
483545,Thermobifida halotolerans,83677:0,True,Thermobifida:HSG0
28448,Komagataeibacter xylinus,1434011:0,False,Komagataeibacter:HSG0
33995,Komagataeibacter europaeus,1434011:0,False,Komagataeibacter:HSG0
65958,Komagataeibacter oboediens,1434011:0,False,Komagataeibacter:HSG0
215221,Komagataeibacter rhaeticus,1434011:0,False,Komagataeibacter:HSG0
265959,Komagataeibacter saccharivorans,1434011:0,False,Komagataeibacter:HSG0
265960,Komagataeibacter nataicola,1434011:0,False,Komagataeibacter:HSG0
1177712,Komagataeibacter medellinensis,1434011:0,False,Komagataeibacter:HSG0
1655,Actinomyces naeslundii,1654:18,True,Actinomyces:HSG18
1656,Actinomyces viscosus,1654:17,True,Actinomyces:HSG17
1659,Actinomyces israelii,1654:13,True,Actinomyces:HSG13
52771,Actinomyces howellii,1654:10,True,Actinomyces:HSG10
52774,Actinomyces slackii,1654:19,True,Actinomyces:HSG19
103621,Actinomyces urogenitalis,1654:9,True,Actinomyces:HSG9
111015,Actinomyces radicidentis,1654:15,True,Actinomyces:HSG15
461393,Actinomyces massiliensis,1654:4,True,Actinomyces:HSG4
544580,Actinomyces oris,1654:8,True,Actinomyces:HSG8
675090,Actinomyces weissii,1654:12,True,Actinomyces:HSG12
1852377,Actinomyces pacaensis,1654:16,True,Actinomyces:HSG16
1960083,Actinomyces gaoshouyii,1654:7,True,Actinomyces:HSG7
2057743,Actinomyces wuliandei,1654:11,True,Actinomyces:HSG11
2057800,Actinomyces qiguomingii,1654:14,True,Actinomyces:HSG14
2560010,Actinomyces procaprae,1654:5,True,Actinomyces:HSG5
2722820,Actinomyces faecalis,1654:6,True,Actinomyces:HSG6
2737173,Actinomyces marmotae,1654:3,True,Actinomyces:HSG3
2744574,Actinomyces respiraculi,1654:1,True,Actinomyces:HSG1
2755559,Actinomyces capricornis,1654:2,True,Actinomyces:HSG2
2763540,Actinomyces trachealis,1654:0,True,Actinomyces:HSG0
53458,Janibacter limosus,53457:3,True,Janibacter:HSG3
262209,Janibacter melonis,53457:1,True,Janibacter:HSG1
857417,Janibacter indicus,53457:2,True,Janibacter:HSG2
1285192,Janibacter cremeus,53457:0,True,Janibacter:HSG0
359,Rhizobium rhizogenes,379:6,False,Rhizobium:HSG6
384,Rhizobium leguminosarum,379:1,False,Rhizobium:HSG1
396,Rhizobium phaseoli,379:1,False,Rhizobium:HSG1
398,Rhizobium tropici,379:6,False,Rhizobium:HSG6
29449,Rhizobium etli,379:1,False,Rhizobium:HSG1
50338,Rhizobium sullae,379:0,False,Rhizobium:HSG0
56730,Rhizobium gallicum,379:0,False,Rhizobium:HSG0
158891,Rhizobium indigoferae,379:1,False,Rhizobium:HSG1
240521,Rhizobium daejeonense,379:4,True,Rhizobium:HSG4
293958,Rhizobium lusitanum,379:6,False,Rhizobium:HSG6
451876,Rhizobium rhizoryzae,379:5,True,Rhizobium:HSG5
1076926,Rhizobium laguerreae,379:1,False,Rhizobium:HSG1
1120045,Rhizobium grahamii,379:7,True,Rhizobium:HSG7
1138189,Rhizobium bangladeshense,379:1,False,Rhizobium:HSG1
1138190,Rhizobium binae,379:1,False,Rhizobium:HSG1
1138194,Rhizobium lentis,379:1,False,Rhizobium:HSG1
1184720,Rhizobium anhuiense,379:1,False,Rhizobium:HSG1
1312183,Rhizobium jaguaris,379:6,False,Rhizobium:HSG6
1368430,Rhizobium rosettiformans,379:8,True,Rhizobium:HSG8
1538158,Rhizobium acidisoli,379:1,False,Rhizobium:HSG1
1538159,Rhizobium hidalgonense,379:1,False,Rhizobium:HSG1
1967781,Rhizobium esperanzae,379:1,False,Rhizobium:HSG1
2041385,Rhizobium tumorigenes,379:2,False,Rhizobium:HSG2
2081791,Rhizobium ruizarguesonis,379:1,False,Rhizobium:HSG1
2267833,Rhizobium oryzihabitans,379:3,True,Rhizobium:HSG3
2506430,Rhizobium rhododendri,379:2,False,Rhizobium:HSG2
2583231,Rhizobium indicum,379:1,False,Rhizobium:HSG1
2867516,Rhizobium croatiense,379:1,False,Rhizobium:HSG1
3019932,Rhizobium brockwellii,379:1,False,Rhizobium:HSG1
3019933,Rhizobium johnstonii,379:1,False,Rhizobium:HSG1
3019934,Rhizobium beringeri,379:1,False,Rhizobium:HSG1
101385,Aequorivita sublithincola,153265:2,True,Aequorivita:HSG2
2803865,Aequorivita iocasae,153265:1,True,Aequorivita:HSG1
3040348,Aequorivita marisscotiae,153265:0,True,Aequorivita:HSG0
758793,Caballeronia insecticola,1827195:1,True,Caballeronia:HSG1
871203,Caballeronia zhejiangensis,1827195:0,False,Caballeronia:HSG0
1071679,Caballeronia grimmiae,1827195:0,False,Caballeronia:HSG0
34,Myxococcus xanthus,32:0,False,Myxococcus:HSG0
83455,Myxococcus stipitatus,32:1,True,Myxococcus:HSG1
1297742,Myxococcus hansupus,32:0,False,Myxococcus:HSG0
2743,Marinobacter nauticus,2742:6,True,Marinobacter:HSG6
330734,Marinobacter psychrophilus,2742:5,True,Marinobacter:HSG5
1033846,Marinobacter adhaerens,2742:7,True,Marinobacter:HSG7
1389223,Marinobacter shengliensis,2742:4,True,Marinobacter:HSG4
1420916,Marinobacter similis,2742:0,False,Marinobacter:HSG0
1420917,Marinobacter salarius,2742:2,True,Marinobacter:HSG2
1874317,Marinobacter salinus,2742:8,True,Marinobacter:HSG8
2570351,Marinobacter alexandrii,2742:0,False,Marinobacter:HSG0
2603215,Marinobacter fonticola,2742:3,True,Marinobacter:HSG3
2769486,Marinobacter salinisoli,2742:1,True,Marinobacter:HSG1
238,Elizabethkingia meningoseptica,308865:0,False,Elizabethkingia:HSG0
172045,Elizabethkingia miricola,308865:0,False,Elizabethkingia:HSG0
1117645,Elizabethkingia anophelis,308865:1,True,Elizabethkingia:HSG1
1756149,Elizabethkingia bruuniana,308865:0,False,Elizabethkingia:HSG0
1756150,Elizabethkingia ursingii,308865:0,False,Elizabethkingia:HSG0
34070,Pseudoduganella chitinolytica,1522432:0,False,Pseudoduganella:HSG0
321983,Pseudoduganella albidiflava,1522432:1,False,Pseudoduganella:HSG1
321984,Pseudoduganella plicata,1522432:2,True,Pseudoduganella:HSG2
864828,Pseudoduganella umbonata,1522432:1,False,Pseudoduganella:HSG1
871742,Pseudoduganella flava,1522432:4,True,Pseudoduganella:HSG4
2072590,Pseudoduganella armeniaca,1522432:0,False,Pseudoduganella:HSG0
2660641,Pseudoduganella aquatica,1522432:3,True,Pseudoduganella:HSG3
43305,Butyrivibrio proteoclasticus,830:2,True,Butyrivibrio:HSG2
45851,Butyrivibrio crossotus,830:1,True,Butyrivibrio:HSG1
185008,Butyrivibrio hungatei,830:0,True,Butyrivibrio:HSG0
400061,Paludibacterium yongneupense,400060:1,True,Paludibacterium:HSG1
1225769,Paludibacterium paludis,400060:0,True,Paludibacterium:HSG0
1521,Ruminiclostridium cellulolyticum,1508657:2,True,Ruminiclostridium:HSG2
29362,Ruminiclostridium papyrosolvens,1508657:1,True,Ruminiclostridium:HSG1
2488810,Ruminiclostridium herbifermentans,1508657:0,True,Ruminiclostridium:HSG0
51367,Salinivibrio costicola,51366:0,False,Salinivibrio:HSG0
334715,Salinivibrio proteolyticus,51366:0,False,Salinivibrio:HSG0
1908198,Salinivibrio kushneri,51366:1,True,Salinivibrio:HSG1
921,Ancylobacter novellus,99:2,True,Ancylobacter:HSG2
223390,Ancylobacter polymorphus,99:1,True,Ancylobacter:HSG1
1745854,Ancylobacter pratisalsi,99:0,True,Ancylobacter:HSG0
176292,Secundilactobacillus malefermentans,2767892:1,True,Secundilactobacillus:HSG1
240427,Secundilactobacillus paracollinoides,2767892:0,True,Secundilactobacillus:HSG0
37448,Polaromonas vacuolata,52972:1,True,Polaromonas:HSG1
216465,Polaromonas naphthalenivorans,52972:0,True,Polaromonas:HSG0
1407,Peribacillus psychrosaccharolyticus,2675229:1,True,Peribacillus:HSG1
1478,Peribacillus simplex,2675229:0,False,Peribacillus:HSG0
228899,Peribacillus asahii,2675229:2,True,Peribacillus:HSG2
264697,Peribacillus muralis,2675229:0,False,Peribacillus:HSG0
421767,Peribacillus butanolivorans,2675229:0,False,Peribacillus:HSG0
450367,Peribacillus frigoritolerans,2675229:0,False,Peribacillus:HSG0
33936,Aeribacillus pallidus,1055323:0,False,Aeribacillus:HSG0
1868734,Aeribacillus composti,1055323:0,False,Aeribacillus:HSG0
1884634,Candidatus Nanopelagicus limnes,2039639:0,False,Candidatus Nanopelagicus:HSG0
1884915,Candidatus Nanopelagicus hibericus,2039639:0,False,Candidatus Nanopelagicus:HSG0
1884916,Candidatus Nanopelagicus abundans,2039639:0,False,Candidatus Nanopelagicus:HSG0
104,Cyclobacterium marinum,68288:1,True,Cyclobacterium:HSG1
320787,Cyclobacterium amurskyense,68288:0,True,Cyclobacterium:HSG0
215691,Thermomonas brevis,141948:2,True,Thermomonas:HSG2
1463158,Thermomonas carbonis,141948:3,True,Thermomonas:HSG3
2202149,Thermomonas aquatica,141948:1,True,Thermomonas:HSG1
2884874,Thermomonas paludicola,141948:0,True,Thermomonas:HSG0
726,Haemophilus haemolyticus,724:5,True,Haemophilus:HSG5
727,Haemophilus influenzae,724:0,False,Haemophilus:HSG0
729,Haemophilus parainfluenzae,724:4,True,Haemophilus:HSG4
730,[Haemophilus] ducreyi,724:3,True,Haemophilus:HSG3
735,Haemophilus parahaemolyticus,724:2,True,Haemophilus:HSG2
197575,Haemophilus aegyptius,724:0,False,Haemophilus:HSG0
249188,Haemophilus pittmaniae,724:1,True,Haemophilus:HSG1
158822,Cedecea neteri,158483:0,False,Cedecea:HSG0
158823,Cedecea lapagei,158483:0,False,Cedecea:HSG0
518,Bordetella bronchiseptica,517:0,False,Bordetella:HSG0
519,Bordetella parapertussis,517:0,False,Bordetella:HSG0
520,Bordetella pertussis,517:0,False,Bordetella:HSG0
521,Bordetella avium,517:0,False,Bordetella:HSG0
35814,Bordetella holmesii,517:0,False,Bordetella:HSG0
94624,Bordetella petrii,517:1,True,Bordetella:HSG1
103855,Bordetella hinzii,517:0,False,Bordetella:HSG0
123899,Bordetella trematum,517:0,False,Bordetella:HSG0
463014,Bordetella flabilis,517:2,False,Bordetella:HSG2
463025,Bordetella bronchialis,517:2,False,Bordetella:HSG2
1331258,Bordetella pseudohinzii,517:0,False,Bordetella:HSG0
184064,Thermodesulfobium narugense,227388:0,False,Thermodesulfobium:HSG0
1794699,Thermodesulfobium acidiphilum,227388:0,False,Thermodesulfobium:HSG0
340268,Tardiphaga alba,1395974:1,True,Tardiphaga:HSG1
943830,Tardiphaga robiniae,1395974:0,True,Tardiphaga:HSG0
2371,Xylella fastidiosa,2370:1,True,Xylella:HSG1
1444770,Xylella taiwanensis,2370:0,True,Xylella:HSG0
69539,Moritella yayanosii,58050:0,False,Moritella:HSG0
90736,Moritella marina,58050:0,False,Moritella:HSG0
512763,Rufibacter tibetensis,1379908:1,True,Rufibacter:HSG1
1379910,Rufibacter radiotolerans,1379908:0,True,Rufibacter:HSG0
2740185,Geomonas paludis,2651583:0,False,Geomonas:HSG0
2847989,Geomonas subterranea,2651583:1,False,Geomonas:HSG1
2847991,Geomonas nitrogeniifigens,2651583:1,False,Geomonas:HSG1
2847992,Geomonas oryzisoli,2651583:0,False,Geomonas:HSG0
1214604,Tumebacillus algifaecis,432330:0,False,Tumebacillus:HSG0
1903704,Tumebacillus avium,432330:0,False,Tumebacillus:HSG0
35,Corallococcus macrosporus,83461:1,True,Corallococcus:HSG1
184914,Corallococcus coralloides,83461:0,True,Corallococcus:HSG0
38322,Pseudothermotoga elfii,1643951:0,False,Pseudothermotoga:HSG0
57487,Pseudothermotoga hypogea,1643951:2,True,Pseudothermotoga:HSG2
119394,Pseudothermotoga thermarum,1643951:1,True,Pseudothermotoga:HSG1
177758,Pseudothermotoga lettingae,1643951:0,False,Pseudothermotoga:HSG0
1599,Latilactobacillus sakei,2767885:0,False,Latilactobacillus:HSG0
28038,Latilactobacillus curvatus,2767885:0,False,Latilactobacillus:HSG0
60519,Latilactobacillus graminis,2767885:0,False,Latilactobacillus:HSG0
1632866,Alkalimarinus sediminis,1858563:0,False,Alkalimarinus:HSG0
2935863,Alkalimarinus coralli,1858563:1,True,Alkalimarinus:HSG1
2961619,Alkalimarinus alittae,1858563:0,False,Alkalimarinus:HSG0
66228,Gleimia europaea,2692113:1,True,Gleimia:HSG1
595468,Gleimia hominis,2692113:0,True,Gleimia:HSG0
1184387,Mesotoga prima,1184396:1,True,Mesotoga:HSG1
1236046,Mesotoga infera,1184396:0,True,Mesotoga:HSG0
1296,Mammaliicoccus sciuri,2803850:0,False,Mammaliicoccus:HSG0
42858,Mammaliicoccus lentus,2803850:0,False,Mammaliicoccus:HSG0
71237,Mammaliicoccus vitulinus,2803850:0,False,Mammaliicoccus:HSG0
643214,Mammaliicoccus stepanovicii,2803850:0,False,Mammaliicoccus:HSG0
1076,Rhodopseudomonas palustris,1073:1,True,Rhodopseudomonas:HSG1
475937,Rhodopseudomonas boonkerdii,1073:0,True,Rhodopseudomonas:HSG0
1267217,Melaminivora jejuensis,1649468:0,False,Melaminivora:HSG0
2109913,Melaminivora suipulveris,1649468:0,False,Melaminivora:HSG0
33934,Anoxybacillus flavithermus,150247:0,False,Anoxybacillus:HSG0
198467,Anoxybacillus gonensis,150247:0,False,Anoxybacillus:HSG0
247480,Anoxybacillus caldiproteolyticus,150247:3,True,Anoxybacillus:HSG3
294699,Anoxybacillus amylolyticus,150247:2,True,Anoxybacillus:HSG2
2613334,Anoxybacillus sediminis,150247:1,True,Anoxybacillus:HSG1
414,Methylococcus capsulatus,413:2,True,Methylococcus:HSG2
2681310,Methylococcus geothermalis,413:1,True,Methylococcus:HSG1
2993564,Methylococcus mesophilus,413:0,True,Methylococcus:HSG0
395922,Coraliomargarita akajimensis,442430:1,True,Coraliomargarita:HSG1
3092156,Coraliomargarita algicola,442430:0,True,Coraliomargarita:HSG0
239935,Akkermansia muciniphila,239934:0,False,Akkermansia:HSG0
1679444,Akkermansia glycaniphila,239934:1,True,Akkermansia:HSG1
2927224,Akkermansia massiliensis,239934:0,False,Akkermansia:HSG0
2946555,Akkermansia biwaensis,239934:2,False,Akkermansia:HSG2
3068329,Candidatus Akkermansia timonensis,239934:2,False,Akkermansia:HSG2
1302,Streptococcus gordonii,1301:35,True,Streptococcus:HSG35
1303,Streptococcus oralis,1301:6,False,Streptococcus:HSG6
1304,Streptococcus salivarius,1301:1,False,Streptococcus:HSG1
1305,Streptococcus sanguinis,1301:33,True,Streptococcus:HSG33
1307,Streptococcus suis,1301:42,True,Streptococcus:HSG42
1308,Streptococcus thermophilus,1301:1,False,Streptococcus:HSG1
1309,Streptococcus mutans,1301:23,True,Streptococcus:HSG23
1310,Streptococcus sobrinus,1301:31,True,Streptococcus:HSG31
1311,Streptococcus agalactiae,1301:5,False,Streptococcus:HSG5
1313,Streptococcus pneumoniae,1301:6,False,Streptococcus:HSG6
1314,Streptococcus pyogenes,1301:32,True,Streptococcus:HSG32
1318,Streptococcus parasanguinis,1301:0,False,Streptococcus:HSG0
1326,Streptococcus acidominimus,1301:25,True,Streptococcus:HSG25
1328,Streptococcus anginosus,1301:5,False,Streptococcus:HSG5
1329,Streptococcus canis,1301:30,True,Streptococcus:HSG30
1334,Streptococcus dysgalactiae,1301:26,True,Streptococcus:HSG26
1335,Streptococcus equinus,1301:3,False,Streptococcus:HSG3
1336,Streptococcus equi,1301:27,True,Streptococcus:HSG27
1338,Streptococcus intermedius,1301:39,True,Streptococcus:HSG39
1340,Streptococcus porcinus,1301:34,True,Streptococcus:HSG34
1341,Streptococcus ratti,1301:29,True,Streptococcus:HSG29
1343,Streptococcus vestibularis,1301:1,False,Streptococcus:HSG1
1345,Streptococcus ferus,1301:24,True,Streptococcus:HSG24
1346,Streptococcus iniae,1301:15,True,Streptococcus:HSG15
1348,Streptococcus parauberis,1301:12,True,Streptococcus:HSG12
1349,Streptococcus uberis,1301:28,True,Streptococcus:HSG28
28037,Streptococcus mitis,1301:6,False,Streptococcus:HSG6
29389,Streptococcus alactolyticus,1301:37,True,Streptococcus:HSG37
33040,Streptococcus milleri,1301:5,False,Streptococcus:HSG5
45634,Streptococcus cristatus,1301:14,True,Streptococcus:HSG14
59310,Streptococcus macedonicus,1301:2,False,Streptococcus:HSG2
68892,Streptococcus infantis,1301:41,True,Streptococcus:HSG41
76860,Streptococcus constellatus,1301:5,False,Streptococcus:HSG5
78535,Streptococcus viridans,1301:0,False,Streptococcus:HSG0
82348,Streptococcus pluranimalium,1301:16,True,Streptococcus:HSG16
102684,Streptococcus infantarius,1301:3,False,Streptococcus:HSG3
113107,Streptococcus australis,1301:0,False,Streptococcus:HSG0
149016,Streptococcus urinalis,1301:11,True,Streptococcus:HSG11
150055,Streptococcus lutetiensis,1301:3,False,Streptococcus:HSG3
197614,Streptococcus pasteurianus,1301:2,False,Streptococcus:HSG2
254785,Streptococcus halichoeri,1301:40,True,Streptococcus:HSG40
257758,Streptococcus pseudopneumoniae,1301:6,False,Streptococcus:HSG6
315405,Streptococcus gallolyticus,1301:2,False,Streptococcus:HSG2
361101,Streptococcus pseudoporcinus,1301:21,True,Streptococcus:HSG21
400065,Streptococcus merionis,1301:36,True,Streptococcus:HSG36
684066,Streptococcus lactarius,1301:22,True,Streptococcus:HSG22
1111760,Streptococcus troglodytae,1301:10,True,Streptococcus:HSG10
1156431,Streptococcus ilei,1301:0,False,Streptococcus:HSG0
1234680,Streptococcus rubneri,1301:0,False,Streptococcus:HSG0
1433513,Streptococcus gwangjuense,1301:6,False,Streptococcus:HSG6
1501662,Streptococcus parasuis,1301:19,True,Streptococcus:HSG19
1811193,Streptococcus pantholopis,1301:20,True,Streptococcus:HSG20
1814128,Streptococcus halotolerans,1301:13,True,Streptococcus:HSG13
1825069,Streptococcus marmotae,1301:17,True,Streptococcus:HSG17
1888195,Streptococcus himalayensis,1301:38,True,Streptococcus:HSG38
1917441,Streptococcus ruminantium,1301:9,True,Streptococcus:HSG9
2021971,Streptococcus respiraculi,1301:4,True,Streptococcus:HSG4
2173853,Streptococcus chenjunshii,1301:7,True,Streptococcus:HSG7
2382163,Streptococcus koreensis,1301:0,False,Streptococcus:HSG0
2490633,Streptococcus periodonticum,1301:18,True,Streptococcus:HSG18
2686210,Streptococcus ruminicola,1301:3,False,Streptococcus:HSG3
2781599,Streptococcus oriscaviae,1301:8,True,Streptococcus:HSG8
2819619,Streptococcus toyakuensis,1301:6,False,Streptococcus:HSG6
401471,Undibacterium parvum,401469:1,True,Undibacterium:HSG1
3073561,Undibacterium cyanobacteriorum,401469:0,True,Undibacterium:HSG0
1866,Actinoplanes missouriensis,1865:3,True,Actinoplanes:HSG3
1867,Actinoplanes teichomyceticus,1865:1,True,Actinoplanes:HSG1
122358,Actinoplanes ianthinogenes,1865:0,False,Actinoplanes:HSG0
512349,Actinoplanes sichuanensis,1865:2,True,Actinoplanes:HSG2
3040509,Actinoplanes oblitus,1865:0,False,Actinoplanes:HSG0
580,Kluyvera cryocrescens,579:0,False,Kluyvera:HSG0
51288,Kluyvera ascorbata,579:0,False,Kluyvera:HSG0
61648,Kluyvera intermedia,579:0,False,Kluyvera:HSG0
342950,Parashewanella spongiae,2547964:1,True,Parashewanella:HSG1
2547970,Parashewanella tropica,2547964:0,True,Parashewanella:HSG0
1490,Paraclostridium bifermentans,1849822:1,True,Paraclostridium:HSG1
1505,Paraclostridium sordellii,1849822:0,True,Paraclostridium:HSG0
138336,Blastococcus saxobsidens,38501:1,True,Blastococcus:HSG1
1564165,Blastococcus brunescens,38501:0,True,Blastococcus:HSG0
2094,Mycoplasmopsis arginini,2767358:23,True,Mycoplasmopsis:HSG23
2107,Mycoplasmopsis pulmonis,2767358:15,True,Mycoplasmopsis:HSG15
2109,Mycoplasmopsis synoviae,2767358:13,True,Mycoplasmopsis:HSG13
2110,Mycoplasmopsis agalactiae,2767358:2,False,Mycoplasmopsis:HSG2
2112,Mycoplasmopsis bovigenitalium,2767358:24,True,Mycoplasmopsis:HSG24
2113,Mycoplasmopsis californica,2767358:20,True,Mycoplasmopsis:HSG20
2115,Mycoplasmopsis fermentans,2767358:1,False,Mycoplasmopsis:HSG1
28903,Mycoplasmopsis bovis,2767358:2,False,Mycoplasmopsis:HSG2
29553,Mycoplasmopsis bovirhinis,2767358:22,True,Mycoplasmopsis:HSG22
29555,Mycoplasmopsis canis,2767358:0,False,Mycoplasmopsis:HSG0
29556,Mycoplasmopsis gallinacea,2767358:16,True,Mycoplasmopsis:HSG16
29561,Mycoplasmopsis meleagridis,2767358:14,True,Mycoplasmopsis:HSG14
33923,Mycoplasmopsis felis,2767358:6,True,Mycoplasmopsis:HSG6
48003,Mycoplasmopsis pullorum,2767358:7,True,Mycoplasmopsis:HSG7
53558,Mycoplasmopsis edwardii,2767358:0,False,Mycoplasmopsis:HSG0
55603,Mycoplasmopsis caviae,2767358:1,False,Mycoplasmopsis:HSG1
76629,Mycoplasmopsis gallopavonis,2767358:21,True,Mycoplasmopsis:HSG21
114880,Mycoplasmopsis columbinasalis,2767358:17,True,Mycoplasmopsis:HSG17
114881,Mycoplasmopsis columbina,2767358:12,True,Mycoplasmopsis:HSG12
114883,Mycoplasmopsis equigenitalium,2767358:19,True,Mycoplasmopsis:HSG19
114885,Mycoplasmopsis maculosa,2767358:11,True,Mycoplasmopsis:HSG11
142650,Mycoplasmopsis phocirhinis,2767358:9,True,Mycoplasmopsis:HSG9
171279,Mycoplasmopsis anatis,2767358:10,True,Mycoplasmopsis:HSG10
171281,Mycoplasmopsis citelli,2767358:4,True,Mycoplasmopsis:HSG4
171282,Mycoplasmopsis columboralis,2767358:18,True,Mycoplasmopsis:HSG18
171284,Mycoplasmopsis cynos,2767358:5,True,Mycoplasmopsis:HSG5
171285,Mycoplasmopsis glycophila,2767358:8,True,Mycoplasmopsis:HSG8
171291,Mycoplasmopsis verecunda,2767358:3,True,Mycoplasmopsis:HSG3
980254,Roseimaritima ulvae,1579506:1,True,Roseimaritima:HSG1
1930274,Roseimaritima multifibrata,1579506:0,True,Roseimaritima:HSG0
915,Nitrosomonas europaea,914:3,True,Nitrosomonas:HSG3
916,Nitrosomonas eutropha,914:1,True,Nitrosomonas:HSG1
44574,Nitrosomonas communis,914:2,True,Nitrosomonas:HSG2
44577,Nitrosomonas ureae,914:0,True,Nitrosomonas:HSG0
728,Avibacterium paragallinarum,292486:1,True,Avibacterium:HSG1
762,Avibacterium volantium,292486:0,True,Avibacterium:HSG0
92245,Thiomicrospira aerophila,933:0,False,Thiomicrospira:HSG0
147268,Thiomicrospira cyclica,933:0,False,Thiomicrospira:HSG0
406020,Thiomicrospira microaerophila,933:1,True,Thiomicrospira:HSG1
361183,Altererythrobacter epoxidivorans,361177:1,True,Altererythrobacter:HSG1
476157,Altererythrobacter ishigakiensis,361177:2,True,Altererythrobacter:HSG2
2173831,Altererythrobacter rubellus,361177:0,True,Altererythrobacter:HSG0
565,Atlantibacter hermannii,1903434:0,False,Atlantibacter:HSG0
255519,Atlantibacter subterranea,1903434:0,False,Atlantibacter:HSG0
1823,Nocardia otitidiscaviarum,1817:12,True,Nocardia:HSG12
1824,Nocardia asteroides,1817:14,True,Nocardia:HSG14
37326,Nocardia brasiliensis,1817:17,True,Nocardia:HSG17
37329,Nocardia farcinica,1817:10,True,Nocardia:HSG10
37330,Nocardia nova,1817:13,True,Nocardia:HSG13
37332,Nocardia seriolae,1817:11,True,Nocardia:HSG11
53431,Nocardia salmonicida,1817:16,True,Nocardia:HSG16
96468,Nocardia vinacea,1817:18,True,Nocardia:HSG18
135487,Nocardia cyriacigeorgica,1817:8,True,Nocardia:HSG8
204891,Nocardia iowensis,1817:9,True,Nocardia:HSG9
208602,Nocardia puris,1817:15,True,Nocardia:HSG15
209247,Nocardia yamanashiensis,1817:7,True,Nocardia:HSG7
228602,Nocardia arthritidis,1817:4,True,Nocardia:HSG4
455432,Nocardia terpenica,1817:3,True,Nocardia:HSG3
480035,Nocardia wallacei,1817:5,True,Nocardia:HSG5
2055889,Nocardia tengchongensis,1817:0,False,Nocardia:HSG0
2213200,Nocardia mangyaensis,1817:1,True,Nocardia:HSG1
2749991,Nocardia gipuzkoensis,1817:6,True,Nocardia:HSG6
2755382,Nocardia huaxiensis,1817:0,False,Nocardia:HSG0
2984338,Nocardia sputorum,1817:2,True,Nocardia:HSG2
154,Spirochaeta thermophila,146:1,True,Spirochaeta:HSG1
46355,Spirochaeta africana,146:0,True,Spirochaeta:HSG0
40324,Stenotrophomonas maltophilia,40323:0,False,Stenotrophomonas:HSG0
83617,Stenotrophomonas nitritireducens,40323:3,True,Stenotrophomonas:HSG3
86188,Stenotrophomonas geniculata,40323:0,False,Stenotrophomonas:HSG0
128780,Stenotrophomonas acidaminiphila,40323:1,True,Stenotrophomonas:HSG1
216778,Stenotrophomonas rhizophila,40323:2,True,Stenotrophomonas:HSG2
487698,Stenotrophomonas pavanii,40323:0,False,Stenotrophomonas:HSG0
2045451,Stenotrophomonas indicatrix,40323:0,False,Stenotrophomonas:HSG0
59930,Cyanobium gracile,167375:1,True,Cyanobium:HSG1
2304190,Cyanobium usitatum,167375:0,True,Cyanobium:HSG0
28251,Ornithobacterium rhinotracheale,28250:1,True,Ornithobacterium:HSG1
2497989,Candidatus Ornithobacterium hominis,28250:0,True,Ornithobacterium:HSG0
197482,Malaciobacter halophilus,2321114:3,True,Malaciobacter:HSG3
505249,Malaciobacter marinus,2321114:0,False,Malaciobacter:HSG0
603050,Malaciobacter mytili,2321114:4,True,Malaciobacter:HSG4
1032072,Malaciobacter molluscorum,2321114:1,True,Malaciobacter:HSG1
1080223,Malaciobacter pacificus,2321114:2,True,Malaciobacter:HSG2
1912871,Malaciobacter canalis,2321114:0,False,Malaciobacter:HSG0
2732067,Usitatibacter rugosus,2803845:1,True,Usitatibacter:HSG1
2732487,Usitatibacter palustris,2803845:0,True,Usitatibacter:HSG0
237258,Cloacibacterium normanense,501783:0,False,Cloacibacterium:HSG0
2004710,Cloacibacterium caeni,501783:0,False,Cloacibacterium:HSG0
42253,Nitrospira moscoviensis,1234:4,True,Nitrospira:HSG4
1325564,Nitrospira japonica,1234:3,True,Nitrospira:HSG3
1715989,Candidatus Nitrospira inopinata,1234:1,True,Nitrospira:HSG1
2973512,Nitrospira tepida,1234:2,True,Nitrospira:HSG2
3020899,Candidatus Nitrospira neomarina,1234:0,False,Nitrospira:HSG0
3020900,Candidatus Nitrospira allomarina,1234:0,False,Nitrospira:HSG0
29405,Microlunatus phosphovorus,29404:1,True,Microlunatus:HSG1
2596828,Microlunatus elymi,29404:0,True,Microlunatus:HSG0
235,Brucella abortus,234:0,False,Brucella:HSG0
236,Brucella ovis,234:0,False,Brucella:HSG0
529,Brucella anthropi,234:5,True,Brucella:HSG5
29459,Brucella melitensis,234:0,False,Brucella:HSG0
29461,Brucella suis,234:0,False,Brucella:HSG0
36855,Brucella canis,234:0,False,Brucella:HSG0
94625,Brucella intermedia,234:0,False,Brucella:HSG0
120576,Brucella pinnipedialis,234:0,False,Brucella:HSG0
120577,Brucella ceti,234:0,False,Brucella:HSG0
370111,Brucella pseudintermedia,234:3,True,Brucella:HSG3
419475,Brucella pseudogrignonensis,234:4,True,Brucella:HSG4
444163,Brucella microti,234:0,False,Brucella:HSG0
571256,Brucella pituitosa,234:1,True,Brucella:HSG1
1218315,Brucella inopinata,234:2,True,Brucella:HSG2
128785,Pseudoxanthomonas mexicana,83618:3,True,Pseudoxanthomonas:HSG3
266062,Pseudoxanthomonas daejeonensis,83618:0,False,Pseudoxanthomonas:HSG0
314722,Pseudoxanthomonas suwonensis,83618:0,False,Pseudoxanthomonas:HSG0
415229,Pseudoxanthomonas spadix,83618:2,True,Pseudoxanthomonas:HSG2
2480810,Pseudoxanthomonas winnipegensis,83618:1,True,Pseudoxanthomonas:HSG1
266748,Kaistella antarctica,2782231:5,True,Kaistella:HSG5
266749,Kaistella jeonii,2782231:6,True,Kaistella:HSG6
1241979,Kaistella carnis,2782231:7,True,Kaistella:HSG7
2038776,Kaistella flava (ex Peng et al. 2021),2782231:3,True,Kaistella:HSG3
2487074,Kaistella daneshvariae,2782231:4,True,Kaistella:HSG4
2820270,Candidatus Kaistella beijingensis,2782231:1,True,Kaistella:HSG1
2852098,Kaistella faecalis,2782231:2,True,Kaistella:HSG2
2878534,Kaistella polysaccharea,2782231:0,True,Kaistella:HSG0
2423,Fervidobacterium islandicum,2422:2,True,Fervidobacterium:HSG2
2424,Fervidobacterium nodosum,2422:1,True,Fervidobacterium:HSG1
93466,Fervidobacterium pennivorans,2422:0,True,Fervidobacterium:HSG0
1748242,Spongiibacter taiwanensis,630749:1,True,Spongiibacter:HSG1
2794344,Spongiibacter nanhainus,630749:0,True,Spongiibacter:HSG0
2927979,Mesoterricola silvestris,3074468:1,True,Mesoterricola:HSG1
2927980,Mesoterricola sediminis,3074468:0,True,Mesoterricola:HSG0
552,Erwinia amylovora,551:2,False,Erwinia:HSG2
55211,Erwinia persicina,551:0,False,Erwinia:HSG0
55212,Erwinia rhapontici,551:0,False,Erwinia:HSG0
65700,Erwinia tracheiphila,551:5,True,Erwinia:HSG5
79967,Erwinia pyrifoliae,551:2,False,Erwinia:HSG2
182337,Erwinia billingiae,551:7,True,Erwinia:HSG7
338565,Erwinia tasmaniensis,551:2,False,Erwinia:HSG2
1324864,[Pantoea] beijingensis,551:3,True,Erwinia:HSG3
1922217,Candidatus Erwinia haradaeae,551:4,True,Erwinia:HSG4
2681984,Erwinia sorbitola,551:6,True,Erwinia:HSG6
3062598,Erwinia pyri,551:1,True,Erwinia:HSG1
1374,Planococcus kocurii,1372:0,False,Planococcus:HSG0
161360,Planococcus antarcticus,1372:0,False,Planococcus:HSG0
192421,Planococcus maritimus,1372:1,False,Planococcus:HSG1
200991,Planococcus rifietoensis,1372:8,True,Planococcus:HSG8
414778,Planococcus donghaensis,1372:0,False,Planococcus:HSG0
459472,Planococcus glaciei,1372:2,False,Planococcus:HSG2
1038856,Planococcus plakortidis,1372:1,False,Planococcus:HSG1
1215089,Planococcus halocryophilus,1372:0,False,Planococcus:HSG0
1302659,Planococcus versutus,1372:0,False,Planococcus:HSG0
1499687,Planococcus massiliensis,1372:4,True,Planococcus:HSG4
1598147,Planococcus faecalis,1372:0,False,Planococcus:HSG0
2213202,Planococcus lenghuensis,1372:7,True,Planococcus:HSG7
2233542,Planococcus halotolerans,1372:3,True,Planococcus:HSG3
3058393,Planococcus shixiaomingii,1372:6,True,Planococcus:HSG6
3058394,Planococcus liqunii,1372:2,False,Planococcus:HSG2
3058398,Planococcus shenhongbingii,1372:5,True,Planococcus:HSG5
1288636,Ornithinimicrobium flavum,125287:3,True,Ornithinimicrobium:HSG3
2283195,Ornithinimicrobium avium,125287:4,True,Ornithinimicrobium:HSG4
2508882,Ornithinimicrobium sufpigmenti,125287:0,False,Ornithinimicrobium:HSG0
2593973,Ornithinimicrobium pratense,125287:0,False,Ornithinimicrobium:HSG0
2594265,Ornithinimicrobium ciconiae,125287:5,True,Ornithinimicrobium:HSG5
2934158,Ornithinimicrobium faecis,125287:2,True,Ornithinimicrobium:HSG2
2934161,Ornithinimicrobium cryptoxanthini,125287:1,True,Ornithinimicrobium:HSG1
39766,Sulfurimonas denitrificans,202746:8,True,Sulfurimonas:HSG8
202747,Sulfurimonas autotrophica,202746:6,True,Sulfurimonas:HSG6
317658,Sulfurimonas paralvinellae,202746:9,True,Sulfurimonas:HSG9
1176482,Sulfurimonas gotlandica,202746:7,True,Sulfurimonas:HSG7
2509341,Sulfurimonas hydrogeniphila,202746:0,False,Sulfurimonas:HSG0
2590020,Sulfurimonas sediminis,202746:0,False,Sulfurimonas:HSG0
2590021,Sulfurimonas xiamenensis,202746:5,True,Sulfurimonas:HSG5
2590022,Sulfurimonas lithotrophica,202746:3,True,Sulfurimonas:HSG3
2590551,Sulfurimonas marina,202746:4,True,Sulfurimonas:HSG4
2672570,Sulfurimonas aquatica,202746:2,True,Sulfurimonas:HSG2
2740404,Candidatus Sulfurimonas baltica,202746:1,False,Sulfurimonas:HSG1
2740405,Candidatus Sulfurimonas marisnigri,202746:1,False,Sulfurimonas:HSG1
1850254,Poseidonibacter parvus,2321187:1,True,Poseidonibacter:HSG1
1904463,Poseidonibacter lekithochrous,2321187:0,True,Poseidonibacter:HSG0
45655,Desulfonema magnum,45654:1,True,Desulfonema:HSG1
45656,Desulfonema limicola,45654:0,True,Desulfonema:HSG0
173480,Gemmatimonas aurantiaca,173479:2,True,Gemmatimonas:HSG2
1379270,Gemmatimonas phototrophica,173479:1,True,Gemmatimonas:HSG1
2732249,Gemmatimonas groenlandica,173479:0,True,Gemmatimonas:HSG0
1630135,Dermabacter vaginalis,36739:0,False,Dermabacter:HSG0
1667168,Dermabacter jinjuensis,36739:0,False,Dermabacter:HSG0
28258,Cobetia marina,204286:0,False,Cobetia:HSG0
1055101,Cobetia pacifica,204286:0,False,Cobetia:HSG0
1055104,Cobetia amphilecti,204286:0,False,Cobetia:HSG0
1510570,Rahnella victoriana,34037:0,False,Rahnella:HSG0
1805933,Rahnella sikkimica,34037:1,True,Rahnella:HSG1
2703885,Rahnella aceris,34037:2,True,Rahnella:HSG2
2816248,Rahnella bonaserana,34037:0,False,Rahnella:HSG0
813,Chlamydia trachomatis,810:1,False,Chlamydia:HSG1
83554,Chlamydia psittaci,810:2,False,Chlamydia:HSG2
83555,Chlamydia abortus,810:2,False,Chlamydia:HSG2
83556,Chlamydia felis,810:6,True,Chlamydia:HSG6
83557,Chlamydia caviae,810:2,False,Chlamydia:HSG2
83558,Chlamydia pneumoniae,810:0,False,Chlamydia:HSG0
83559,Chlamydia suis,810:1,False,Chlamydia:HSG1
83560,Chlamydia muridarum,810:1,False,Chlamydia:HSG1
85991,Chlamydia pecorum,810:3,True,Chlamydia:HSG3
344886,Chlamydophila parapsittaci,810:2,False,Chlamydia:HSG2
1457141,Chlamydia avium,810:4,True,Chlamydia:HSG4
1457153,Chlamydia gallinacea,810:5,True,Chlamydia:HSG5
1967782,Chlamydia serpentis,810:0,False,Chlamydia:HSG0
1967783,Chlamydia poikilotherma,810:2,False,Chlamydia:HSG2
2494525,Chlamydia buteonis,810:2,False,Chlamydia:HSG2
2766982,Chlamydia crocodili,810:2,False,Chlamydia:HSG2
44674,Sulfurospirillum barnesii,57665:0,False,Sulfurospirillum:HSG0
65553,Sulfurospirillum deleyianum,57665:0,False,Sulfurospirillum:HSG0
66821,Sulfurospirillum multivorans,57665:2,False,Sulfurospirillum:HSG2
194424,Sulfurospirillum halorespirans,57665:2,False,Sulfurospirillum:HSG2
366522,Sulfurospirillum cavolei,57665:1,True,Sulfurospirillum:HSG1
1854492,Sulfurospirillum diekertiae,57665:2,False,Sulfurospirillum:HSG2
1614,Fructilactobacillus fructivorans,2767881:3,True,Fructilactobacillus:HSG3
1625,Fructilactobacillus sanfranciscensis,2767881:2,True,Fructilactobacillus:HSG2
53444,Fructilactobacillus lindneri,2767881:4,True,Fructilactobacillus:HSG4
1750535,Fructilactobacillus ixorae,2767881:0,False,Fructilactobacillus:HSG0
2940297,Fructilactobacillus carniphilus,2767881:0,False,Fructilactobacillus:HSG0
2940299,Fructilactobacillus cliffordii,2767881:0,False,Fructilactobacillus:HSG0
2940300,Fructilactobacillus hinvesii,2767881:1,True,Fructilactobacillus:HSG1
2940301,Fructilactobacillus myrtifloralis,2767881:0,False,Fructilactobacillus:HSG0
352475,Shinella zoogloeoides,323620:1,True,Shinella:HSG1
1967501,Shinella sumterensis,323620:0,False,Shinella:HSG0
2871820,Shinella oryzae,323620:0,False,Shinella:HSG0
2507935,Cohnella abietis,329857:2,True,Cohnella:HSG2
2598458,Cohnella cholangitidis,329857:3,True,Cohnella:HSG3
2674991,Cohnella candidum,329857:1,True,Cohnella:HSG1
2728023,Cohnella herbarum,329857:0,True,Cohnella:HSG0
853,Faecalibacterium prausnitzii,216851:1,True,Faecalibacterium:HSG1
411483,Faecalibacterium duncaniae,216851:0,True,Faecalibacterium:HSG0
665913,Mixta calida,2100764:0,False,Mixta:HSG0
665914,Mixta gaviniae,2100764:0,False,Mixta:HSG0
1615494,Mixta intestinalis,2100764:1,True,Mixta:HSG1
2872648,Mixta hanseatica,2100764:2,True,Mixta:HSG2
1178,Nostoc commune,1177:3,True,Nostoc:HSG3
264686,Nostoc edaphicum,1177:2,True,Nostoc:HSG2
272131,Nostoc punctiforme,1177:4,True,Nostoc:HSG4
446679,Nostoc sphaeroides,1177:1,True,Nostoc:HSG1
1306274,Nostoc flagelliforme,1177:0,True,Nostoc:HSG0
644,Aeromonas hydrophila,642:0,False,Aeromonas:HSG0
645,Aeromonas salmonicida,642:0,False,Aeromonas:HSG0
648,Aeromonas caviae,642:0,False,Aeromonas:HSG0
650,Aeromonas jandaei,642:0,False,Aeromonas:HSG0
651,Aeromonas media,642:0,False,Aeromonas:HSG0
652,Aeromonas schubertii,642:0,False,Aeromonas:HSG0
654,Aeromonas veronii,642:0,False,Aeromonas:HSG0
656,Aeromonas allosaccharophila,642:0,False,Aeromonas:HSG0
29489,Aeromonas enteropelogenes,642:0,False,Aeromonas:HSG0
73010,Aeromonas encheleia,642:0,False,Aeromonas:HSG0
105751,Aeromonas bestiarum,642:0,False,Aeromonas:HSG0
196024,Aeromonas dhakensis,642:0,False,Aeromonas:HSG0
218936,Aeromonas simiae,642:1,True,Aeromonas:HSG1
648794,Aeromonas rivuli,642:0,False,Aeromonas:HSG0
948519,Aeromonas rivipollensis,642:0,False,Aeromonas:HSG0
186189,Xylanimonas cellulosilytica,186188:1,True,Xylanimonas:HSG1
2509457,Xylanimonas protaetiae,186188:2,True,Xylanimonas:HSG2
2509459,Xylanimonas allomyrinae,186188:0,True,Xylanimonas:HSG0
416169,Rhodanobacter thiooxydans,75309:0,False,Rhodanobacter:HSG0
582702,Rhodanobacter glycinis,75309:1,True,Rhodanobacter:HSG1
666685,Rhodanobacter denitrificans,75309:0,False,Rhodanobacter:HSG0
1244,Leuconostoc gelidum,1243:2,False,Leuconostoc:HSG2
1245,Leuconostoc mesenteroides,1243:1,False,Leuconostoc:HSG1
1246,Leuconostoc lactis,1243:0,False,Leuconostoc:HSG0
1252,Leuconostoc carnosum,1243:4,True,Leuconostoc:HSG4
33964,Leuconostoc citreum,1243:0,False,Leuconostoc:HSG0
33968,Leuconostoc pseudomesenteroides,1243:1,False,Leuconostoc:HSG1
115778,Leuconostoc gasicomitatum,1243:2,False,Leuconostoc:HSG2
136609,Leuconostoc kimchii,1243:3,True,Leuconostoc:HSG3
255248,Leuconostoc garlicum,1243:0,False,Leuconostoc:HSG0
1511761,Leuconostoc suionicum,1243:1,False,Leuconostoc:HSG1
2766470,Leuconostoc falkenbergense,1243:1,False,Leuconostoc:HSG1
1052,Halorhodospira halochloris,85108:1,True,Halorhodospira:HSG1
1053,Halorhodospira halophila,85108:0,True,Halorhodospira:HSG0
1602,Companilactobacillus alimentarius,2767879:3,True,Companilactobacillus:HSG3
1612,Companilactobacillus farciminis,2767879:0,False,Companilactobacillus:HSG0
392416,Companilactobacillus crustorum,2767879:0,False,Companilactobacillus:HSG0
938155,Companilactobacillus futsaii,2767879:0,False,Companilactobacillus:HSG0
1007676,Companilactobacillus ginsenosidimutans,2767879:2,True,Companilactobacillus:HSG2
1074467,Companilactobacillus heilongjiangensis,2767879:4,True,Companilactobacillus:HSG4
1847728,Companilactobacillus allii,2767879:1,True,Companilactobacillus:HSG1
2304606,Companilactobacillus zhachilii,2767879:0,False,Companilactobacillus:HSG0
2714036,Companilactobacillus pabuli,2767879:0,False,Companilactobacillus:HSG0
1671,Pseudarthrobacter oxydans,1742993:0,False,Pseudarthrobacter:HSG0
85085,Pseudarthrobacter chlorophenolicus,1742993:2,True,Pseudarthrobacter:HSG2
121292,Pseudarthrobacter sulfonivorans,1742993:0,False,Pseudarthrobacter:HSG0
361575,Pseudarthrobacter phenanthrenivorans,1742993:0,False,Pseudarthrobacter:HSG0
410837,Pseudarthrobacter defluvii,1742993:1,True,Pseudarthrobacter:HSG1
2697569,Pseudarthrobacter psychrotolerans,1742993:0,False,Pseudarthrobacter:HSG0
139,Borreliella burgdorferi,64895:0,False,Borreliella:HSG0
29518,Borreliella afzelii,64895:0,False,Borreliella:HSG0
29519,Borreliella garinii,64895:0,False,Borreliella:HSG0
34095,Borreliella japonica,64895:0,False,Borreliella:HSG0
42109,Borreliella andersonii,64895:0,False,Borreliella:HSG0
56146,Borreliella tanukii,64895:0,False,Borreliella:HSG0
57863,Borreliella turdi,64895:0,False,Borreliella:HSG0
62088,Borreliella valaisiana,64895:0,False,Borreliella:HSG0
64897,Borreliella bissettiae,64895:0,False,Borreliella:HSG0
87162,Borreliella sinica,64895:0,False,Borreliella:HSG0
88916,Borreliella spielmanii,64895:0,False,Borreliella:HSG0
100177,Borreliella lusitaniae,64895:0,False,Borreliella:HSG0
373540,Borreliella lanei,64895:0,False,Borreliella:HSG0
373543,Borreliella californiensis,64895:0,False,Borreliella:HSG0
478174,Borreliella carolinensis,64895:0,False,Borreliella:HSG0
478807,Borreliella americana,64895:0,False,Borreliella:HSG0
498741,Borreliella finlandensis,64895:0,False,Borreliella:HSG0
664662,Borreliella bavariensis,64895:0,False,Borreliella:HSG0
683292,Borreliella yangtzensis,64895:0,False,Borreliella:HSG0
1196056,Borreliella kurtenbachii,64895:0,False,Borreliella:HSG0
1674146,Borreliella mayonii,64895:0,False,Borreliella:HSG0
408,Methylorubrum extorquens,2282523:0,False,Methylorubrum:HSG0
223967,Methylorubrum populi,2282523:0,False,Methylorubrum:HSG0
57320,Pseudodesulfovibrio profundus,2035811:5,True,Pseudodesulfovibrio:HSG5
182210,Pseudodesulfovibrio aespoeensis,2035811:7,True,Pseudodesulfovibrio:HSG7
231439,Pseudodesulfovibrio portus,2035811:9,True,Pseudodesulfovibrio:HSG9
463192,Pseudodesulfovibrio tunisiensis,2035811:8,True,Pseudodesulfovibrio:HSG8
641491,Pseudodesulfovibrio mercurii,2035811:4,True,Pseudodesulfovibrio:HSG4
1716143,Pseudodesulfovibrio indicus,2035811:6,True,Pseudodesulfovibrio:HSG6
2678688,Pseudodesulfovibrio cashew,2035811:2,True,Pseudodesulfovibrio:HSG2
2810563,Pseudodesulfovibrio sediminis,2035811:3,True,Pseudodesulfovibrio:HSG3
2880651,Pseudodesulfovibrio thermohalotolerans,2035811:1,True,Pseudodesulfovibrio:HSG1
2973072,Pseudodesulfovibrio nedwellii,2035811:0,True,Pseudodesulfovibrio:HSG0
261964,Kangiella koreensis,261963:3,True,Kangiella:HSG3
261965,Kangiella aquimarina,261963:0,False,Kangiella:HSG0
914150,Kangiella geojedonensis,261963:2,True,Kangiella:HSG2
1144748,Kangiella sediminilitoris,261963:1,True,Kangiella:HSG1
1561924,Kangiella profundi,261963:0,False,Kangiella:HSG0
1063,Cereibacter sphaeroides,1653176:1,True,Cereibacter:HSG1
43057,Cereibacter azotoformans,1653176:0,True,Cereibacter:HSG0
69395,Caulobacter henricii,75:3,True,Caulobacter:HSG3
69666,Caulobacter mirabilis,75:4,True,Caulobacter:HSG4
88688,Caulobacter segnis,75:0,False,Caulobacter:HSG0
155892,Caulobacter vibrioides,75:0,False,Caulobacter:HSG0
1679497,Caulobacter flavus,75:1,True,Caulobacter:HSG1
2010972,Caulobacter rhizosphaerae,75:2,True,Caulobacter:HSG2
313985,Trichlorobacter lovleyi,115782:1,True,Trichlorobacter:HSG1
2916410,Trichlorobacter ammonificans,115782:0,True,Trichlorobacter:HSG0
1399,Cytobacillus firmus,2675230:0,False,Cytobacillus:HSG0
665099,Cytobacillus oceanisediminis,2675230:0,False,Cytobacillus:HSG0
859143,Cytobacillus kochii,2675230:3,True,Cytobacillus:HSG3
859144,Cytobacillus gottheilii,2675230:5,True,Cytobacillus:HSG5
1637975,Cytobacillus solani,2675230:4,True,Cytobacillus:HSG4
1742359,Cytobacillus dafuensis,2675230:2,True,Cytobacillus:HSG2
2901381,Cytobacillus spongiae,2675230:1,True,Cytobacillus:HSG1
3051614,Cytobacillus pseudoceanisediminis,2675230:0,False,Cytobacillus:HSG0
53336,Tatumella citrea,82986:1,True,Tatumella:HSG1
82987,Tatumella ptyseos,82986:0,True,Tatumella:HSG0
2702,Gardnerella vaginalis,2701:0,False,Gardnerella:HSG0
2792977,Gardnerella piotii,2701:0,False,Gardnerella:HSG0
2792979,Gardnerella swidsinskii,2701:0,False,Gardnerella:HSG0
964,Herbaspirillum seropedicae,963:0,False,Herbaspirillum:HSG0
80842,Herbaspirillum rubrisubalbicans,963:0,False,Herbaspirillum:HSG0
92645,Herbaspirillum frisingense,963:0,False,Herbaspirillum:HSG0
341045,Herbaspirillum hiltneri,963:1,True,Herbaspirillum:HSG1
863372,Herbaspirillum huttiense,963:0,False,Herbaspirillum:HSG0
2014887,Herbaspirillum robiniae,963:2,True,Herbaspirillum:HSG2
29324,Caldicellulosiruptor naganoensis,44000:7,True,Caldicellulosiruptor:HSG7
31899,Caldicellulosiruptor bescii,44000:10,True,Caldicellulosiruptor:HSG10
44001,Caldicellulosiruptor saccharolyticus,44000:9,True,Caldicellulosiruptor:HSG9
55205,Caldicellulosiruptor owensensis,44000:6,True,Caldicellulosiruptor:HSG6
301953,Caldicellulosiruptor acetigenus,44000:8,True,Caldicellulosiruptor:HSG8
413888,Caldicellulosiruptor hydrothermalis,44000:3,True,Caldicellulosiruptor:HSG3
413889,Caldicellulosiruptor kronotskyensis,44000:4,True,Caldicellulosiruptor:HSG4
717609,Caldicellulosiruptor obsidiansis,44000:11,True,Caldicellulosiruptor:HSG11
1222016,Caldicellulosiruptor changbaiensis,44000:1,True,Caldicellulosiruptor:HSG1
1387555,Caldicellulosiruptor morganii,44000:5,True,Caldicellulosiruptor:HSG5
1387557,Caldicellulosiruptor danielii,44000:2,True,Caldicellulosiruptor:HSG2
2806205,Caldicellulosiruptor diazotrophicus,44000:0,True,Caldicellulosiruptor:HSG0
157673,[Mannheimia] succiniciproducens,697331:0,False,Basfia:HSG0
653940,Basfia succiniciproducens,697331:0,False,Basfia:HSG0
33043,Coprococcus eutactus,33042:1,True,Coprococcus:HSG1
410072,Coprococcus comes,33042:0,True,Coprococcus:HSG0
920,Acidithiobacillus ferrooxidans,119977:0,False,Acidithiobacillus:HSG0
930,Acidithiobacillus thiooxidans,119977:2,True,Acidithiobacillus:HSG2
33059,Acidithiobacillus caldus,119977:1,True,Acidithiobacillus:HSG1
160808,Acidithiobacillus ferrivorans,119977:0,False,Acidithiobacillus:HSG0
1232575,Acidithiobacillus ferridurans,119977:0,False,Acidithiobacillus:HSG0
1689834,Acidithiobacillus ferriphilus,119977:0,False,Acidithiobacillus:HSG0
223786,Hydrogenimonas thermophila,223785:2,True,Hydrogenimonas:HSG2
2740515,Hydrogenimonas urashimensis,223785:1,True,Hydrogenimonas:HSG1
2993563,Hydrogenimonas cancrithermarum,223785:0,True,Hydrogenimonas:HSG0
43306,Pseudomonas denitrificans (nom. rej.),2901189:3,True,Halopseudomonas:HSG3
553151,Halopseudomonas pelagia,2901189:4,True,Halopseudomonas:HSG4
857252,Halopseudomonas aestusnigri,2901189:0,False,Halopseudomonas:HSG0
1708783,Halopseudomonas oceani,2901189:0,False,Halopseudomonas:HSG0
1931241,Halopseudomonas phragmitis,2901189:1,True,Halopseudomonas:HSG1
2830842,Halopseudomonas nanhaiensis,2901189:5,True,Halopseudomonas:HSG5
2918528,Halopseudomonas maritima,2901189:2,True,Halopseudomonas:HSG2
2038343,Jatrophihabitans telluris,1434010:1,True,Jatrophihabitans:HSG1
2944128,Jatrophihabitans cynanchi,1434010:0,True,Jatrophihabitans:HSG0
489910,Nosocomiicoccus ampullae,489909:1,True,Nosocomiicoccus:HSG1
1232430,Nosocomiicoccus massiliensis,489909:0,True,Nosocomiicoccus:HSG0
1082704,Lonsdalea britannica,1082702:1,True,Lonsdalea:HSG1
1172565,Lonsdalea populi,1082702:0,True,Lonsdalea:HSG0
133924,Leisingera methylohalidivorans,191028:3,True,Leisingera:HSG3
506591,Leisingera caerulea,191028:1,True,Leisingera:HSG1
1396826,Leisingera aquaemixtae,191028:2,True,Leisingera:HSG2
2930199,Leisingera thetidis,191028:0,True,Leisingera:HSG0
2016596,Nitrogeniibacter mangrovi,2891294:0,False,Nitrogeniibacter:HSG0
2815343,Nitrogeniibacter aestuarii,2891294:0,False,Nitrogeniibacter:HSG0
82977,Buttiauxella agrestis,82976:0,False,Buttiauxella:HSG0
82989,Buttiauxella ferragutiae,82976:0,False,Buttiauxella:HSG0
3073902,Buttiauxella selenatireducens,82976:0,False,Buttiauxella:HSG0
573600,Candidatus Planktophila limnetica,622681:2,True,Candidatus Planktophila:HSG2
1884904,Candidatus Planktophila sulfonica,622681:0,False,Candidatus Planktophila:HSG0
1884905,Candidatus Planktophila versatilis,622681:0,False,Candidatus Planktophila:HSG0
1884907,Candidatus Planktophila vernalis,622681:3,True,Candidatus Planktophila:HSG3
1884913,Candidatus Planktophila lacus,622681:1,True,Candidatus Planktophila:HSG1
1884914,Candidatus Planktophila dulcis,622681:0,False,Candidatus Planktophila:HSG0
195,Campylobacter coli,194:0,False,Campylobacter:HSG0
196,Campylobacter fetus,194:23,True,Campylobacter:HSG23
197,Campylobacter jejuni,194:0,False,Campylobacter:HSG0
198,Campylobacter hyointestinalis,194:20,True,Campylobacter:HSG20
199,Campylobacter concisus,194:25,True,Campylobacter:HSG25
200,Campylobacter curvus,194:24,True,Campylobacter:HSG24
201,Campylobacter lari,194:0,False,Campylobacter:HSG0
202,Campylobacter mucosalis,194:15,True,Campylobacter:HSG15
203,Campylobacter rectus,194:22,True,Campylobacter:HSG22
204,Campylobacter showae,194:14,True,Campylobacter:HSG14
206,Campylobacter sputorum,194:16,True,Campylobacter:HSG16
824,Campylobacter gracilis,194:19,True,Campylobacter:HSG19
827,Campylobacter ureolyticus,194:17,True,Campylobacter:HSG17
28080,Campylobacter upsaliensis,194:3,False,Campylobacter:HSG3
28898,Campylobacter helveticus,194:11,True,Campylobacter:HSG11
75658,Campylobacter lanienae,194:2,False,Campylobacter:HSG2
76517,Campylobacter hominis,194:13,True,Campylobacter:HSG13
260714,Campylobacter insulaenigrae,194:0,False,Campylobacter:HSG0
374106,Campylobacter cuniculorum,194:7,True,Campylobacter:HSG7
449520,Campylobacter canadensis,194:21,True,Campylobacter:HSG21
488546,Campylobacter peloridis,194:0,False,Campylobacter:HSG0
497724,Campylobacter subantarcticus,194:0,False,Campylobacter:HSG0
522485,Campylobacter avium,194:26,True,Campylobacter:HSG26
1031542,Campylobacter volucris,194:0,False,Campylobacter:HSG0
1244531,Campylobacter iguaniorum,194:18,True,Campylobacter:HSG18
1448857,Campylobacter corcagiensis,194:8,True,Campylobacter:HSG8
1655500,Campylobacter vulpis,194:3,False,Campylobacter:HSG3
1660073,Campylobacter porcelli,194:1,False,Campylobacter:HSG1
1660076,Campylobacter vicugnae,194:1,False,Campylobacter:HSG1
1780362,Campylobacter geochelonis,194:9,True,Campylobacter:HSG9
1813019,Campylobacter hepaticus,194:12,True,Campylobacter:HSG12
1848766,Campylobacter ornithocola,194:0,False,Campylobacter:HSG0
1965231,Campylobacter pinnipediorum,194:6,True,Campylobacter:HSG6
2042961,Campylobacter blaseri,194:5,True,Campylobacter:HSG5
2267891,Campylobacter novaezeelandiae,194:10,True,Campylobacter:HSG10
2505970,Campylobacter armoricus,194:0,False,Campylobacter:HSG0
2561898,Candidatus Campylobacter infans,194:4,True,Campylobacter:HSG4
3161138,Campylobacter devanensis,194:2,False,Campylobacter:HSG2
79880,Shouchella clausii,2893057:1,True,Shouchella:HSG1
300825,Shouchella lehensis,2893057:0,False,Shouchella:HSG0
766894,Shouchella hunanensis,2893057:0,False,Shouchella:HSG0
76731,Roseateles depolymerans,93681:3,True,Roseateles:HSG3
2070761,Paucibacter aquatile,93681:2,True,Roseateles:HSG2
2978473,Roseateles amylovorans,93681:1,True,Roseateles:HSG1
3019553,Paucibacter sediminis,93681:0,True,Roseateles:HSG0
584,Proteus mirabilis,583:0,False,Proteus:HSG0
585,Proteus vulgaris,583:0,False,Proteus:HSG0
102862,Proteus penneri,583:0,False,Proteus:HSG0
183417,Proteus hauseri,583:0,False,Proteus:HSG0
1574161,Proteus terrae,583:0,False,Proteus:HSG0
1987580,Proteus columbae,583:1,True,Proteus:HSG1
3034648,Proteus appendicitidis,583:0,False,Proteus:HSG0
28125,Prevotella bivia,838:9,True,Prevotella:HSG9
28128,Prevotella corporis,838:11,True,Prevotella:HSG11
28129,Prevotella denticola,838:10,True,Prevotella:HSG10
28131,Prevotella intermedia,838:7,True,Prevotella:HSG7
28132,Prevotella melaninogenica,838:14,True,Prevotella:HSG14
28133,Prevotella nigrescens,838:8,True,Prevotella:HSG8
28137,Prevotella veroralis,838:12,True,Prevotella:HSG12
52227,Prevotella dentalis,838:3,True,Prevotella:HSG3
282402,Prevotella multiformis,838:4,True,Prevotella:HSG4
470565,Prevotella histicola,838:5,True,Prevotella:HSG5
589436,Prevotella fusca,838:1,True,Prevotella:HSG1
589437,Prevotella scopos,838:13,True,Prevotella:HSG13
1177574,Prevotella jejuni,838:6,True,Prevotella:HSG6
2801997,Prevotella herbatica,838:2,True,Prevotella:HSG2
2913614,Prevotella communis,838:0,True,Prevotella:HSG0
258,Sphingobacterium spiritivorum,28453:7,True,Sphingobacterium:HSG7
259,Sphingobacterium thalpophilum,28453:8,True,Sphingobacterium:HSG8
1010,Sphingobacterium mizutaii,28453:9,True,Sphingobacterium:HSG9
28454,Sphingobacterium multivorum,28453:0,False,Sphingobacterium:HSG0
34087,Sphingobacterium faecium,28453:10,True,Sphingobacterium:HSG10
371142,Sphingobacterium daejeonense,28453:4,True,Sphingobacterium:HSG4
459529,Sphingobacterium siyangense,28453:0,False,Sphingobacterium:HSG0
561061,Sphingobacterium psychroaquaticum,28453:11,True,Sphingobacterium:HSG11
649196,Sphingobacterium hotanense,28453:5,True,Sphingobacterium:HSG5
662858,Sphingobacterium bambusae,28453:3,True,Sphingobacterium:HSG3
797291,Sphingobacterium lactis,28453:6,True,Sphingobacterium:HSG6
2662364,Sphingobacteruim zhuxiongii,28453:1,True,Sphingobacterium:HSG1
3025669,Sphingobacterium oryzagri,28453:2,True,Sphingobacterium:HSG2
891,Desulfuromonas acetoxidans,890:2,True,Desulfuromonas:HSG2
57664,Desulfuromonas thiophila,890:3,True,Desulfuromonas:HSG3
1603606,Desulfuromonas soudanensis,890:1,True,Desulfuromonas:HSG1
2802975,Desulfuromonas versatilis,890:0,True,Desulfuromonas:HSG0
1458425,Serpentinimonas raichei,2490452:1,True,Serpentinimonas:HSG1
1458426,Serpentinimonas maccroryi,2490452:0,True,Serpentinimonas:HSG0
362787,Candidatus Protochlamydia amoebophila,282132:1,True,Candidatus Protochlamydia:HSG1
389348,Candidatus Protochlamydia naegleriophila,282132:0,True,Candidatus Protochlamydia:HSG0
550,Enterobacter cloacae,547:0,False,Enterobacter:HSG0
61645,Enterobacter asburiae,547:0,False,Enterobacter:HSG0
69218,Enterobacter cancerogenus,547:0,False,Enterobacter:HSG0
158836,Enterobacter hormaechei,547:0,False,Enterobacter:HSG0
208224,Enterobacter kobei,547:0,False,Enterobacter:HSG0
299767,Enterobacter ludwigii,547:0,False,Enterobacter:HSG0
539813,Enterobacter mori,547:0,False,Enterobacter:HSG0
881260,Enterobacter bugandensis,547:0,False,Enterobacter:HSG0
885040,Enterobacter soli,547:0,False,Enterobacter:HSG0
1812935,Enterobacter roggenkampii,547:0,False,Enterobacter:HSG0
2071710,Enterobacter sichuanensis,547:0,False,Enterobacter:HSG0
2478464,Enterobacter oligotrophicus,547:0,False,Enterobacter:HSG0
2494701,Enterobacter chengduensis,547:0,False,Enterobacter:HSG0
2494702,Enterobacter huaxiensis,547:0,False,Enterobacter:HSG0
2497436,Enterobacter quasiroggenkampii,547:0,False,Enterobacter:HSG0
2529381,Enterobacter wuhouensis,547:0,False,Enterobacter:HSG0
2996112,Enterobacter pseudoroggenkampii,547:0,False,Enterobacter:HSG0
3029761,Enterobacter pasteurii,547:0,False,Enterobacter:HSG0
141389,Chromohalobacter canadensis,42054:1,True,Chromohalobacter:HSG1
141390,Chromohalobacter israelensis,42054:0,True,Chromohalobacter:HSG0
29375,Lacrimispora xylanolytica,2719231:0,False,Lacrimispora:HSG0
84030,Lacrimispora saccharolytica,2719231:1,True,Lacrimispora:HSG1
384636,Lacrimispora xylanisolvens,2719231:0,False,Lacrimispora:HSG0
2033,Microbacterium testaceum,33882:31,True,Microbacterium:HSG31
33883,Microbacterium arborescens,33882:1,False,Microbacterium:HSG1
33918,Microbacterium liquefaciens,33882:2,False,Microbacterium:HSG2
36805,Microbacterium aurum,33882:19,True,Microbacterium:HSG19
57043,Microbacterium esteraromaticum,33882:29,True,Microbacterium:HSG29
69362,Microbacterium schleiferi,33882:32,True,Microbacterium:HSG32
82380,Microbacterium oxydans,33882:2,False,Microbacterium:HSG2
84292,Microbacterium chocolatum,33882:22,True,Microbacterium:HSG22
104336,Microbacterium foliorum,33882:2,False,Microbacterium:HSG2
156977,Microbacterium resistens,33882:27,True,Microbacterium:HSG27
162426,Microbacterium hominis,33882:24,True,Microbacterium:HSG24
199592,Microbacterium paraoxydans,33882:2,False,Microbacterium:HSG2
273677,Microbacterium oleivorans,33882:30,True,Microbacterium:HSG30
273678,Microbacterium hydrocarbonoxydans,33882:33,True,Microbacterium:HSG33
300019,Microbacterium paludicola,33882:1,False,Microbacterium:HSG1
344163,Microbacterium terricola,33882:14,True,Microbacterium:HSG14
462710,Microbacterium binotii,33882:28,True,Microbacterium:HSG28
515415,Microbacterium invictum,33882:0,False,Microbacterium:HSG0
582680,Microbacterium azadirachtae,33882:26,True,Microbacterium:HSG26
683047,Microbacterium suwonense,33882:17,True,Microbacterium:HSG17
904291,Microbacterium sediminis,33882:23,True,Microbacterium:HSG23
936337,Microbacterium amylolyticum,33882:15,True,Microbacterium:HSG15
1072463,Microbacterium lemovicicum,33882:21,True,Microbacterium:HSG21
1526412,Microbacterium endophyticum,33882:18,True,Microbacterium:HSG18
1572644,Microbacterium proteolyticum,33882:25,True,Microbacterium:HSG25
1678237,Microbacterium rhizosphaerae,33882:20,True,Microbacterium:HSG20
1816425,Microbacterium plantarum,33882:1,False,Microbacterium:HSG1
2509458,Microbacterium protaetiae,33882:10,True,Microbacterium:HSG10
2541726,Microbacterium wangchenii,33882:9,True,Microbacterium:HSG9
2614638,Microbacterium caowuchunii,33882:13,True,Microbacterium:HSG13
2614639,Microbacterium lushaniae,33882:8,True,Microbacterium:HSG8
2782166,Microbacterium abyssi,33882:4,True,Microbacterium:HSG4
2782167,Microbacterium luteum,33882:16,True,Microbacterium:HSG16
2782168,Microbacterium atlanticum,33882:7,True,Microbacterium:HSG7
2782169,Microbacterium cremeum,33882:12,True,Microbacterium:HSG12
2810535,Microbacterium neungamense,33882:11,True,Microbacterium:HSG11
2909587,Microbacterium elymi,33882:3,True,Microbacterium:HSG3
2982533,Microbacterium forte,33882:2,False,Microbacterium:HSG2
3028316,Microbacterium horticulturae,33882:6,True,Microbacterium:HSG6
3079935,Microbacterium limosum,33882:0,False,Microbacterium:HSG0
3242192,Microbacterium terrisoli,33882:5,True,Microbacterium:HSG5
2748,Carnobacterium divergens,2747:2,True,Carnobacterium:HSG2
2751,Carnobacterium maltaromaticum,2747:1,True,Carnobacterium:HSG1
147709,Carnobacterium inhibens,2747:0,False,Carnobacterium:HSG0
174587,Carnobacterium viridans,2747:0,False,Carnobacterium:HSG0
160826,Nocardioides aquaticus,1839:19,True,Nocardioides:HSG19
200618,Nocardioides aromaticivorans,1839:24,True,Nocardioides:HSG24
402297,Nocardioides daphniae,1839:30,True,Nocardioides:HSG30
419476,Nocardioides marinisabuli,1839:23,True,Nocardioides:HSG23
433659,Nocardioides mesophilus,1839:17,True,Nocardioides:HSG17
449461,Nocardioides humi,1839:27,True,Nocardioides:HSG27
450734,Nocardioides dokdonensis,1839:22,True,Nocardioides:HSG22
627624,Nocardioides panacisoli,1839:15,True,Nocardioides:HSG15
1542737,Nocardioides marmorisolisilvae,1839:11,True,Nocardioides:HSG11
1643322,Nocardioides ungokensis,1839:18,True,Nocardioides:HSG18
1774216,Nocardioides rotundus,1839:16,True,Nocardioides:HSG16
1804624,Nocardioides baekrokdamisoli,1839:25,True,Nocardioides:HSG25
2045452,Nocardioides houyundeii,1839:29,True,Nocardioides:HSG29
2483798,Nocardioides pantholopis,1839:28,True,Nocardioides:HSG28
2500546,Nocardioides yefusunii,1839:26,True,Nocardioides:HSG26
2518370,Nocardioides euryhalodurans,1839:21,True,Nocardioides:HSG21
2518371,Nocardioides seonyuensis,1839:20,True,Nocardioides:HSG20
2558918,Nocardioides cynanchi,1839:9,True,Nocardioides:HSG9
2575440,Nocardioides jishulii,1839:13,True,Nocardioides:HSG13
2589074,Nocardioides sambongensis,1839:12,True,Nocardioides:HSG12
2663857,Nocardioides marmotae,1839:10,True,Nocardioides:HSG10
2685869,Nocardioides ochotonae,1839:5,True,Nocardioides:HSG5
2712223,Nocardioides anomalus,1839:14,True,Nocardioides:HSG14
2714938,Nocardioides piscis,1839:6,True,Nocardioides:HSG6
2736757,Nocardioides campestrisoli,1839:2,True,Nocardioides:HSG2
2760089,Nocardioides dongkuii,1839:7,True,Nocardioides:HSG7
2803858,Nocardioides faecalis,1839:4,True,Nocardioides:HSG4
2849501,Nocardioides panacis,1839:8,True,Nocardioides:HSG8
2872154,Nocardioides coralli,1839:3,True,Nocardioides:HSG3
2894081,Nocardioides okcheonensis,1839:0,False,Nocardioides:HSG0
3095075,Nocardioides renjunii,1839:0,False,Nocardioides:HSG0
3095076,Nocardioides bizhenqiangii,1839:1,True,Nocardioides:HSG1
386487,Candidatus Ruthturnera calyptogenae,1541743:1,True,Candidatus Ruthturnera:HSG1
2738852,Candidatus Ruthia endofausta,1541743:0,True,Candidatus Ruthturnera:HSG0
1788,Mycolicibacter terrae,1073531:1,False,Mycolicibacter:HSG1
29314,Mycolicibacter hiberniae,1073531:0,False,Mycolicibacter:HSG0
512402,Mycolicibacter heraklionensis,1073531:0,False,Mycolicibacter:HSG0
875328,Mycolicibacter sinensis,1073531:1,False,Mycolicibacter:HSG1
1118379,Mycolicibacter minnesotensis,1073531:0,False,Mycolicibacter:HSG0
1795032,Mycolicibacter virginiensis,1073531:0,False,Mycolicibacter:HSG0
2074,Pseudonocardia autotrophica,1847:1,True,Pseudonocardia:HSG1
37331,Pseudonocardia petroleophila,1847:0,False,Pseudonocardia:HSG0
2736640,Pseudonocardia broussonetiae,1847:2,True,Pseudonocardia:HSG2
2792008,Pseudonocardia abyssalis,1847:0,False,Pseudonocardia:HSG0
430679,Nitratireductor kimnyeongensis,245876:2,True,Nitratireductor:HSG2
2599600,Nitratireductor mangrovi,245876:1,True,Nitratireductor:HSG1
2854036,Nitratireductor rhodophyticola,245876:0,True,Nitratireductor:HSG0
2093824,Candidatus Nanosynbacter lyticus,2093823:0,False,Candidatus Nanosynbacter:HSG0
2572088,Candidatus Nanosynbacter featherlites,2093823:0,False,Candidatus Nanosynbacter:HSG0
3046382,Aristaeella hokkaidonensis,3046369:0,False,Aristaeella:HSG0
3046383,Aristaeella lactis,3046369:0,False,Aristaeella:HSG0
411153,Christiangramia forsetii,292691:3,True,Christiangramia:HSG3
1486245,Christiangramia flava,292691:2,True,Christiangramia:HSG2
1913577,Christiangramia salexigens,292691:1,True,Christiangramia:HSG1
2126553,Christiangramia fulva,292691:0,True,Christiangramia:HSG0
40567,Actinosynnema mirum,40566:0,False,Actinosynnema:HSG0
42197,Actinosynnema pretiosum,40566:0,False,Actinosynnema:HSG0
164514,Blattabacterium punctulatus,34098:2,True,Blattabacterium:HSG2
164516,Blattabacterium clevelandi,34098:1,True,Blattabacterium:HSG1
1653831,Blattabacterium cuenoti,34098:0,True,Blattabacterium:HSG0
187304,Roseibium aggregatum,150830:0,False,Roseibium:HSG0
2857014,Roseibium algicola,150830:0,False,Roseibium:HSG0
2866279,Roseibium porphyridii,150830:1,True,Roseibium:HSG1
2728835,Luteolibacter luteus,518753:1,True,Luteolibacter:HSG1
2824561,Luteolibacter ambystomatis,518753:0,True,Luteolibacter:HSG0
340345,Actinoalloteichus hymeniacidonis,65496:0,False,Actinoalloteichus:HSG0
1470176,Actinoalloteichus hoggarensis,65496:0,False,Actinoalloteichus:HSG0
1612552,Actinoalloteichus fjordicus,65496:0,False,Actinoalloteichus:HSG0
339,Xanthomonas campestris,338:1,False,Xanthomonas:HSG1
343,Xanthomonas translucens,338:0,False,Xanthomonas:HSG0
346,Xanthomonas citri,338:1,False,Xanthomonas:HSG1
347,Xanthomonas oryzae,338:1,False,Xanthomonas:HSG1
29447,Xanthomonas albilineans,338:0,False,Xanthomonas:HSG0
48664,Xanthomonas fragariae,338:1,False,Xanthomonas:HSG1
53413,Xanthomonas axonopodis,338:1,False,Xanthomonas:HSG1
56448,Xanthomonas arboricola,338:1,False,Xanthomonas:HSG1
56453,Xanthomonas cucurbitae,338:1,False,Xanthomonas:HSG1
56454,Xanthomonas hortorum,338:1,False,Xanthomonas:HSG1
56455,Xanthomonas hyacinthi,338:0,False,Xanthomonas:HSG0
56459,Xanthomonas vasicola,338:1,False,Xanthomonas:HSG1
56460,Xanthomonas vesicatoria,338:1,False,Xanthomonas:HSG1
56464,Xanthomonas theicola,338:0,False,Xanthomonas:HSG0
442694,Xanthomonas perforans,338:1,False,Xanthomonas:HSG1
456327,Xanthomonas euvesicatoria,338:1,False,Xanthomonas:HSG1
743699,Xanthomonas dyei,338:1,False,Xanthomonas:HSG1
1843581,Xanthomonas nasturtii,338:1,False,Xanthomonas:HSG1
1985254,Xanthomonas phaseoli,338:1,False,Xanthomonas:HSG1
2053930,Xanthomonas prunicola,338:1,False,Xanthomonas:HSG1
2259622,Xanthomonas euroxanthea,338:1,False,Xanthomonas:HSG1
2775159,Xanthomonas hydrangeae,338:1,False,Xanthomonas:HSG1
3003247,Xanthomonas hawaiiensis,338:2,False,Xanthomonas:HSG2
3046274,Xanthomonas rydalmerensis,338:2,False,Xanthomonas:HSG2
271,Thermus aquaticus,270:4,True,Thermus:HSG4
274,Thermus thermophilus,270:0,False,Thermus:HSG0
37636,Thermus scotoductus,270:6,True,Thermus:HSG6
56956,Thermus brockianus,270:3,True,Thermus:HSG3
56957,Thermus oshimai,270:1,True,Thermus:HSG1
88190,Thermus antranikianii,270:5,True,Thermus:HSG5
456163,Thermus parvatiensis,270:0,False,Thermus:HSG0
2483360,Thermus caldilimi,270:2,True,Thermus:HSG2
1168034,Draconibacterium orientale,1471399:1,True,Draconibacterium:HSG1
2706887,Draconibacterium halophilum,1471399:0,True,Draconibacterium:HSG0
33034,Anaerococcus prevotii,165779:2,True,Anaerococcus:HSG2
33037,Anaerococcus vaginalis,165779:0,False,Anaerococcus:HSG0
1287640,Anaerococcus obesiensis,165779:0,False,Anaerococcus:HSG0
1870984,Anaerococcus mediterraneensis,165779:1,True,Anaerococcus:HSG1
279828,Microcella alkaliphila,337004:2,True,Microcella:HSG2
1804990,Microcella flavibacter,337004:0,False,Microcella:HSG0
2750620,Microcella indica,337004:3,True,Microcella:HSG3
2963406,Microcella humidisoli,337004:1,True,Microcella:HSG1
2994971,Microcella daejeonensis,337004:0,False,Microcella:HSG0
120,Planctopirus limnophila,1649480:0,False,Planctopirus:HSG0
2528019,Planctopirus ephydatiae,1649480:0,False,Planctopirus:HSG0
2130,Ureaplasma urealyticum,2129:0,False,Ureaplasma:HSG0
134821,Ureaplasma parvum,2129:0,False,Ureaplasma:HSG0
1160,Planktothrix agardhii,54304:1,True,Planktothrix:HSG1
132604,Planktothrix pseudagardhii,54304:0,True,Planktothrix:HSG0
33038,Mediterraneibacter gnavus,2316020:1,True,Mediterraneibacter:HSG1
33039,[Ruminococcus] torques,2316020:2,True,Mediterraneibacter:HSG2
46228,[Ruminococcus] lactaris,2316020:0,True,Mediterraneibacter:HSG0
33887,Rathayibacter rathayi,33886:0,False,Rathayibacter:HSG0
33888,Rathayibacter tritici,33886:0,False,Rathayibacter:HSG0
59737,Rathayibacter iranicus,33886:0,False,Rathayibacter:HSG0
110937,Rathayibacter festucae,33886:0,False,Rathayibacter:HSG0
145458,Rathayibacter toxicus,33886:1,True,Rathayibacter:HSG1
1671680,Rathayibacter tanaceti,33886:0,False,Rathayibacter:HSG0
1891671,Rathayibacter oskolensis,33886:0,False,Rathayibacter:HSG0
876,Desulfovibrio desulfuricans,872:5,True,Desulfovibrio:HSG5
901,Desulfovibrio piger,872:4,True,Desulfovibrio:HSG4
44742,Desulfovibrio fairfieldensis,872:6,True,Desulfovibrio:HSG6
241368,Desulfovibrio ferrophilus,872:3,True,Desulfovibrio:HSG3
1725232,Candidatus Desulfovibrio trichonymphae,872:1,True,Desulfovibrio:HSG1
2718620,Desulfovibrio subterraneus,872:2,True,Desulfovibrio:HSG2
2976983,Desulfovibrio mangrovi,872:0,True,Desulfovibrio:HSG0
1581557,Candidatus Methylopumilus planktonicus,1679002:1,True,Candidatus Methylopumilus:HSG1
1581680,Candidatus Methylopumilus turicensis,1679002:0,True,Candidatus Methylopumilus:HSG0
2061,Tsukamurella paurometabola,2060:0,False,Tsukamurella:HSG0
47312,Tsukamurella pulmonis,2060:0,False,Tsukamurella:HSG0
57704,Tsukamurella tyrosinosolvens,2060:0,False,Tsukamurella:HSG0
1473,Virgibacillus pantothenticus,84406:2,False,Virgibacillus:HSG2
1482,Virgibacillus halodenitrificans,84406:3,True,Virgibacillus:HSG3
163877,Virgibacillus necropolis,84406:0,False,Virgibacillus:HSG0
302167,Virgibacillus dokdonensis,84406:2,False,Virgibacillus:HSG2
1216297,Virgibacillus natechei,84406:1,True,Virgibacillus:HSG1
2017483,Virgibacillus phasianinus,84406:0,False,Virgibacillus:HSG0
208223,Kosakonia cowanii,1330547:1,True,Kosakonia:HSG1
283686,Kosakonia radicincitans,1330547:0,False,Kosakonia:HSG0
497725,Kosakonia oryzae,1330547:0,False,Kosakonia:HSG0
551989,Kosakonia arachidis,1330547:0,False,Kosakonia:HSG0
1005665,Kosakonia oryzendophytica,1330547:2,True,Kosakonia:HSG2
1158459,Kosakonia sacchari,1330547:0,False,Kosakonia:HSG0
1646340,Kosakonia pseudosacchari,1330547:0,False,Kosakonia:HSG0
1196083,Snodgrassella alvi,1193515:0,False,Snodgrassella:HSG0
2946699,Snodgrassella communis,1193515:0,False,Snodgrassella:HSG0
556054,Polynucleobacter difficilis,44013:1,True,Polynucleobacter:HSG1
576610,Polynucleobacter necessarius,44013:0,False,Polynucleobacter:HSG0
576611,Polynucleobacter asymbioticus,44013:0,False,Polynucleobacter:HSG0
1743159,Polynucleobacter yangtzensis,44013:0,False,Polynucleobacter:HSG0
1743162,Polynucleobacter antarcticus,44013:0,False,Polynucleobacter:HSG0
1743174,Polynucleobacter tropicus,44013:0,False,Polynucleobacter:HSG0
1835254,Polynucleobacter duraquae,44013:0,False,Polynucleobacter:HSG0
1855895,Polynucleobacter paludilacus,44013:0,False,Polynucleobacter:HSG0
2081042,Polynucleobacter corsicus,44013:0,False,Polynucleobacter:HSG0
2527775,Polynucleobacter paneuropaeus,44013:0,False,Polynucleobacter:HSG0
2925782,Tepidibacter aestuarii,214904:0,False,Tepidibacter:HSG0
3036126,Tepidibacter hydrothermalis,214904:0,False,Tepidibacter:HSG0
129985,Mesobacillus jeotgali,2675231:0,False,Mesobacillus:HSG0
279826,Mesobacillus foraminis,2675231:1,True,Mesobacillus:HSG1
285983,Mesobacillus subterraneus,2675231:0,False,Mesobacillus:HSG0
34085,Riemerella anatipestifer,34084:1,True,Riemerella:HSG1
103810,Riemerella columbina,34084:0,True,Riemerella:HSG0
2601677,Tepidiforma bonchosmolovskayae,2682228:0,False,Tepidiforma:HSG0
3004094,Tepidiforma flava,2682228:0,False,Tepidiforma:HSG0
55210,Brenneria nigrifluens,71655:2,True,Brenneria:HSG2
55213,Brenneria rubrifaciens,71655:3,True,Brenneria:HSG3
1109412,Brenneria goodwinii,71655:0,False,Brenneria:HSG0
2722756,Brenneria izadpanahii,71655:0,False,Brenneria:HSG0
3057057,Brenneria uluponensis,71655:1,True,Brenneria:HSG1
285,Comamonas testosteroni,283:1,False,Comamonas:HSG1
32013,Comamonas terrigena,283:7,True,Comamonas:HSG7
160825,Comamonas koreensis,283:9,True,Comamonas:HSG9
225991,Comamonas aquatica,283:8,True,Comamonas:HSG8
225992,Comamonas kerstersii,283:5,True,Comamonas:HSG5
363952,Comamonas thiooxydans,283:1,False,Comamonas:HSG1
379895,Comamonas odontotermitis,283:6,True,Comamonas:HSG6
1082851,Comamonas serinivorans,283:3,True,Comamonas:HSG3
2597701,Comamonas flocculans,283:10,True,Comamonas:HSG10
2743470,Comamonas antarctica,283:4,True,Comamonas:HSG4
2796366,Comamonas fluminis,283:0,False,Comamonas:HSG0
2949090,Comamonas endophytica,283:2,True,Comamonas:HSG2
3046670,Comamonas resistens,283:0,False,Comamonas:HSG0
171438,Photorhabdus akhurstii,29487:0,False,Photorhabdus:HSG0
230089,Photorhabdus thracensis,29487:2,True,Photorhabdus:HSG2
291112,Photorhabdus asymbiotica,29487:1,True,Photorhabdus:HSG1
2218628,Photorhabdus laumondii,29487:0,False,Photorhabdus:HSG0
81475,Frateuria aurantia,70411:1,True,Frateuria:HSG1
1542730,Frateuria soli,70411:2,True,Frateuria:HSG2
2898793,Frateuria edaphi,70411:0,True,Frateuria:HSG0
2054,Gordonia bronchialis,2053:12,True,Gordonia:HSG12
2055,Gordonia terrae,2053:4,False,Gordonia:HSG4
36821,Gordonia amarae,2053:0,False,Gordonia:HSG0
36822,Gordonia rubripertincta,2053:1,False,Gordonia:HSG1
84096,Gordonia alkanivorans,2053:1,False,Gordonia:HSG1
84595,Gordonia polyisoprenivorans,2053:8,True,Gordonia:HSG8
89053,Gordonia amicalis,2053:1,False,Gordonia:HSG1
173559,Gordonia sihwensis,2053:7,True,Gordonia:HSG7
249058,Gordonia otitidis,2053:11,True,Gordonia:HSG11
1004901,Gordonia iterans,2053:3,True,Gordonia:HSG3
1136941,Gordonia phthalatica,2053:6,True,Gordonia:HSG6
1292359,Gordonia ajococcus,2053:1,False,Gordonia:HSG1
1701090,Gordonia hongkongensis,2053:4,False,Gordonia:HSG4
2420509,Gordonia insulae,2053:5,True,Gordonia:HSG5
2597659,Gordonia zhaorongruii,2053:9,True,Gordonia:HSG9
2665643,Gordonia mangrovi,2053:10,True,Gordonia:HSG10
2758710,Gordonia jinghuaiqii,2053:2,True,Gordonia:HSG2
2831662,Gordonia pseudamarae,2053:0,False,Gordonia:HSG0
231455,Dyella japonica,231454:0,False,Dyella:HSG0
445710,Dyella thiooxydans,231454:2,True,Dyella:HSG2
522259,Dyella terrae,231454:0,False,Dyella:HSG0
1849581,Dyella caseinilytica,231454:1,True,Dyella:HSG1
2763498,Dyella telluris,231454:0,False,Dyella:HSG0
359408,Methylotenera mobilis,359407:1,True,Methylotenera:HSG1
1055487,Methylotenera versatilis,359407:0,True,Methylotenera:HSG0
545,Citrobacter koseri,544:0,False,Citrobacter:HSG0
546,Citrobacter freundii,544:1,False,Citrobacter:HSG1
35703,Citrobacter amalonaticus,544:0,False,Citrobacter:HSG0
57706,Citrobacter braakii,544:1,False,Citrobacter:HSG1
67824,Citrobacter farmeri,544:0,False,Citrobacter:HSG0
67825,Citrobacter rodentium,544:3,False,Citrobacter:HSG3
67826,Citrobacter sedlakii,544:3,False,Citrobacter:HSG3
67827,Citrobacter werkmanii,544:1,False,Citrobacter:HSG1
133448,Citrobacter youngae,544:1,False,Citrobacter:HSG1
1563222,Citrobacter pasteurii,544:1,False,Citrobacter:HSG1
1639133,Citrobacter portucalensis,544:1,False,Citrobacter:HSG1
1748967,Citrobacter cronae,544:1,False,Citrobacter:HSG1
2546350,Citrobacter arsenatis,544:1,False,Citrobacter:HSG1
2562449,Citrobacter tructae,544:1,False,Citrobacter:HSG1
2971264,Citrobacter enshiensis,544:2,True,Citrobacter:HSG2
438856,Methylomarinovum caldicuralii,1486720:0,False,Methylomarinovum:HSG0
2840183,Methylomarinovum tepidoasis,1486720:0,False,Methylomarinovum:HSG0
502,Kingella denitrificans,32257:2,True,Kingella:HSG2
504,Kingella kingae,32257:3,True,Kingella:HSG3
505,Kingella oralis,32257:1,True,Kingella:HSG1
265175,Kingella potus,32257:0,True,Kingella:HSG0
2331,Halanaerobium praevalens,2330:1,True,Halanaerobium:HSG1
656519,Halanaerobium hydrogeniformans,2330:0,True,Halanaerobium:HSG0
215580,Caldimonas thermodepolymerans,196013:2,True,Caldimonas:HSG2
376175,Schlegelella aquatica,196013:1,True,Caldimonas:HSG1
413882,Caldimonas brevitalea,196013:0,True,Caldimonas:HSG0
40545,Sutterella wadsworthensis,40544:2,True,Sutterella:HSG2
2494234,Sutterella megalosphaeroides,40544:1,True,Sutterella:HSG1
2584944,Sutterella faecalis,40544:0,True,Sutterella:HSG0
40542,Leptotrichia buccalis,32067:4,True,Leptotrichia:HSG4
109328,Leptotrichia trevisanii,32067:5,True,Leptotrichia:HSG5
157687,Leptotrichia wadei,32067:3,True,Leptotrichia:HSG3
157688,Leptotrichia hofstadii,32067:1,True,Leptotrichia:HSG1
157691,Leptotrichia shahii,32067:2,True,Leptotrichia:HSG2
554406,Leptotrichia hongkongensis,32067:0,True,Leptotrichia:HSG0
103731,Saccharothrix espanaensis,2071:1,True,Saccharothrix:HSG1
103733,Saccharothrix syringae,2071:0,True,Saccharothrix:HSG0
1164,Trichormus azollae,264688:1,True,Trichormus:HSG1
264691,Trichormus variabilis,264688:0,True,Trichormus:HSG0
379893,Trabulsiella odontotermitis,158851:0,True,Trabulsiella:HSG0
1496,Clostridioides difficile,1870884:0,True,Clostridioides:HSG0
2268024,Ephemeroptericola cinctiostellae,2680021:0,True,Ephemeroptericola:HSG0
33033,Parvimonas micra,543311:0,True,Parvimonas:HSG0
2487118,Intestinibaculum porci,2679910:0,True,Intestinibaculum:HSG0
542,Zymomonas mobilis,541:0,True,Zymomonas:HSG0
91844,Candidatus Portiera aleyrodidarum,235572:0,True,Candidatus Portiera:HSG0
1238,Piscirickettsia salmonis,1237:0,True,Piscirickettsia:HSG0
2283160,Psychrobacillus glaciei,1221880:0,True,Psychrobacillus:HSG0
379064,Cyanobacterium aponinum,102234:0,True,Cyanobacterium:HSG0
1402135,Pseudosulfitobacter pseudonitzschiae,2854186:0,True,Pseudosulfitobacter:HSG0
119542,Roseinatronobacter bogoriensis,121820:0,True,Roseinatronobacter:HSG0
43767,Prescottella equi,2979332:0,True,Prescottella:HSG0
2875962,Candidatus Sulfidibacterium hydrothermale,2923290:0,True,Candidatus Sulfidibacterium:HSG0
2864201,Aureispira anguillae,365032:0,True,Aureispira:HSG0
214851,Subdoligranulum variabile,292632:0,True,Subdoligranulum:HSG0
84163,Cryptobacterium curtum,84162:0,True,Cryptobacterium:HSG0
332249,Truepera radiovictrix,332248:0,True,Truepera:HSG0
376489,Halotalea alkalilenta,376488:0,True,Halotalea:HSG0
2740817,Paramixta manurensis,3231896:0,True,Paramixta:HSG0
252966,Mahella australiensis,252965:0,True,Mahella:HSG0
89586,Neoehrlichia mikurensis,467749:0,True,Candidatus Neoehrlichia:HSG0
1861,Geodermatophilus obscurus,1860:0,True,Geodermatophilus:HSG0
2818388,Sulfidibacter corallicola,2915177:0,True,Sulfidibacter:HSG0
36835,[Clostridium] colinum,1506577:0,True,Tyzzerella:HSG0
29394,Dolosigranulum pigrum,29393:0,True,Dolosigranulum:HSG0
28262,Thermodesulfovibrio yellowstonii,28261:0,True,Thermodesulfovibrio:HSG0
121719,Pannonibacter phragmitetus,227873:0,True,Pannonibacter:HSG0
406548,Aquisphaera giovannonii,1511635:0,True,Aquisphaera:HSG0
1165,Anabaena cylindrica,1163:0,True,Anabaena:HSG0
1138587,Paraoerskovia sediminicola,665568:0,True,Paraoerskovia:HSG0
678932,Auritidibacter ignavus,1160973:0,True,Auritidibacter:HSG0
418701,Litorivicinus lipolyticus,418700:0,True,Litorivicinus:HSG0
92490,Winslowiella toletana,2997349:0,True,Winslowiella:HSG0
253239,Ethanoligenens harbinense,253238:0,True,Ethanoligenens:HSG0
2763669,Qiania dongpingensis,2944195:0,True,Qiania:HSG0
655353,Cohaesibacter marisflavi,655352:0,True,Cohaesibacter:HSG0
1307761,Salinispira pacifica,1616789:0,True,Salinispira:HSG0
2744027,Rasiella rasia,2987594:0,True,Rasiella:HSG0
1852373,Murdochiella vaginalis,1161127:0,True,Murdochiella:HSG0
1751046,Fluviibacter phosphoraccumulans,2808942:0,True,Fluviibacter:HSG0
2527984,Bremerella volcania,2714594:0,True,Bremerella:HSG0
1411902,Pacificitalea manganoxidans,2846749:0,True,Pacificitalea:HSG0
1917421,Ketobacter alkanivorans,2025617:0,True,Ketobacter:HSG0
111831,Defluviicoccus vanus,111830:0,True,Defluviicoccus:HSG0
2932268,Psychroserpens ponticola,49277:0,True,Psychroserpens:HSG0
33007,Winkia neuii,2692118:0,True,Winkia:HSG0
392593,Inhella inkyongensis,644355:0,True,Inhella:HSG0
2598579,Limnoglobus roseus,2731450:0,True,Limnoglobus:HSG0
2593653,Kaustia mangrovi,2838250:0,True,Kaustia:HSG0
336810,Candidatus Karelsulcia muelleri,336809:0,True,Candidatus Karelsulcia:HSG0
1969821,Ciceribacter thiooxidans,1648508:0,True,Ciceribacter:HSG0
573501,Leeuwenhoekiella palythoae,283735:0,True,Leeuwenhoekiella:HSG0
1510,Thermoclostridium stercorarium,2304691:0,True,Thermoclostridium:HSG0
215813,Dinoroseobacter shibae,309512:0,True,Dinoroseobacter:HSG0
2743772,Effusibacillus dendaii,1502725:0,True,Effusibacillus:HSG0
1408204,Candidatus Endomicrobiellum trichonymphae,3238959:0,True,Candidatus Endomicrobiellum:HSG0
81032,Hyphomonas neptunium,85:0,True,Hyphomonas:HSG0
29543,Pelobacter propionicus,18:0,True,Pelobacter:HSG0
33025,Phascolarctobacterium faecium,33024:0,True,Phascolarctobacterium:HSG0
582,Morganella morganii,581:0,True,Morganella:HSG0
1445505,Gynuella sunshinyii,1445504:0,True,Gynuella:HSG0
316068,Leadbetterella byssophila,319458:0,True,Leadbetterella:HSG0
1548547,Woeseia oceani,1738655:0,True,Woeseia:HSG0
1471761,Novibacillus thermophilus,1677050:0,True,Novibacillus:HSG0
2974039,Phormidium yuhuli,1198:0,True,Phormidium:HSG0
2094025,Pukyongia salina,2831916:0,True,Pukyongia:HSG0
913107,Pelolinea submarina,1649478:0,True,Pelolinea:HSG0
269673,Sporolactobacillus terrae,2077:0,True,Sporolactobacillus:HSG0
91604,Candidatus Paracaedibacter acanthamoebae,1521255:0,True,Candidatus Paracaedibacter:HSG0
89093,Ignavigranum ruoffiae,89092:0,True,Ignavigranum:HSG0
731,Histophilus somni,214906:0,True,Histophilus:HSG0
2712698,Salaquimonas pukyongi,2712688:0,True,Salaquimonas:HSG0
2697033,Aristophania vespae,3027666:0,True,Aristophania:HSG0
1608957,Euzebya pacifica,908623:0,True,Euzebya:HSG0
2735562,Candidatus Absconditicoccus praedator,2900570:0,True,Candidatus Absconditicoccus:HSG0
138072,Candidatus Hamiltonella defensa,568987:0,True,Candidatus Hamiltonella:HSG0
1076626,Candidatus Steffania adelgidicola,1076625:0,True,Candidatus Steffania:HSG0
2806609,Candidatus Gromoviella agglomerans,2900571:0,True,Candidatus Gromoviella:HSG0
2115978,Candidatus Phycorickettsia trachydisci,2115980:0,True,Candidatus Phycorickettsia:HSG0
3028070,Claveliimonas bilis,3076670:0,True,Claveliimonas:HSG0
55583,Dehalobacter restrictus,56112:0,True,Dehalobacter:HSG0
1482074,Hartmannibacter diazotrophicus,1572860:0,True,Hartmannibacter:HSG0
61635,Paracholeplasma brassicae,2903107:0,True,Paracholeplasma:HSG0
738,Glaesserella parasuis,2094023:0,True,Glaesserella:HSG0
638849,Pyramidobacter piscolens,638847:0,True,Pyramidobacter:HSG0
2067960,Pseudazoarcus pumilus,2891323:0,True,Pseudazoarcus:HSG0
252967,Thiospirochaeta perfilievii,2792240:0,True,Thiospirochaeta:HSG0
158849,Moellerella wisconsensis,158848:0,True,Moellerella:HSG0
1639108,Chania multitudinisentens,1745211:0,True,Chania:HSG0
33970,Melissococcus plutonius,33969:0,True,Melissococcus:HSG0
191495,Conexibacter woesei,191494:0,True,Conexibacter:HSG0
2601668,Candidatus Nesciobacter abundans,2601651:0,True,Candidatus Nesciobacter:HSG0
1773489,Varunaivibrio sulfuroxidans,1866954:0,True,Varunaivibrio:HSG0
86170,Syntrophothermus lipocalidus,129001:0,True,Syntrophothermus:HSG0
3144925,Nitrospirillum viridazoti,1543705:0,True,Nitrospirillum:HSG0
86304,Saccharophagus degradans,316625:0,True,Saccharophagus:HSG0
1712410,Thermanaerosceptrum fracticalcis,2651578:0,True,Thermanaerosceptrum:HSG0
43674,Jonesia denitrificans,43673:0,True,Jonesia:HSG0
568844,Microbispora hainanensis,2005:0,True,Microbispora:HSG0
2716812,Candidatus Protofrankia datiscae,2994361:0,True,Protofrankia:HSG0
423605,Elusimicrobium minutum,423604:0,True,Elusimicrobium:HSG0
2931930,Kovacikia minuta,1874526:0,True,Kovacikia:HSG0
2811415,Niveibacterium microcysteis,1769726:0,True,Niveibacterium:HSG0
2880008,Brucepastera parasyntrophica,2967962:0,True,Brucepastera:HSG0
1384459,Methyloceanibacter caenitepidi,1484898:0,True,Methyloceanibacter:HSG0
1579979,Wenzhouxiangella marina,1676142:0,True,Wenzhouxiangella:HSG0
1219,Prochlorococcus marinus,1218:0,True,Prochlorococcus:HSG0
2894156,Leptogranulimonas caecicola,2995122:0,True,Leptogranulimonas:HSG0
570161,Marinifilum fragile,866673:0,True,Marinifilum:HSG0
221402,Mergibacter septicus,2899790:0,True,Mergibacter:HSG0
467976,Iamia majanohamensis,467975:0,True,Iamia:HSG0
1081631,Candidatus Schneideria nysicola,1081630:0,True,Candidatus Schneideria:HSG0
47671,Lautropia mirabilis,47670:0,True,Lautropia:HSG0
13076,Globicatella sanguinis,13075:0,True,Globicatella:HSG0
456827,Candidatus Cloacimonas acidaminovorans,456826:0,True,Candidatus Cloacimonas:HSG0
28202,Peredibacter starrii,263370:0,True,Peredibacter:HSG0
511435,Candidatus Azobacteroides pseudotrichonymphae,511434:0,True,Candidatus Azobacteroides:HSG0
39488,Anaerobutyricum hallii,2569097:0,True,Anaerobutyricum:HSG0
168169,Candidatus Ishikawella capsulata,409304:0,True,Candidatus Ishikawella:HSG0
1391654,Labilithrix luteola,1524217:0,True,Labilithrix:HSG0
376490,Desulfobaculum bizertense,1433996:0,True,Desulfobaculum:HSG0
36861,Thiobacillus denitrificans,919:0,True,Thiobacillus:HSG0
2995304,Nannocystis poenicansa,53:0,True,Nannocystis:HSG0
39491,Agathobacter rectalis,1766253:0,True,Agathobacter:HSG0
46125,Abiotrophia defectiva,46123:0,True,Abiotrophia:HSG0
356322,Heliorestis convoluta,79598:0,True,Heliorestis:HSG0
1525,Moorella thermoacetica,44260:0,True,Moorella:HSG0
2917790,Wielerella bovis,2944815:0,True,Wielerella:HSG0
28092,Robbsia andropogonis,2038280:0,True,Robbsia:HSG0
74700,Entomoplasma freundtii,46238:0,True,Entomoplasma:HSG0
2778876,Methyloradius palustris,2872156:0,True,Methyloradius:HSG0
186490,Candidatus Palibaumannia cicadellinicola,198346:0,True,Candidatus Palibaumannia:HSG0
2697043,Tichowtungia aerotolerans,2907187:0,True,Tichowtungia:HSG0
1002689,Occallatibacter riparius,1742983:0,True,Occallatibacter:HSG0
154981,Aliiroseovarius crassostreae,1658781:0,True,Aliiroseovarius:HSG0
412965,Candidatus Vesicomyosocius okutanii,2732587:0,True,Candidatus Vesicomyosocius:HSG0
151895,Pseudopedobacter saltans,1649482:0,True,Pseudopedobacter:HSG0
53358,Intrasporangium calvum,53357:0,True,Intrasporangium:HSG0
196914,Amorphoplanes friuliensis,3240237:0,True,Amorphoplanes:HSG0
1913578,Sphingorhabdus lutea,1434046:0,True,Sphingorhabdus:HSG0
33996,Gluconacetobacter diazotrophicus,89583:0,True,Gluconacetobacter:HSG0
104623,Prodigiosinella confusarubida,3059405:0,True,Prodigiosinella:HSG0
1646,Renibacterium salmoninarum,1645:0,True,Renibacterium:HSG0
3029084,Aminithiophilus ramosus,3029078:0,True,Aminithiophilus:HSG0
2843330,Elioraea tepida,457933:0,True,Elioraea:HSG0
472834,Candidatus Purcelliella pentastirinorum,472825:0,True,Candidatus Purcelliella:HSG0
146919,Salinibacter ruber,146918:0,True,Salinibacter:HSG0
2978973,Fontisubflavum oceani,3118803:0,True,Fontisubflavum:HSG0
364410,Granulibacter bethesdensis,364409:0,True,Granulibacter:HSG0
35806,Rhodovulum sulfidophilum,34008:0,True,Rhodovulum:HSG0
2798577,Breznakiella homolactica,2845254:0,True,Breznakiella:HSG0
75385,Micropruina glycogenica,116071:0,True,Micropruina:HSG0
2763672,Simiaoa sunii,2944193:0,True,Simiaoa:HSG0
78258,Parascardovia denticolens,196082:0,True,Parascardovia:HSG0
55518,Magnetospirillum gryphiswaldense,13134:0,True,Magnetospirillum:HSG0
1084,Pararhodospirillum photometricum,1612157:0,True,Pararhodospirillum:HSG0
79885,Alkalihalophilus pseudofirmus,2893060:0,True,Alkalihalophilus:HSG0
2742683,Natranaerofaba carboxydovora,2807497:0,True,Natranaerofaba:HSG0
784,Orientia tsutsugamushi,69474:0,True,Orientia:HSG0
3041175,Brooklawnia propionicigenes,369926:0,True,Brooklawnia:HSG0
2527995,Symmachiella dynata,2795780:0,True,Symmachiella:HSG0
81468,Aminobacterium colombiense,81466:0,True,Aminobacterium:HSG0
59754,Alcanivorax borkumensis,59753:0,True,Alcanivorax:HSG0
465721,Steroidobacter denitrificans,469322:0,True,Steroidobacter:HSG0
416213,Ferrovum myxofaciens,416212:0,True,Ferrovum:HSG0
1704499,Methylovulum psychrotolerans,762296:0,True,Methylovulum:HSG0
195105,Haematobacter massiliensis,366614:0,True,Haematobacter:HSG0
839,Xylanibacter ruminicola,558436:0,True,Xylanibacter:HSG0
412593,Thermosulfidibacter takaii,412592:0,True,Thermosulfidibacter:HSG0
3075823,Hwangdonia lutea,1649460:0,True,Hwangdonia:HSG0
985,Cytophaga hutchinsonii,978:0,True,Cytophaga:HSG0
43948,Tolumonas auensis,43947:0,True,Tolumonas:HSG0
393765,Candidatus Endoriftia persephone,393764:0,True,Candidatus Endoriftia:HSG0
2756,Brochothrix thermosphacta,2755:0,True,Brochothrix:HSG0
169435,Anaerotruncus colihominis,244127:0,True,Anaerotruncus:HSG0
2109915,Simplicispira suum,352450:0,True,Simplicispira:HSG0
313588,Croceibacter atlanticus,216431:0,True,Croceibacter:HSG0
29510,Turneriella parva,338321:0,True,Turneriella:HSG0
2857064,Pseudemcibacter aquimaris,2943291:0,True,Pseudemcibacter:HSG0
2732864,Modestobacter italicus,88138:0,True,Modestobacter:HSG0
1307763,Kiritimatiella glycovorans,1921784:0,True,Kiritimatiella:HSG0
9,Buchnera aphidicola,32199:0,True,Buchnera:HSG0
426,Methylosinus trichosporium,425:0,True,Methylosinus:HSG0
2683272,Spartinivicinus ruber,2768738:0,True,Spartinivicinus:HSG0
2026885,Candidatus Bipolaricaulis anaerobius,2250122:0,True,Candidatus Bipolaricaulis:HSG0
397865,Barnesiella viscericola,397864:0,True,Barnesiella:HSG0
2932182,Bombiscardovia apis,1159909:0,True,Bombiscardovia:HSG0
63745,Sideroxydans lithotrophicus,314343:0,True,Sideroxydans:HSG0
52022,Allomeiothermus silvanus,2935559:0,True,Allomeiothermus:HSG0
116090,Caloranaerobacter azorensis,171003:0,True,Caloranaerobacter:HSG0
281120,Candidatus Amoebophilus asiaticus,281119:0,True,Candidatus Amoebophilus:HSG0
299262,Tateyamaria omphalii,299261:0,True,Tateyamaria:HSG0
2341112,Georhizobium profundi,2661800:0,True,Georhizobium:HSG0
1619313,Duffyella gerundensis,3026546:0,True,Duffyella:HSG0
496056,Anseongella ginsenosidimutans,1773450:0,True,Anseongella:HSG0
1891926,Fuerstiella marisgermanici,1936111:0,True,Fuerstiella:HSG0
412034,Celerinatantimonas diazotrophica,412033:0,True,Celerinatantimonas:HSG0
1184,Leptolyngbya boryana,47251:0,True,Leptolyngbya:HSG0
304207,Schleiferilactobacillus harbinensis,2767891:0,True,Schleiferilactobacillus:HSG0
2714358,Pusillibacter faecalis,2892397:0,True,Pusillibacter:HSG0
692036,Tuwongella immobilis,2051044:0,True,Tuwongella:HSG0
61646,Lelliottia amnigena,1330545:0,True,Lelliottia:HSG0
2057,Sphaerobacter thermophilus,2056:0,True,Sphaerobacter:HSG0
1484109,Lichenicola cladoniae,2804525:0,True,Lichenicola:HSG0
52,Chondromyces crocatus,50:0,True,Chondromyces:HSG0
2760713,Lacibacter sediminis,649461:0,True,Lacibacter:HSG0
2614693,Nitrincola iocasae,267849:0,True,Nitrincola:HSG0
32046,Synechococcus elongatus,1129:0,True,Synechococcus:HSG0
2528021,Anatilimnocola aggregata,2807414:0,True,Anatilimnocola:HSG0
1441386,Athalassotoga saccharophila,1769718:0,True,Athalassotoga:HSG0
1921510,Tardibacter chloracetimidivorans,2685927:0,True,Tardibacter:HSG0
83561,Simkania negevensis,34093:0,True,Simkania:HSG0
2527972,Aeoliella mucimassa,2795781:0,True,Aeoliella:HSG0
1697053,Thiopseudomonas alkaliphila,1654787:0,True,Thiopseudomonas:HSG0
2047966,Dongshaea marina,2802288:0,True,Dongshaea:HSG0
563,Shimwellia blattae,1335483:0,True,Shimwellia:HSG0
1437009,Chenggangzhangella methanolivorans,2041902:0,True,Chenggangzhangella:HSG0
58180,Oleidesulfovibrio alaskensis,2909705:0,True,Oleidesulfovibrio:HSG0
2599293,Humibacter ginsenosidimutans,427753:0,True,Humibacter:HSG0
2006,Thermobispora bispora,147067:0,True,Thermobispora:HSG0
39122,Skermania piniformis,59613:0,True,Skermania:HSG0
2675053,Thiosulfativibrio zosterae,2781120:0,True,Thiosulfativibrio:HSG0
2220096,Indioceanicola profundi,2478349:0,True,Indioceanicola:HSG0
1982626,Faecalibacillus intestinalis,2678885:0,True,Faecalibacillus:HSG0
1579316,Falsihalocynthiibacter arcticus,2854182:0,True,Falsihalocynthiibacter:HSG0
703,Plesiomonas shigelloides,702:0,True,Plesiomonas:HSG0
1155739,Moorena producens,1155738:0,True,Moorena:HSG0
2704465,Rhodocytophaga rosea,455076:0,True,Rhodocytophaga:HSG0
2968490,Paenimyroides aestuarii,3085669:0,True,Paenimyroides:HSG0
41977,Parazoarcus communis,2891322:0,True,Parazoarcus:HSG0
1891207,Thaumasiovibrio subtropicus,2014233:0,True,Thaumasiovibrio:HSG0
521689,Thiocapsa bogorovii,1056:0,True,Thiocapsa:HSG0
2740163,Desulfofustis limnaeus,51194:0,True,Desulfofustis:HSG0
2605946,Pukyongiella litopenaei,2831925:0,True,Pukyongiella:HSG0
141451,Oleiphilus messinensis,141450:0,True,Oleiphilus:HSG0
60893,Desulfobacca acetoxidans,60892:0,True,Desulfobacca:HSG0
69223,Musicola paradisiaca,2884243:0,True,Musicola:HSG0
2742145,Oricola thermophila,1594166:0,True,Oricola:HSG0
2710758,Phototrophicus methaneseepsis,2922426:0,True,Phototrophicus:HSG0
1050,Thermochromatium tepidum,85073:0,True,Thermochromatium:HSG0
2692330,Falsirhodobacter algicola,1434002:0,True,Falsirhodobacter:HSG0
927083,Sandaracinus amylolyticus,1055688:0,True,Sandaracinus:HSG0
447471,Simiduia agarivorans,447467:0,True,Simiduia:HSG0
253245,Owenweeksia hongkongensis,267986:0,True,Owenweeksia:HSG0
844,Wolinella succinogenes,843:0,True,Wolinella:HSG0
1712261,Pyruvatibacter mobilis,1742974:0,True,Pyruvatibacter:HSG0
3080537,Rubellicoccus peritrichatus,3138622:0,True,Rubellicoccus:HSG0
2926907,Abyssalbus ytuae,2967089:0,True,Abyssalbus:HSG0
292800,Flavonifractor plautii,946234:0,True,Flavonifractor:HSG0
1335048,Frigidibacter mobilis,1775705:0,True,Frigidibacter:HSG0
286802,Segniliparus rotundus,286801:0,True,Segniliparus:HSG0
281362,Dechloromonas denitrificans,73029:0,True,Dechloromonas:HSG0
28068,Rubrivivax gelatinosus,28067:0,True,Rubrivivax:HSG0
999,Bernardetia litoralis,1937972:0,True,Bernardetia:HSG0
2834459,Allobaculum mucilyticum,174708:0,True,Allobaculum:HSG0
1806508,Candidatus Promineifilum breve,1988031:0,True,Candidatus Promineifilum:HSG0
179636,Alicycliphilus denitrificans,201096:0,True,Alicycliphilus:HSG0
1005039,Fimbriimonas ginsengisoli,1005038:0,True,Fimbriimonas:HSG0
143361,Filifactor alocis,44259:0,True,Filifactor:HSG0
1556,Gottschalkia acidurici,1505664:0,True,Gottschalkia:HSG0
166501,Thermobaculum terrenum,262406:0,True,Thermobaculum:HSG0
471827,Candidatus Desulforudis audaxviator,471826:0,True,Candidatus Desulforudis:HSG0
988779,Candidatus Megaera polyxenophila,1742636:0,True,Candidatus Megaera:HSG0
661191,Neokomagataea tanensis,1223423:0,True,Neokomagataea:HSG0
2093857,Dysosmobacter welbionis,2591381:0,True,Dysosmobacter:HSG0
570278,Allobacillus halotolerans,1400133:0,True,Allobacillus:HSG0
91915,Asaia bogorensis,91914:0,True,Asaia:HSG0
2763107,Alloacidobacterium dinghuense,2951993:0,True,Alloacidobacterium:HSG0
2043170,Paremcibacter congregatus,2813804:0,True,Paremcibacter:HSG0
1509244,Candidatus Nucleicultrix amoebiphila,1509243:0,True,Candidatus Nucleicultrix:HSG0
349221,Micavibrio aeruginosavorus,213485:0,True,Micavibrio:HSG0
61435,Dehalococcoides mccartyi,61434:0,True,Dehalococcoides:HSG0
2949664,Paraconexibacter antarcticus,2758920:0,True,Paraconexibacter:HSG0
398743,Zunongwangia profunda,417127:0,True,Zunongwangia:HSG0
1715691,Cognatishimia activa,2211635:0,True,Cognatishimia:HSG0
2764705,Sideroxyarcus emersonii,2943286:0,True,Sideroxyarcus:HSG0
1382,Lancefieldella parvula,2767353:0,True,Lancefieldella:HSG0
1535208,Barrientosiimonas endolithica,1535207:0,True,Barrientosiimonas:HSG0
1324217,Imperialibacter roseus,1649461:0,True,Imperialibacter:HSG0
304895,Catenulispora acidiphila,414878:0,True,Catenulispora:HSG0
538381,Stappia indica,152161:0,True,Stappia:HSG0
1424294,Geosporobacter ferrireducens,390805:0,True,Geosporobacter:HSG0
2172099,Saccharobesus litoralis,2894574:0,True,Saccharobesus:HSG0
269261,Nitratifractor salsuginis,269260:0,True,Nitratifractor:HSG0
119484,Syntrophobacter fumaroxidans,29526:0,True,Syntrophobacter:HSG0
41,Stigmatella aurantiaca,40:0,True,Stigmatella:HSG0
2675054,Thiosulfatimonas sediminis,2781121:0,True,Thiosulfatimonas:HSG0
1720083,Acetilactobacillus jinshanensis,2767874:0,True,Acetilactobacillus:HSG0
1561005,Acididesulfobacillus acetoxydans,2924872:0,True,Acididesulfobacillus:HSG0
1776384,Emergencia timonensis,1926556:0,True,Emergencia:HSG0
51197,Syntrophobotulus glycolicus,51196:0,True,Syntrophobotulus:HSG0
1813871,Panacibacter ginsenosidivorans,1874621:0,True,Panacibacter:HSG0
1642646,Petrimonas mucosa,307628:0,True,Petrimonas:HSG0
53635,Acidimicrobium ferrooxidans,53634:0,True,Acidimicrobium:HSG0
2010828,Aquipluma nitroreducens,2792393:0,True,Aquipluma:HSG0
499229,Tepidanaerobacter acetatoxydans,499228:0,True,Tepidanaerobacter:HSG0
2499157,Aquiluna borgnonia,529881:0,True,Aquiluna:HSG0
2518989,Aequoribacter fuscus,2847769:0,True,Aequoribacter:HSG0
84405,Hippea maritima,84404:0,True,Hippea:HSG0
218208,Desulfatibacillum aliphaticivorans,218207:0,True,Desulfatibacillum:HSG0
33070,Thermostichus lividus,2881385:0,True,Thermostichus:HSG0
28187,Acetohalobium arabaticum,28186:0,True,Acetohalobium:HSG0
1612173,Niveispirillum cyanobacteriorum,1543704:0,True,Niveispirillum:HSG0
47960,Guyparkeria halophila,2035712:0,True,Guyparkeria:HSG0
412963,Mycetohabitans rhizoxinica,2571159:0,True,Mycetohabitans:HSG0
28229,Colwellia psychrerythraea,28228:0,True,Colwellia:HSG0
671077,Caldinitratiruptor microaerophilus,1006480:0,True,Caldinitratiruptor:HSG0
2352,Flexistipes sinusarabici,2351:0,True,Flexistipes:HSG0
418699,Azoarcus olearius,12960:0,True,Azoarcus:HSG0
291990,Thermosediminibacter oceani,291988:0,True,Thermosediminibacter:HSG0
2682810,Iocasia fonsfrigidae,2899804:0,True,Iocasia:HSG0
71667,Waddlia chondrophila,71666:0,True,Waddlia:HSG0
1391653,Vulgatibacter incomptus,1524214:0,True,Vulgatibacter:HSG0
2296,Desulforapulum autotrophicum,2904687:0,True,Desulforapulum:HSG0
56,Sorangium cellulosum,39643:0,True,Sorangium:HSG0
37482,Laceyella sacchari,292635:0,True,Laceyella:HSG0
2807096,Neotabrizicola shimadae,2946607:0,True,Neotabrizicola:HSG0
2583823,Salidesulfovibrio onnuriiensis,2950010:0,True,Salidesulfovibrio:HSG0
2698458,Nibribacter ruber,1649474:0,True,Nibribacter:HSG0
153493,Conchiformibius steedae,334107:0,True,Conchiformibius:HSG0
1586287,Lentzea guizhouensis,165301:0,True,Lentzea:HSG0
1133546,Luteimicrobium xylanilyticum,754249:0,True,Luteimicrobium:HSG0
946333,Piscinibacter gummiphilus,1114981:0,True,Piscinibacter:HSG0
118000,Denitrovibrio acetiphilus,117999:0,True,Denitrovibrio:HSG0
1234143,Endozoicomonas euniceicola,305899:0,True,Endozoicomonas:HSG0
880,Maridesulfovibrio salexigens,2794998:0,True,Maridesulfovibrio:HSG0
2724,Hirschia baltica,2723:0,True,Hirschia:HSG0
178899,Carboxydocella thermautotrophica,178898:0,True,Carboxydocella:HSG0
940,Hydrogenobacter thermophilus,939:0,True,Hydrogenobacter:HSG0
2546360,Crocosphaera subtropica,263510:0,True,Crocosphaera:HSG0
29549,Rhodothermus marinus,29548:0,True,Rhodothermus:HSG0
2884022,Capillimicrobium parvum,2976759:0,True,Capillimicrobium:HSG0
323415,Dokdonella koreensis,323413:0,True,Dokdonella:HSG0
309806,Sulfurihydrogenibium azorense,212790:0,True,Sulfurihydrogenibium:HSG0
472569,Devriesea agamarum,472568:0,True,Devriesea:HSG0
2874213,Oxynema aestuarii,1492710:0,True,Oxynema:HSG0
171695,Thermodesulfatator indicus,241192:0,True,Thermodesulfatator:HSG0
2183582,Saliniradius amylolyticus,2661818:0,True,Saliniradius:HSG0
955,Wolbachia pipientis,953:0,True,Wolbachia:HSG0
2775080,Aestuariispira ectoiniformans,1647175:0,True,Aestuariispira:HSG0
2715735,Candidatus Chazhemtobacterium aquaticus,2715734:0,True,Candidatus Chazhemtobacterium:HSG0
1771309,Salinicola tamaricis,404432:0,True,Salinicola:HSG0
105560,Methylibium petroleiphilum,316612:0,True,Methylibium:HSG0
2917832,Leptothermofonsia sichuanensis,2917830:0,True,Leptothermofonsia:HSG0
2292766,Persicimonas caeni,2766927:0,True,Persicimonas:HSG0
1335613,Gordonibacter urolithinfaciens,644652:0,True,Gordonibacter:HSG0
1565605,Rugosibacter aromaticivorans,1914449:0,True,Rugosibacter:HSG0
2213194,Paraliobacillus zengyii,200903:0,True,Paraliobacillus:HSG0
72,Simonsiella muelleri,71:0,True,Simonsiella:HSG0
1705394,Candidatus Thioglobus autotrophicus,655184:0,True,Candidatus Thioglobus:HSG0
1736674,Pseudalgibacter alginicilyticus,2861660:0,True,Pseudalgibacter:HSG0
2762729,Novosphingopyxis iocasae,2709686:0,True,Novosphingopyxis:HSG0
54006,Aedoeadaptatus ivorii,2981628:0,True,Aedoeadaptatus:HSG0
571913,Luteipulveratus mongoliensis,745364:0,True,Luteipulveratus:HSG0
74318,Maricaulis maris,74317:0,True,Maricaulis:HSG0
2202721,Zhouia spongiae,561555:0,True,Zhouia:HSG0
504468,Rhodovastum atsumiense,504465:0,True,Rhodovastum:HSG0
187137,Oceanithermus profundus,208447:0,True,Oceanithermus:HSG0
169176,Caenibius tardaugens,2827482:0,True,Caenibius:HSG0
2715678,Sulfurimicrobium lacus,2772198:0,True,Sulfurimicrobium:HSG0
1761012,Candidatus Formimonas warabiya,2840454:0,True,Candidatus Formimonas:HSG0
2828656,Thermospira aquatica,3024226:0,True,Thermospira:HSG0
208199,Pseudalkalibacillus hwajinpoensis,2893058:0,True,Pseudalkalibacillus:HSG0
269259,Nitratiruptor tergarcus,269258:0,True,Nitratiruptor:HSG0
307486,Tepidimonas taiwanensis,114248:0,True,Tepidimonas:HSG0
2500533,Pseudorhodobacter turbinis,238783:0,True,Pseudorhodobacter:HSG0
1379903,Roseivivax marinus,93682:0,True,Roseivivax:HSG0
2173034,Petrocella atlantisensis,2603323:0,True,Petrocella:HSG0
2857077,Anthocerotibacter panamensis,2857076:0,True,Anthocerotibacter:HSG0
1549855,Haematospirillum jordaniae,1804663:0,True,Haematospirillum:HSG0
649841,Sulfuricella denitrificans,935200:0,True,Sulfuricella:HSG0
2358,Desulfomonile tiedjei,2357:0,True,Desulfomonile:HSG0
1778264,Candidatus Mikella endobia,1906660:0,True,Candidatus Mikella:HSG0
2590900,Tenuifilum thalassicum,2760873:0,True,Tenuifilum:HSG0
234827,Candidatus Midichloria mitochondrii,411566:0,True,Candidatus Midichloria:HSG0
158327,Hahella chejuensis,158481:0,True,Hahella:HSG0
2755338,Aceticella autotrophica,3051499:0,True,Aceticella:HSG0
80679,Thioflavicoccus mobilis,156885:0,True,Thioflavicoccus:HSG0
83552,Parachlamydia acanthamoebae,83551:0,True,Parachlamydia:HSG0
133453,Caldilinea aerophila,233191:0,True,Caldilinea:HSG0
138118,Quatrionicoccus australiensis,138117:0,True,Quatrionicoccus:HSG0
185300,Paludibacter propionicigenes,346096:0,True,Paludibacter:HSG0
191579,Fluviicola taffensis,332102:0,True,Fluviicola:HSG0
2126346,Peterkaempfera bronchialis,2995704:0,True,Peterkaempfera:HSG0
960,Bacteriovorax stolpii,146784:0,True,Bacteriovorax:HSG0
981385,Thermotomaculum hydrothermale,1172428:0,True,Thermotomaculum:HSG0
2759707,Sandaracinobacteroides saxicola,2883109:0,True,Sandaracinobacteroides:HSG0
2906798,Leptodesmis sichuanensis,2664261:0,True,Leptodesmis:HSG0
2583587,Aggregatimonas sangjinii,2913017:0,True,Aggregatimonas:HSG0
2583452,Amedibacterium intestinale,2749267:0,True,Amedibacterium:HSG0
2026,Thermoactinomyces vulgaris,2023:0,True,Thermoactinomyces:HSG0
454601,Maritalea myrionectae,623276:0,True,Maritalea:HSG0
2898187,Faecalibacter bovis,2766734:0,True,Faecalibacter:HSG0
1427364,Candidatus Pseudothioglobus singularis,2841677:0,True,Candidatus Pseudothioglobus:HSG0
158877,Yokenella regensburgei,158876:0,True,Yokenella:HSG0
2676868,Phnomibacter ginsenosidimutans,2836216:0,True,Phnomibacter:HSG0
436,Novacetimonas hansenii,2919364:0,True,Novacetimonas:HSG0
477680,Filimonas lacunae,649460:0,True,Filimonas:HSG0
188913,Cetobacterium somerae,180162:0,True,Cetobacterium:HSG0
150829,Leadbettera azotonutricia,2951107:0,True,Leadbettera:HSG0
2895559,Subtercola endophyticus,120212:0,True,Subtercola:HSG0
178214,Facklamia hominis,66831:0,True,Facklamia:HSG0
1102,Prosthecochloris aestuarii,1101:0,True,Prosthecochloris:HSG0
29539,Thermoleophilum album,192992:0,True,Thermoleophilum:HSG0
2738883,Candidatus Reidiella endopervernicosa,2738850:0,True,Candidatus Reidiella:HSG0
102116,Stanieria cyanosphaera,102115:0,True,Stanieria:HSG0
2558360,Oecophyllibacter saccharovorans,2791118:0,True,Oecophyllibacter:HSG0
1276,Kytococcus sedentarius,57499:0,True,Kytococcus:HSG0
51515,Dehalobacterium formicoaceticum,51514:0,True,Dehalobacterium:HSG0
1555112,Limnochorda pilosa,1676651:0,True,Limnochorda:HSG0
377615,Thermobacillus composti,76632:0,True,Thermobacillus:HSG0
73141,Thiocystis violascens,13724:0,True,Thiocystis:HSG0
82801,Desemzia incerta,82800:0,True,Desemzia:HSG0
81462,Thermanaerovibrio acidaminovorans,81461:0,True,Thermanaerovibrio:HSG0
2909285,Synoicihabitans lomoniglobus,2892920:0,True,Synoicihabitans:HSG0
2021234,Ahniella affigens,2233801:0,True,Ahniella:HSG0
521392,Helcobacillus massiliensis,1161125:0,True,Helcobacillus:HSG0
1603258,Williamsia herbipolensis,85043:0,True,Williamsia:HSG0
2697032,Xylophilus rhododendri,54066:0,True,Xylophilus:HSG0
673862,Candidatus Babela massiliensis,1551504:0,True,Candidatus Babela:HSG0
297,Hydrogenophilus thermoluteolus,70774:0,True,Hydrogenophilus:HSG0
2606626,Sodaliphilus pleomorphus,2815786:0,True,Sodaliphilus:HSG0
2779519,Thermophilibacter immobilis,2847307:0,True,Thermophilibacter:HSG0
1188319,Ferriphaselus amnicola,1443590:0,True,Ferriphaselus:HSG0
1123043,Telmatocola sphagniphila,1382832:0,True,Telmatocola:HSG0
128,Isosphaera pallida,127:0,True,Isosphaera:HSG0
51664,Lapidilactobacillus dextrinicus,2767884:0,True,Lapidilactobacillus:HSG0
2927975,Geothrix oryzae,44675:0,True,Geothrix:HSG0
34105,Streptobacillus moniliformis,34104:0,True,Streptobacillus:HSG0
83453,Melittangium boletus,44:0,True,Melittangium:HSG0
412690,Microterricola viridarii,518733:0,True,Microterricola:HSG0
371036,Gottfriedia acidiceleris,2837503:0,True,Gottfriedia:HSG0
2862509,Paracrocinitomix mangrovi,3024544:0,True,Paracrocinitomix:HSG0
2708301,Kineobactrum salinum,2678529:0,True,Kineobactrum:HSG0
187145,Caldithrix abyssi,187144:0,True,Caldithrix:HSG0
2811111,Natronosporangium hydrolyticum,2920401:0,True,Natronosporangium:HSG0
980251,Mariniblastus fucicola,2005380:0,True,Mariniblastus:HSG0
1472345,Basilea psittacipulmonis,1472344:0,True,Basilea:HSG0
708113,Terrihabitans soli,2874214:0,True,Terrihabitans:HSG0
252307,Robiginitalea biformata,252306:0,True,Robiginitalea:HSG0
2161677,Kordiimonas pumila,288021:0,True,Kordiimonas:HSG0
2665642,Allosaccharopolyspora coralli,2893576:0,True,Allosaccharopolyspora:HSG0
2528642,Lichenihabitans psoromatis,2723776:0,True,Lichenihabitans:HSG0
1284658,Planktomarina temperata,1284657:0,True,Planktomarina:HSG0
576131,Lentibacter algarum,1434014:0,True,Lentibacter:HSG0
1944646,Phoenicibacter congonensis,1981050:0,True,Phoenicibacter:HSG0
375929,Natranaerobius thermophilus,375928:0,True,Natranaerobius:HSG0
2782006,Mongoliitalea daihaiensis,1511649:0,True,Mongoliitalea:HSG0
94132,Ramlibacter tataouinensis,174951:0,True,Ramlibacter:HSG0
2909283,Mariluticola halotolerans,3064792:0,True,Mariluticola:HSG0
466153,Singulisphaera acidiphila,466152:0,True,Singulisphaera:HSG0
1760988,Methylomagnum ishizawai,1760987:0,True,Methylomagnum:HSG0
530584,Prauserella marina,142577:0,True,Prauserella:HSG0
2321403,Chryseolinea soli,1433993:0,True,Chryseolinea:HSG0
311180,Alloyangia pacifica,2919626:0,True,Alloyangia:HSG0
2866162,Actomonas aquatica,3138693:0,True,Actomonas:HSG0
2036206,Suicoccus acidiformans,2689587:0,True,Suicoccus:HSG0
72026,Helcococcus ovis,31983:0,True,Helcococcus:HSG0
1650,Kurthia zopfii,1649:0,True,Kurthia:HSG0
2511995,Pseudolysobacter antarcticus,2709666:0,True,Pseudolysobacter:HSG0
2772557,Desulfomarina profundi,2894767:0,True,Desulfomarina:HSG0
2528020,Poriferisphaera corsica,2803301:0,True,Poriferisphaera:HSG0
884684,Mageeibacillus indolicus,1637257:0,True,Mageeibacillus:HSG0
1456591,Temperatibacter marinus,1549129:0,True,Temperatibacter:HSG0
1470434,Zhongshania aliphaticivorans,1434050:0,True,Zhongshania:HSG0
109472,Bisgaardia hudsonensis,109471:0,True,Bisgaardia:HSG0
1331910,Thermogutta terrifontis,1676125:0,True,Thermogutta:HSG0
2707525,Sulfuriroseicoccus oceanibius,2911469:0,True,Sulfuriroseicoccus:HSG0
1850246,Urechidicola croceus,2700084:0,True,Urechidicola:HSG0
361111,Desulfoglaeba alkanexedens,361106:0,True,Desulfoglaeba:HSG0
69499,Petrotoga mobilis,28236:0,True,Petrotoga:HSG0
84757,Beutenbergia cavernae,84756:0,True,Beutenbergia:HSG0
54297,Limnospira fusiformis,2596745:0,True,Limnospira:HSG0
215591,Gracilinema caldarium,2951106:0,True,Gracilinema:HSG0
1218801,Kordia antarctica,221065:0,True,Kordia:HSG0
2789856,Pontivivens ytuae,1844015:0,True,Pontivivens:HSG0
3003601,Peptostreptococcus equinus,1257:0,True,Peptostreptococcus:HSG0
80816,Haliangium ochraceum,162027:0,True,Haliangium:HSG0
309805,Persephonella marina,182899:0,True,Persephonella:HSG0
2070537,Commensalibacter melissae,1079922:0,True,Commensalibacter:HSG0
2060066,Chimaeribacter arupi,2716544:0,True,Chimaeribacter:HSG0
1449,Amphibacillus xylanus,29331:0,True,Amphibacillus:HSG0
2161747,Saccharospirillum mangrovi,231683:0,True,Saccharospirillum:HSG0
208216,Parvularcula bermudensis,208215:0,True,Parvularcula:HSG0
931531,Tunicatimonas pelagia,1077254:0,True,Tunicatimonas:HSG0
1461582,Jeotgalicoccus saudimassiliensis,227979:0,True,Jeotgalicoccus:HSG0
1263979,Candidatus Endolissoclinum faulkneri,1263978:0,True,Candidatus Endolissoclinum:HSG0
1914471,Sulfuritortus calidifontis,1938335:0,True,Sulfuritortus:HSG0
29546,Lawsonia intracellularis,41707:0,True,Lawsonia:HSG0
1682490,Ferrigenium kumadai,2249462:0,True,Ferrigenium:HSG0
645517,Paraurantiacibacter namhicola,2800682:0,True,Paraurantiacibacter:HSG0
2527982,Mucisphaera calidilacus,2913022:0,True,Mucisphaera:HSG0
2692125,Nanchangia anserum,2888879:0,True,Nanchangia:HSG0
29303,Streptantibioticus cattleyicolor,2995706:0,True,Streptantibioticus:HSG0
1930276,Adhaeretor mobilis,2862451:0,True,Adhaeretor:HSG0
1971485,Candidatus Nardonella dryophthoridicola,204619:0,True,Candidatus Nardonella:HSG0
2599296,Qingshengfaniella alkalisoli,2816884:0,True,Qingshengfaniella:HSG0
936456,Desulfurispirillum indicum,393029:0,True,Desulfurispirillum:HSG0
2859516,Gloeocapsopsis dulcis,693222:0,True,Gloeocapsopsis:HSG0
2820884,Spiractinospora alimapuensis,2913367:0,True,Spiractinospora:HSG0
2918914,Chakrabartyella piscis,3088373:0,True,Chakrabartyella:HSG0
1511,Acetoanaerobium sticklandii,186831:0,True,Acetoanaerobium:HSG0
2885951,Thermoleptolyngbya sichuanensis,2303528:0,True,Thermoleptolyngbya:HSG0
1969806,Acidibrevibacterium fodinaquatile,2603324:0,True,Acidibrevibacterium:HSG0
2785025,Anaeromicropila herbilytica,3024823:0,True,Anaeromicropila:HSG0
1670830,Egicoccus halophilus,1755825:0,True,Egicoccus:HSG0
1048758,Candidatus Moranella endobia,1048757:0,True,Candidatus Moranella:HSG0
37487,Marichromatium purpuratum,85076:0,True,Marichromatium:HSG0
51173,Ureibacillus thermosphaericus,160795:0,True,Ureibacillus:HSG0
2558361,Formicincola oecophyllae,2952773:0,True,Formicincola:HSG0
995,Solitalea canadensis,929509:0,True,Solitalea:HSG0
561184,Mameliella alba,1434019:0,True,Mameliella:HSG0
2682776,Xiamenia xianingshaonis,2981344:0,True,Xiamenia:HSG0
204525,Pseudoroseomonas cervicalis,2870717:0,True,Pseudoroseomonas:HSG0
1907662,Raoultibacter timonensis,1926677:0,True,Raoultibacter:HSG0
97084,Halobacteriovorax marinus,1652133:0,True,Halobacteriovorax:HSG0
467094,Ilumatobacter coccineus,682522:0,True,Ilumatobacter:HSG0
453220,Desulfogranum marinum,2904609:0,True,Desulfogranum:HSG0
2293317,Candidatus Syntrophocurvum alkaliphilum,2293313:0,True,Candidatus Syntrophocurvum:HSG0
1166950,Candidatus Thiodictyon syntrophicum,53392:0,True,Thiodictyon:HSG0
364317,Verminephrobacter eiseniae,364316:0,True,Verminephrobacter:HSG0
2502779,Pseudocnuella soli,2812019:0,True,Pseudocnuella:HSG0
767892,Candidatus Puniceispirillum marinum,767891:0,True,Candidatus Puniceispirillum:HSG0
1267021,Frischella perrara,1335631:0,True,Frischella:HSG0
2940302,Fructobacillus americanaquae,559173:0,True,Fructobacillus:HSG0
1346319,Candidatus Trichorickettsia mobilis,1522201:0,True,Candidatus Trichorickettsia:HSG0
1761453,Euzebyella marina,1287916:0,True,Euzebyella:HSG0
1936021,Thermosulfuriphilus ammonigenes,2033601:0,True,Thermosulfuriphilus:HSG0
889453,Alkalitalea saponilacus,1193324:0,True,Alkalitalea:HSG0
926,Thiomonas intermedia,32012:0,True,Thiomonas:HSG0
247481,Candidatus Cardinium hertigii,273135:0,True,Candidatus Cardinium:HSG0
1492771,Limimaricola variabilis,2211638:0,True,Limimaricola:HSG0
100225,Austwickia chelonae,1184606:0,True,Austwickia:HSG0
7,Azorhizobium caulinodans,6:0,True,Azorhizobium:HSG0
1335043,Paradevosia shaoguanensis,1573407:0,True,Paradevosia:HSG0
477976,Calditerrivibrio nitroreducens,545865:0,True,Calditerrivibrio:HSG0
270918,Salegentibacter mishustinae,143222:0,True,Salegentibacter:HSG0
1268041,Frondihabitans sucicola,447237:0,True,Frondihabitans:HSG0
256618,Parvibaculum lavamentivorans,256616:0,True,Parvibaculum:HSG0
2588711,Pelagovum pacificum,2795377:0,True,Pelagovum:HSG0
1810504,Immundisolibacter cernigliae,1934947:0,True,Immundisolibacter:HSG0
2652177,Pelistega ratti,106146:0,True,Pelistega:HSG0
167964,Anaerolinea thermophila,233189:0,True,Anaerolinea:HSG0
28223,Desulfobacula toluolica,28222:0,True,Desulfobacula:HSG0
185007,Pseudobutyrivibrio xylanivorans,46205:0,True,Pseudobutyrivibrio:HSG0
2494374,Tabrizicola piscis,1443919:0,True,Tabrizicola:HSG0
2751313,Koleobacter methoxysyntrophicus,2786989:0,True,Koleobacter:HSG0
1784714,Arcticibacterium luteifluviistationis,2173039:0,True,Arcticibacterium:HSG0
897,Desulfococcus multivorans,896:0,True,Desulfococcus:HSG0
2780922,Solibaculum mannosilyticum,2842531:0,True,Solibaculum:HSG0
82135,Fannyhessea vaginae,2767327:0,True,Fannyhessea:HSG0
405,Methylobacillus flagellatus,404:0,True,Methylobacillus:HSG0
1796646,Muribaculum intestinale,1918540:0,True,Muribaculum:HSG0
1206,Trichodesmium erythraeum,1205:0,True,Trichodesmium:HSG0
354356,Niastella koreensis,354354:0,True,Niastella:HSG0
2815577,Alkalibacter rhizosphaerae,274470:0,True,Alkalibacter:HSG0
2507161,Acidilutibacter cellobiosedens,2992720:0,True,Acidilutibacter:HSG0
1495650,Thermoflexus hugenholtzii,1495649:0,True,Thermoflexus:HSG0
197162,Deferribacter desulfuricans,53572:0,True,Deferribacter:HSG0
577489,Euhalothece natronophila,65097:0,True,Euhalothece:HSG0
2576756,Caproicibacter fermentans,2576755:0,True,Caproicibacter:HSG0
42422,Halobacteroides halobius,42417:0,True,Halobacteroides:HSG0
2500547,Apibacter raozihei,1778601:0,True,Apibacter:HSG0
2583377,Saccharibacillus brassicae,456492:0,True,Saccharibacillus:HSG0
119,Rubinisphaera brasiliensis,1649490:0,True,Rubinisphaera:HSG0
107709,Opitutus terrae,178440:0,True,Opitutus:HSG0
1306787,Isoalcanivorax pacificus,3020833:0,True,Isoalcanivorax:HSG0
2807512,Humisphaera borealis,2807511:0,True,Humisphaera:HSG0
3053610,Alteriqipengyuania flavescens,2800680:0,True,Alteriqipengyuania:HSG0
1639118,Mangrovibacterium marinum,1573808:0,True,Mangrovibacterium:HSG0
2558174,Candidatus Hydrogenosomobacter endosymbioticus,2654634:0,True,Candidatus Hydrogenosomobacter:HSG0
2934315,Anaeropeptidivorans aminofermentans,2997360:0,True,Anaeropeptidivorans:HSG0
231049,Furfurilactobacillus rossiae,2767882:0,True,Furfurilactobacillus:HSG0
2810562,Desulfoluna limicola,497721:0,True,Desulfoluna:HSG0
82983,Obesumbacterium proteus,82982:0,True,Obesumbacterium:HSG0
873,Desulfocurvibacter africanus,2582840:0,True,Desulfocurvibacter:HSG0
444444,Chelatococcus daeguensis,28209:0,True,Chelatococcus:HSG0
2509675,Ktedonosporobacter rubrisoli,2692417:0,True,Ktedonosporobacter:HSG0
2576891,Nibricoccus aquaticus,2576890:0,True,Nibricoccus:HSG0
74033,Antarctobacter heliothermus,74032:0,True,Antarctobacter:HSG0
401619,Candidatus Riesia pediculicola,401618:0,True,Candidatus Riesia:HSG0
2809020,Paralysiella testudinis,2898489:0,True,Paralysiella:HSG0
483547,Geoalkalibacter subterraneus,392332:0,True,Geoalkalibacter:HSG0
1550024,Ruthenibacterium lactatiformans,1905344:0,True,Ruthenibacterium:HSG0
833,Fibrobacter succinogenes,832:0,True,Fibrobacter:HSG0
1357545,Richelia sinica,98443:0,True,Richelia:HSG0
2528010,Lignipirellula cremea,2795775:0,True,Lignipirellula:HSG0
1790137,Wenyingzhuangia fucanilytica,1518147:0,True,Wenyingzhuangia:HSG0
1679721,Herbinix luporum,1663717:0,True,Herbinix:HSG0
1333996,Variibacter gotjawalensis,1649510:0,True,Variibacter:HSG0
187101,Sneathia vaginalis,168808:0,True,Sneathia:HSG0
2719989,Entomospira culicis,2834378:0,True,Entomospira:HSG0
400946,Wohlfahrtiimonas chitiniclastica,582472:0,True,Wohlfahrtiimonas:HSG0
58138,Desulfofarcimen acetoxidans,2282742:0,True,Desulfofarcimen:HSG0
1727163,Algoriphagus sanaruensis,246875:0,True,Algoriphagus:HSG0
1528099,Lawsonella clevelandensis,1847725:0,True,Lawsonella:HSG0
1926868,Paenacidovorax monticola,3051138:0,True,Paenacidovorax:HSG0
125,Pirellula staleyi,123:0,True,Pirellula:HSG0
29552,Haploplasma axanthum,2903106:0,True,Haploplasma:HSG0
2748098,Pikeienuella piscinae,2831955:0,True,Pikeienuella:HSG0
288004,Beggiatoa leptomitoformis,1021:0,True,Beggiatoa:HSG0
762954,Siansivirga zeaxanthinifaciens,1204360:0,True,Siansivirga:HSG0
42838,Ammonifex degensii,42837:0,True,Ammonifex:HSG0
2419771,Gryllotalpicola protaetiae,1195526:0,True,Gryllotalpicola:HSG0
2584122,Aureibaculum algae,2706948:0,True,Aureibaculum:HSG0
1467,Lederbergia lenta,2804231:0,True,Lederbergia:HSG0
1778262,Candidatus Doolittlea endobia,1906657:0,True,Candidatus Doolittlea:HSG0
195913,Loktanella salsilacus,245186:0,True,Loktanella:HSG0
1332188,Candidatus Saccharimonas aalborgensis,1331051:0,True,Candidatus Saccharimonas:HSG0
1973002,Thiosocius teredinicola,2780488:0,True,Thiosocius:HSG0
2994555,Chondrinema litorale,3051458:0,True,Chondrinema:HSG0
453230,Desulfarculus baarsii,453229:0,True,Desulfarculus:HSG0
97477,Acetomicrobium mobile,49894:0,True,Acetomicrobium:HSG0
2744479,Flocculibacter collagenilyticus,2834759:0,True,Flocculibacter:HSG0
2809707,Salinimicrobium tongyeongense,561367:0,True,Salinimicrobium:HSG0
533,Beijerinckia indica,532:0,True,Beijerinckia:HSG0
1620215,Sulfuricaulis limicola,1744881:0,True,Sulfuricaulis:HSG0
241244,Rummeliibacillus stabekisii,648802:0,True,Rummeliibacillus:HSG0
1178825,Algibacter luteus,261827:0,True,Algibacter:HSG0
1618207,Psychromicrobium lacuslunae,2078575:0,True,Psychromicrobium:HSG0
100716,Chloroherpeton thalassium,100715:0,True,Chloroherpeton:HSG0
585455,Thiohalobacter thiocyanaticus,1273155:0,True,Thiohalobacter:HSG0
1408281,Endomicrobium proavitum,1408194:0,True,Endomicrobium:HSG0
1473598,Paludibaculum fermentans,1649475:0,True,Paludibaculum:HSG0
76259,Ferribacterium limneticum,88875:0,True,Ferribacterium:HSG0
2881234,Abyssibius alkaniclasticus,3029205:0,True,Abyssibius:HSG0
1851148,Limihaloglobus sulfuriphilus,2690160:0,True,Limihaloglobus:HSG0
47735,Bibersteinia trehalosi,476528:0,True,Bibersteinia:HSG0
2714937,Propioniciclava coleopterorum,1085622:0,True,Propioniciclava:HSG0
158841,Leminorella richardii,82980:0,True,Leminorella:HSG0
669502,Candidatus Profftella armatura,1381133:0,True,Candidatus Profftella:HSG0
326320,Dokdonia donghaensis,326319:0,True,Dokdonia:HSG0
2490858,Staphylospora marina,2689589:0,True,Staphylospora:HSG0
870,Dichelobacter nodosus,869:0,True,Dichelobacter:HSG0
2871826,Symbiopectobacterium purcellii,801:0,True,Symbiopectobacterium:HSG0
2699430,Caldichromatium japonicum,2828366:0,True,Caldichromatium:HSG0
168384,Marvinbryantia formatexigens,248744:0,True,Marvinbryantia:HSG0
553981,Candidatus Nitrosacidococcus tergens,2796146:0,True,Candidatus Nitrosacidococcus:HSG0
2219043,Capsulimonas corticalis,2494209:0,True,Capsulimonas:HSG0
2795293,Desulfolithobacter dissulfuricans,3003266:0,True,Desulfolithobacter:HSG0
2835787,Polymorphobacter megasporae,1508451:0,True,Polymorphobacter:HSG0
2758440,Changpingibacter yushuensis,2912996:0,True,Changpingibacter:HSG0
2715679,Dissulfurispira thermophila,2811506:0,True,Dissulfurispira:HSG0
82985,Pragia fontium,82984:0,True,Pragia:HSG0
2886352,Allocoleopsis franciscana,2886347:0,True,Allocoleopsis:HSG0
2594003,Ferrovibrio terrae,1231242:0,True,Ferrovibrio:HSG0
34029,Leptothrix cholodnii,88:0,True,Leptothrix:HSG0
1594731,Candidatus Westeberhardia cardiocondylae,1699619:0,True,Candidatus Westeberhardia:HSG0
2969821,Fundicoccus culcitae,2761542:0,True,Fundicoccus:HSG0
283811,Stackebrandtia nassauensis,283810:0,True,Stackebrandtia:HSG0
1293412,Swingsia samuiensis,1649499:0,True,Swingsia:HSG0
1548602,Nesterenkonia pannonica,57494:0,True,Nesterenkonia:HSG0
2528007,Polystyrenella longa,2795774:0,True,Polystyrenella:HSG0
2708110,Mesoflavibacter profundi,444051:0,True,Mesoflavibacter:HSG0
2029849,Marinicauda algicola,1649466:0,True,Marinicauda:HSG0
1553431,Mycoavidus cysteinexigens,1810868:0,True,Mycoavidus:HSG0
2981137,Chitiniphilus purpureus,585890:0,True,Chitiniphilus:HSG0
713887,Candidatus Atelocyanobacterium thalassa,1453359:0,True,Candidatus Atelocyanobacterium:HSG0
1859475,Floricoccus penangensis,1930830:0,True,Floricoccus:HSG0
1808979,Candidatus Methylospira mobilis,1808977:0,True,Candidatus Methylospira:HSG0
2045,Pimelobacter simplex,2044:0,True,Pimelobacter:HSG0
1936003,Anaerohalosphaera lusitana,2690159:0,True,Anaerohalosphaera:HSG0
1159327,Pontimonas salivibrio,1434032:0,True,Pontimonas:HSG0
2986949,Jiella pelagia,1775688:0,True,Jiella:HSG0
1986204,Brevefilum fermentans,2019482:0,True,Brevefilum:HSG0
1457365,Cyclonatronum proteinivorum,2489367:0,True,Cyclonatronum:HSG0
2996794,Haliovirga abyssi,3072462:0,True,Haliovirga:HSG0
139438,Geovibrio thiophilus,46200:0,True,Geovibrio:HSG0
84980,Desulfotalea psychrophila,109168:0,True,Desulfotalea:HSG0
2811108,Natronoglycomyces albus,2838311:0,True,Natronoglycomyces:HSG0
2661630,Venatoribacter cucullus,2893036:0,True,Venatoribacter:HSG0
911092,Caldanaerobacter subterraneus,249529:0,True,Caldanaerobacter:HSG0
2974023,Fontisphaera persica,3050007:0,True,Fontisphaera:HSG0
36863,Ideonella dechloratans,36862:0,True,Ideonella:HSG0
1267766,Croceibacterium atlanticum,2676755:0,True,Croceibacterium:HSG0
35841,Caldibacillus thermoamylovorans,1276290:0,True,Caldibacillus:HSG0
1930071,Methylomusa anaerophila,2093783:0,True,Methylomusa:HSG0
1447062,Youhaiella tibetensis,1827478:0,True,Youhaiella:HSG0
564137,Roseicitreum antarcticum,1209946:0,True,Roseicitreum:HSG0
1565,Desulfotomaculum nigrificans,1562:0,True,Desulfotomaculum:HSG0
929813,Gibbsiella quercinecans,929812:0,True,Gibbsiella:HSG0
3058420,Tropicibacter oceani,599653:0,True,Tropicibacter:HSG0
1235591,Pseudorhodoplanes sinuspersici,1734920:0,True,Pseudorhodoplanes:HSG0
2681766,Maribellus comscasis,2678352:0,True,Maribellus:HSG0
31909,Halothermothrix orenii,32636:0,True,Halothermothrix:HSG0
2665156,Candidatus Mycosynbacter amalyticus,2831665:0,True,Candidatus Mycosynbacter:HSG0
718192,Litorilituus sediminis,1407056:0,True,Litorilituus:HSG0
1197717,Cloacibacillus porcorum,508459:0,True,Cloacibacillus:HSG0
2582913,Luteithermobacter gelatinilyticus,2813803:0,True,Luteithermobacter:HSG0
3045816,Trichothermofontia sichuanensis,3045815:0,True,Trichothermofontia:HSG0
2758038,Pontibrevibacter nitratireducens,2944826:0,True,Pontibrevibacter:HSG0
2049305,Changchengzhania lutea,2049301:0,True,Changchengzhania:HSG0
591197,Ignavibacterium album,795750:0,True,Ignavibacterium:HSG0
1008,Saprospira grandis,1007:0,True,Saprospira:HSG0
661488,Pseudobacter ginsenosidimutans,1860196:0,True,Pseudobacter:HSG0
2966552,Thermocaproicibacter melissae,3048127:0,True,Thermocaproicibacter:HSG0
2498135,Streptomonospora litoralis,104204:0,True,Streptomonospora:HSG0
298654,Pseudofrankia inefficax,2994363:0,True,Pseudofrankia:HSG0
1209493,Halomicronema hongdechloris,170610:0,True,Halomicronema:HSG0
1690220,Phycicoccus endophyticus,367298:0,True,Phycicoccus:HSG0
930972,Porifericola rhodea,1001222:0,True,Porifericola:HSG0
1410383,Candidatus Tachikawaea gelatinosa,1682492:0,True,Candidatus Tachikawaea:HSG0
2731377,Alkalicella caledoniensis,2838170:0,True,Alkalicella:HSG0
1967665,Cognaticolwellia beringensis,2848171:0,True,Cognaticolwellia:HSG0
2039,Tropheryma whipplei,2038:0,True,Tropheryma:HSG0
1415657,Candidatus Walczuchella monophlebidarum,1940138:0,True,Candidatus Walczuchella:HSG0
1397264,Catalinimonas niigatensis,1522128:0,True,Catalinimonas:HSG0
748811,Sulfuritalea hydrogenivorans,1054211:0,True,Sulfuritalea:HSG0
186192,Marinithermus hydrothermalis,186191:0,True,Marinithermus:HSG0
2831148,Paraneptunicella aestuarii,2905123:0,True,Paraneptunicella:HSG0
2711215,Sphingosinithalassobacter tenebrarum,2676233:0,True,Sphingosinithalassobacter:HSG0
2806210,Flagellatimonas centrodinii,2893022:0,True,Flagellatimonas:HSG0
2010829,Aerosticca soli,2707020:0,True,Aerosticca:HSG0
1871034,Vaginimicrobium propionicum,2919589:0,True,Vaginimicrobium:HSG0
2094151,Paramuribaculum intestinale,2518497:0,True,Paramuribaculum:HSG0
83771,Succinivibrio dextrinosolvens,83770:0,True,Succinivibrio:HSG0
1972068,Sulfurivermis fontis,2034504:0,True,Sulfurivermis:HSG0
2735436,Mariniplasma anaerobium,2903100:0,True,Mariniplasma:HSG0
206506,Kerstersia gyiorum,257820:0,True,Kerstersia:HSG0
55206,Sediminispirochaeta smaragdinae,1911556:0,True,Sediminispirochaeta:HSG0
1550733,Aquisediminimonas profunda,2676781:0,True,Aquisediminimonas:HSG0
2562285,Constantimarinum furrinae,2907134:0,True,Constantimarinum:HSG0
1735038,Oryzomicrobium terrae,1911577:0,True,Oryzomicrobium:HSG0
1817405,Abyssicoccus albus,1955413:0,True,Abyssicoccus:HSG0
312279,Emticicia oligotrophica,312278:0,True,Emticicia:HSG0
1070130,Candidatus Gullanella endobia,1906661:0,True,Candidatus Gullanella:HSG0
1630141,Candidatus Nitrosoglobus terrae,1980513:0,True,Candidatus Nitrosoglobus:HSG0
566,Pseudescherichia vulneris,2055880:0,True,Pseudescherichia:HSG0
1635327,Zophobihabitans entericus,2894762:0,True,Zophobihabitans:HSG0
2650471,Lacipirellula parvula,2691417:0,True,Lacipirellula:HSG0
1249553,Bacterioplanes sanyensis,1537406:0,True,Bacterioplanes:HSG0
245188,Yoonia vestfoldensis,2211641:0,True,Yoonia:HSG0
2834768,Pseudochrobactrum algeriensis,354349:0,True,Pseudochrobactrum:HSG0
2763667,Wansuia hejianensis,2944198:0,True,Wansuia:HSG0
2086584,Massilistercora timonensis,2717089:0,True,Massilistercora:HSG0
865,Pectinatus frisingensis,864:0,True,Pectinatus:HSG0
1134405,Melioribacter roseus,1134403:0,True,Melioribacter:HSG0
28446,Anaerotignum propionicum,2039240:0,True,Anaerotignum:HSG0
3036359,Aurantibacillus circumpalustris,3088889:0,True,Aurantibacillus:HSG0
296745,Caldalkalibacillus thermarum,379065:0,True,Caldalkalibacillus:HSG0
500,Thermomicrobium roseum,499:0,True,Thermomicrobium:HSG0
2829795,Parvicella tangerina,2975260:0,True,Parvicella:HSG0
370405,Gallionella capsiferriformans,96:0,True,Gallionella:HSG0
2591109,Casimicrobium huifangae,2706000:0,True,Casimicrobium:HSG0
84110,Slackia heliotrinireducens,84108:0,True,Slackia:HSG0
2763670,Wujia chipingensis,2944152:0,True,Wujia:HSG0
57029,Psychroflexus torquis,83612:0,True,Psychroflexus:HSG0
2980099,Paenalcaligenes faecalis,1100891:0,True,Paenalcaligenes:HSG0
639313,Hoyosella subflava,697025:0,True,Hoyosella:HSG0
1498,Hathewaya histolytica,1769729:0,True,Hathewaya:HSG0
3016050,Vulcanimicrobium alpinum,3016049:0,True,Vulcanimicrobium:HSG0
556325,Neomicrococcus aestuarii,1868332:0,True,Neomicrococcus:HSG0
1763828,Hankyongella ginsenosidimutans,1763827:0,True,Hankyongella:HSG0
300231,Glaciecola nitratireducens,89404:0,True,Glaciecola:HSG0
1260,Finegoldia magna,150022:0,True,Finegoldia:HSG0
2931922,Miniphocaeibacter halophilus,2126548:0,True,Miniphocaeibacter:HSG0
1871025,Ndongobacter massiliensis,1930845:0,True,Ndongobacter:HSG0
860235,Kibdelosporangium phytohabitans,2029:0,True,Kibdelosporangium:HSG0
1006576,Defluviitoga tunisiensis,1511648:0,True,Defluviitoga:HSG0
1620816,Halotia branconii,1620790:0,True,Halotia:HSG0
3054208,Selenobaculum gibii,3074372:0,True,Selenobaculum:HSG0
863643,Thermincola potens,278993:0,True,Thermincola:HSG0
2891570,Pseudocitrobacter corydidari,1504576:0,True,Pseudocitrobacter:HSG0
2881428,Parasynechococcus marenigrum,2881427:0,True,Parasynechococcus:HSG0
79604,Denitrobacterium detoxificans,79603:0,True,Denitrobacterium:HSG0
676208,Candidatus Rickettsiella viridis,59195:0,True,Rickettsiella:HSG0
1809410,Herminiimonas arsenitoxidans,303379:0,True,Herminiimonas:HSG0
1118202,Cruoricaptor ignavus,1433995:0,True,Cruoricaptor:HSG0
153496,Kozakia baliensis,153497:0,True,Kozakia:HSG0
2880260,Antiquaquibacter oligotrophicus,3108736:0,True,Antiquaquibacter:HSG0
674079,Marisediminicola antarctica,1230698:0,True,Marisediminicola:HSG0
2856823,Gymnodinialimonas ceratoperidinii,2937410:0,True,Gymnodinialimonas:HSG0
2283318,Aquirhabdus parva,2824158:0,True,Aquirhabdus:HSG0
3069118,Sanyastnella coralliicola,3228946:0,True,Sanyastnella:HSG0
311182,Denitratisoma oestradiolicum,311181:0,True,Denitratisoma:HSG0
1162966,Naasia aerilata,1434022:0,True,Naasia:HSG0
1225128,Sediminicoccus rosea,1706033:0,True,Sediminicoccus:HSG0
2923279,Ignatzschineria rhizosphaerae,112008:0,True,Ignatzschineria:HSG0
370038,Oceanidesulfovibrio marinus,2905722:0,True,Oceanidesulfovibrio:HSG0
174633,Candidatus Kuenenia stuttgartiensis,380738:0,True,Candidatus Kuenenia:HSG0
2133944,Pseudoprevotella muciniphila,2884814:0,True,Pseudoprevotella:HSG0
338645,Candidatus Contubernalis alkalaceticus,338648:0,True,Candidatus Contubernalis:HSG0
54299,Chroococcidiopsis thermalis,54298:0,True,Chroococcidiopsis:HSG0
863,Syntrophomonas wolfei,862:0,True,Syntrophomonas:HSG0
333140,Roseivirga spongicola,290180:0,True,Roseivirga:HSG0
2108365,Tepiditoga spiralis,2778400:0,True,Tepiditoga:HSG0
1597781,Eleftheria terrae,1597779:0,True,Eleftheria:HSG0
168471,Laribacter hongkongensis,168470:0,True,Laribacter:HSG0
2774151,Frigoriglobus tundricola,2774146:0,True,Frigoriglobus:HSG0
1124597,Magnetococcus marinus,162171:0,True,Magnetococcus:HSG0
2546366,Rippkaea orientalis,2546365:0,True,Rippkaea:HSG0
316277,Syntrophus aciditrophicus,43773:0,True,Syntrophus:HSG0
1165090,Imtechella halotolerans,1165076:0,True,Imtechella:HSG0
1413,Evansella cellulosilytica,2837485:0,True,Evansella:HSG0
2068655,Novisyntrophococcus fermenticellae,2888809:0,True,Novisyntrophococcus:HSG0
2925830,Nicoliella spurrieriana,2978367:0,True,Nicoliella:HSG0
1852381,Duodenibacillus massiliensis,1980697:0,True,Duodenibacillus:HSG0
1925548,Candidatus Fonsibacter ubiquis,2045213:0,True,Candidatus Fonsibacter:HSG0
1505757,Siccibacter colletis,1649298:0,True,Siccibacter:HSG0
265426,Pontibacillus chungwhensis,289201:0,True,Pontibacillus:HSG0
1296669,Aquabacterium olei,92793:0,True,Aquabacterium:HSG0
1329899,Cycloclasticus zancles,34067:0,True,Cycloclasticus:HSG0
1930593,Candidatus Velamenicoccus archaeovorus,2789201:0,True,Candidatus Velamenicoccus:HSG0
1750598,Dissulfurimicrobium hydrothermale,1769732:0,True,Dissulfurimicrobium:HSG0
351052,Alkalilimnicola ehrlichii,133193:0,True,Alkalilimnicola:HSG0
1737490,Agarilytica rhodophyticola,2036021:0,True,Agarilytica:HSG0
64160,Desulfurobacterium thermolithotrophum,64159:0,True,Desulfurobacterium:HSG0
28118,Odoribacter splanchnicus,283168:0,True,Odoribacter:HSG0
1981510,Monoglobus pectinilyticus,2039302:0,True,Monoglobus:HSG0
2900738,Sinomicrobium kalidii,1434045:0,True,Sinomicrobium:HSG0
1125966,Polycladomyces abyssicola,1348505:0,True,Polycladomyces:HSG0
453816,Pseudobdellovibrio exovorus,2862745:0,True,Pseudobdellovibrio:HSG0
1862145,Nisaea acidiphila,390876:0,True,Nisaea:HSG0
407035,Salinicoccus halodurans,45669:0,True,Salinicoccus:HSG0
120962,Roseiflexus castenholzii,120961:0,True,Roseiflexus:HSG0
332158,Larkinella insperata,332157:0,True,Larkinella:HSG0
33074,Zymobacter palmae,33073:0,True,Zymobacter:HSG0
38986,Alteracholeplasma palmae,2903105:0,True,Alteracholeplasma:HSG0
651666,Neptuniibacter halophilus,459520:0,True,Neptuniibacter:HSG0
1032623,Otariodibacter oris,1249016:0,True,Otariodibacter:HSG0
2593652,Mangrovibacillus cuniculi,2920444:0,True,Mangrovibacillus:HSG0
163359,Acidiferrobacter thiooxydans,986106:0,True,Acidiferrobacter:HSG0
2579971,Paroceanicella profunda,2683599:0,True,Paroceanicella:HSG0
166485,Caminicella sporogenes,166484:0,True,Caminicella:HSG0
1675686,Sulfurifustis variabilis,1692042:0,True,Sulfurifustis:HSG0
63363,Aquifex aeolicus,2713:0,True,Aquifex:HSG0
39485,Lachnospira eligens,28050:0,True,Lachnospira:HSG0
2047767,Thermosulfurimonas marina,1522431:0,True,Thermosulfurimonas:HSG0
1855912,Luteitalea pratensis,2004797:0,True,Luteitalea:HSG0
207949,Bermanella marisrubri,599651:0,True,Bermanella:HSG0
338584,Polymorphospora rubra,338583:0,True,Polymorphospora:HSG0
343403,Costertonia aggregata,343334:0,True,Costertonia:HSG0
1297617,Intestinimonas butyriciproducens,1392389:0,True,Intestinimonas:HSG0
2066483,Candidatus Chromulinivorax destructor,2953757:0,True,Candidatus Chromulinivorax:HSG0
2350,Haliscomenobacter hydrossis,2349:0,True,Haliscomenobacter:HSG0
273376,Parasphaerochaeta coccoides,3062336:0,True,Parasphaerochaeta:HSG0
2506420,Periweissella cryptocerci,2930384:0,True,Periweissella:HSG0
3028314,Oceanimonas pelagia,129577:0,True,Oceanimonas:HSG0
1891644,Epidermidibacterium keratini,2078948:0,True,Epidermidibacterium:HSG0
65555,Desulfocapsa sulfexigens,53318:0,True,Desulfocapsa:HSG0
2184083,Pseudothauera hydrothermalis,2891324:0,True,Pseudothauera:HSG0
2592382,Paenalkalicoccus suaedae,2944627:0,True,Paenalkalicoccus:HSG0
2819238,Pengzhenrongella sicca,2888818:0,True,Pengzhenrongella:HSG0
1510150,Permianibacter aggregans,1649479:0,True,Permianibacter:HSG0
1278232,Keratinibaculum paraultunense,1354809:0,True,Keratinibaculum:HSG0
1755811,Paraphotobacterium marinum,2042066:0,True,Paraphotobacterium:HSG0
266009,Methylovorus glucosotrophus,81682:0,True,Methylovorus:HSG0
2761580,Croceimicrobium hydrocarbonivorans,2828338:0,True,Croceimicrobium:HSG0
1622118,Lutibacter profundi,358023:0,True,Lutibacter:HSG0
53501,Thalassovita gelatinovora,335927:0,True,Thalassovita:HSG0
1653434,Sellimonas intestinalis,1769710:0,True,Sellimonas:HSG0
365349,Pelosinus fermentans,365348:0,True,Pelosinus:HSG0
1526571,Lacimicrobium alkaliphilum,1751872:0,True,Lacimicrobium:HSG0
2789776,Actinomarinicola tropica,2789775:0,True,Actinomarinicola:HSG0
155978,Acaryochloris marina,155977:0,True,Acaryochloris:HSG0
78259,Scardovia inopinata,196081:0,True,Scardovia:HSG0
2211140,Acidisarcina polymorpha,2608728:0,True,Acidisarcina:HSG0
1778263,Candidatus Hoaglandella endobia,1906659:0,True,Candidatus Hoaglandella:HSG0
2259620,Hydrocarboniclastica marina,2650549:0,True,Hydrocarboniclastica:HSG0
335406,Sphingosinicella microcystinivorans,335405:0,True,Sphingosinicella:HSG0
1658616,Lentisphaera profundi,256846:0,True,Lentisphaera:HSG0
102134,Desulfoscipio gibsoniae,2867376:0,True,Desulfoscipio:HSG0
1323375,Anoxybacter fermentans,1769008:0,True,Anoxybacter:HSG0
51229,Wigglesworthia glossinidia,51228:0,True,Wigglesworthia:HSG0
43,Cystobacter fuscus,42:0,True,Cystobacter:HSG0
1387353,Paludisphaera borealis,1763521:0,True,Paludisphaera:HSG0
56438,Couchioplanes caeruleus,56433:0,True,Couchioplanes:HSG0
2683284,Algicella marina,3050722:0,True,Algicella:HSG0
716816,Oceanicoccus sagamiensis,1084558:0,True,Oceanicoccus:HSG0
1014,Weeksella virosa,1013:0,True,Weeksella:HSG0
159346,Roseibacterium elongatum,159345:0,True,Roseibacterium:HSG0
248039,Mucispirillum schaedleri,248038:0,True,Mucispirillum:HSG0
1826607,Silicimonas algicola,1955420:0,True,Silicimonas:HSG0
427923,Desulfurivibrio alkaliphilus,427922:0,True,Desulfurivibrio:HSG0
2758037,Marnyiella aurantia,3088764:0,True,Marnyiella:HSG0
1307839,Salinivirga cyanobacteriivorans,1970191:0,True,Salinivirga:HSG0
129958,Carboxydothermus hydrogenoformans,129957:0,True,Carboxydothermus:HSG0
826,Sebaldella termitidis,32068:0,True,Sebaldella:HSG0
271865,Ochrobactrum quorumnocens,528:0,True,Ochrobactrum:HSG0
1448929,Candidatus Fervidibacter sacchari,1448928:0,True,Candidatus Fervidibacter:HSG0
626937,Christensenella minuta,990721:0,True,Christensenella:HSG0
241425,Crinalium epipsammum,241421:0,True,Crinalium:HSG0
2847778,Atribacter laminatus,2847777:0,True,Atribacter:HSG0
2528593,Zhaonella formicivorans,2748674:0,True,Zhaonella:HSG0
347534,Zobellella denitrificans,347533:0,True,Zobellella:HSG0
1811807,Sulfuriflexus mobilis,1860077:0,True,Sulfuriflexus:HSG0
2820661,Candidatus Arcticimaribacter forsetii,2953860:0,True,Candidatus Arcticimaribacter:HSG0
2600177,Microvenator marinus,2946507:0,True,Microvenator:HSG0
100886,Catenibacterium mitsuokai,135858:0,True,Catenibacterium:HSG0
1323948,Nitrospina watsonii,35800:0,True,Nitrospina:HSG0
1274,Dermacoccus nishinomiyaensis,57495:0,True,Dermacoccus:HSG0
155077,Cellvibrio japonicus,10:0,True,Cellvibrio:HSG0
41202,Ewingella americana,41201:0,True,Ewingella:HSG0
521720,Denitrificimonas caeni,2901261:0,True,Denitrificimonas:HSG0
2716227,Gephyromycinifex aptenodytis,2885697:0,True,Gephyromycinifex:HSG0
2596890,Candidatus Uabimicrobium amorphum,2897349:0,True,Candidatus Uabimicrobium:HSG0
29360,Cellulosilyticum lentocellum,698776:0,True,Cellulosilyticum:HSG0
2725268,Hujiaoplasma nucleasis,3078171:0,True,Hujiaoplasma:HSG0
414996,Actinopolyspora erythraea,1849:0,True,Actinopolyspora:HSG0
94,Stella humosa,93:0,True,Stella:HSG0
2819280,Acidihalobacter yilgarnensis,1765964:0,True,Acidihalobacter:HSG0
3065396,Thermocoleostomius sinensis,3065395:0,True,Thermocoleostomius:HSG0
2734,Symbiobacterium thermophilum,2733:0,True,Symbiobacterium:HSG0
228745,Thermovibrio ammonificans,171868:0,True,Thermovibrio:HSG0
1930273,Rubripirellula lacrimiformis,1579505:0,True,Rubripirellula:HSG0
1943633,Ponticoccus alexandrii,983507:0,True,Ponticoccus:HSG0
2527968,Aureliella helgolandensis,2795605:0,True,Aureliella:HSG0
1912795,Boudabousia tangfeifanii,2767318:0,True,Boudabousia:HSG0
1076588,Thiolapillus brandeum,1608298:0,True,Thiolapillus:HSG0
3060215,Lutimonas zeaxanthinifaciens,449810:0,True,Lutimonas:HSG0
2001,Streptosporangium roseum,2000:0,True,Streptosporangium:HSG0
2662261,Raineyella fluvialis,1911549:0,True,Raineyella:HSG0
1838286,Lacunisphaera limnophila,1961799:0,True,Lacunisphaera:HSG0
2729421,Sediminibacillus dalangtanensis,482460:0,True,Sediminibacillus:HSG0
28049,Acidothermus cellulolyticus,28048:0,True,Acidothermus:HSG0
2594004,Formosa sediminum,225842:0,True,Formosa:HSG0
1548548,Bradymonas sediminis,1779136:0,True,Bradymonas:HSG0
1851514,Scandinavium goeteborgense,2726810:0,True,Scandinavium:HSG0
2377,Sporomusa termitida,2375:0,True,Sporomusa:HSG0
1883414,Pistricoccus aurantiacus,1897649:0,True,Pistricoccus:HSG0
78587,Asticcacaulis excentricus,76890:0,True,Asticcacaulis:HSG0
35701,Heliomicrobium modesticaldum,2831443:0,True,Heliomicrobium:HSG0
1434191,Glycocaulis alkaliphilus,1433402:0,True,Glycocaulis:HSG0
157692,Pseudoleptotrichia goodfellowii,2755140:0,True,Pseudoleptotrichia:HSG0
861299,Gemmatirosa kalamazoonensis,1706036:0,True,Gemmatirosa:HSG0
547188,Phycisphaera mikurensis,666508:0,True,Phycisphaera:HSG0
2709410,Chordicoccus furentiruminis,3031933:0,True,Chordicoccus:HSG0
658062,Candidatus Korobacter versatilis,658061:0,True,Candidatus Korobacter:HSG0
437505,Granulosicoccus antarcticus,437504:0,True,Granulosicoccus:HSG0
85874,Thermacetogenium phaeum,140458:0,True,Thermacetogenium:HSG0
2736,Verrucomicrobium spinosum,2735:0,True,Verrucomicrobium:HSG0
2028345,Pollutimonas thiosulfatoxidans,2987599:0,True,Pollutimonas:HSG0
1878942,Candidatus Fukatsuia symbiotica,1927833:0,True,Candidatus Fukatsuia:HSG0
2108523,Lawsonibacter asaccharolyticus,2172004:0,True,Lawsonibacter:HSG0
2715131,Mangrovivirga cuniculi,2858886:0,True,Mangrovivirga:HSG0
2980100,Silvimonas soli,300264:0,True,Silvimonas:HSG0
2893202,Aegicerativicinus sediminis,2893197:0,True,Aegicerativicinus:HSG0
1619308,Cnuibacter physcomitrellae,1759331:0,True,Cnuibacter:HSG0
1582259,Gudongella oleilytica,2692382:0,True,Gudongella:HSG0
35786,Coprothermobacter proteolyticus,68335:0,True,Coprothermobacter:HSG0
123824,Frederiksenia canicola,1649317:0,True,Frederiksenia:HSG0
199441,Halalkalibacter krulwichiae,2893056:0,True,Halalkalibacter:HSG0
2066024,Candidatus Cytomitobacter primus,2601574:0,True,Candidatus Cytomitobacter:HSG0
292566,Dactylococcopsis salina,13034:0,True,Dactylococcopsis:HSG0
2762277,Entomobacter blattae,2811380:0,True,Entomobacter:HSG0
1940612,Pigmentiphaga aceris,152267:0,True,Pigmentiphaga:HSG0
2920935,Aestuariibaculum lutulentum,1386924:0,True,Aestuariibaculum:HSG0
244787,Nautilia profundicola,191291:0,True,Nautilia:HSG0
391953,Aquincola tertiaricarbonis,391952:0,True,Aquincola:HSG0
181663,Desulfosudis oleivorans,2904716:0,True,Desulfosudis:HSG0
2518645,Oceanispirochaeta crateris,2035349:0,True,Oceanispirochaeta:HSG0
1608628,Candidatus Filomicrobium marinum,119044:0,True,Filomicrobium:HSG0
254758,Siminovitchia fortis,2837510:0,True,Siminovitchia:HSG0
58135,Desulfofundulus kuznetsovii,2282741:0,True,Desulfofundulus:HSG0
1532552,Anaerobacillus isosaccharinicus,704093:0,True,Anaerobacillus:HSG0
1653476,Caldimicrobium thiodismutans,444090:0,True,Caldimicrobium:HSG0
2718,Cardiobacterium hominis,2717:0,True,Cardiobacterium:HSG0
86665,Halalkalibacterium halodurans,2893055:0,True,Halalkalibacterium (ex Joshi et al. 2022):HSG0
2675754,Occultella kanbiaonis,2828348:0,True,Occultella:HSG0
1796635,Longicatena caecimuris,1918536:0,True,Longicatena:HSG0
1670831,Egibacter rhizosphaerae,1747770:0,True,Egibacter:HSG0
295596,Candidatus Hepatoplasma crinochetorum,295595:0,True,Candidatus Hepatoplasma:HSG0
2567896,Polyangium aurulentum,55:0,True,Polyangium:HSG0
2507538,Muriicola soli,762641:0,True,Muriicola:HSG0
2086585,Maliibacterium massiliense,3047433:0,True,Maliibacterium:HSG0
991904,Polymorphum gilvum,991903:0,True,Polymorphum:HSG0
2067065,Aquella oligotrophica,2593687:0,True,Aquella:HSG0
2811781,Varibaculum prostatecancerukia,184869:0,True,Varibaculum:HSG0
3070815,Pleionea litopenaei,1502941:0,True,Pleionea:HSG0
2545455,Rhizosphaericola mali,3114547:0,True,Rhizosphaericola:HSG0
1336806,Reinekea forsetii,230494:0,True,Reinekea:HSG0
1731,Peptoclostridium acidaminophilum,1481960:0,True,Peptoclostridium:HSG0
34071,Telluria mixta,34069:0,True,Telluria:HSG0
33871,Coriobacterium glomerans,33870:0,True,Coriobacterium:HSG0
569860,Methylovirgula ligni,1156568:0,True,Methylovirgula:HSG0
1963862,Marispirochaeta aestuarii,1911565:0,True,Marispirochaeta:HSG0
2069432,Tamlana carrageenivorans,393005:0,True,Tamlana:HSG0
2862869,Horticoccus luteus,2986286:0,True,Horticoccus:HSG0
2782163,Candidatus Xianfuyuplasma coldseepsis,2975521:0,True,Candidatus Xianfuyuplasma:HSG0
1436290,Candidatus Symbiobacter mobilis,1436289:0,True,Candidatus Symbiobacter:HSG0
2528023,Urbifossiella limnaea,2807415:0,True,Urbifossiella:HSG0
89152,Peptacetobacter hiranonis,2743582:0,True,Peptacetobacter:HSG0
98671,Pseudoglutamicibacter albus,1742991:0,True,Pseudoglutamicibacter:HSG0
60920,Sanguibacter keddieii,60919:0,True,Sanguibacter:HSG0
693075,Caldisericum exile,693074:0,True,Caldisericum:HSG0
2528026,Maioricimonas rarisocia,2795777:0,True,Maioricimonas:HSG0
169134,Citricoccus muralis,169133:0,True,Citricoccus:HSG0
320497,Neoasaia chiangmaiensis,320496:0,True,Neoasaia:HSG0
2984322,Candidatus Kirkpatrickella diaphorinae,3097638:0,True,Candidatus Kirkpatrickella:HSG0
1802984,Candidatus Fokinia solitaria,1802983:0,True,Candidatus Fokinia:HSG0
2116657,Pulveribacter suum,2678886:0,True,Pulveribacter:HSG0
2026624,Parasphingopyxis algicola,1234545:0,True,Parasphingopyxis:HSG0
2721545,Marinagarivorans cellulosilyticus,1792291:0,True,Marinagarivorans:HSG0
2841264,Candidatus Minimicrobia vallesae,2905967:0,True,Candidatus Minimicrobia:HSG0
1759059,Candidatus Viadribacter manganicus,2892997:0,True,Candidatus Viadribacter:HSG0
2884263,Dermatobacter hominis,3075137:0,True,Dermatobacter:HSG0
2652803,Candidatus Azoamicus ciliaticola,2817383:0,True,Candidatus Azoamicus:HSG0
2975157,Marinilongibacter aquaticus,2975149:0,True,Marinilongibacter:HSG0
1056807,Morococcus cerebrosus,212742:0,True,Morococcus:HSG0
2171755,Profundibacter amoris,2778525:0,True,Profundibacter:HSG0
1603,Amylolactobacillus amylophilus,2767876:0,True,Amylolactobacillus:HSG0
75697,Castellaniella defragrans,359336:0,True,Castellaniella:HSG0
2979868,Neopusillimonas aromaticivorans,2987605:0,True,Neopusillimonas:HSG0
2787751,Taurinivorans muris,3126915:0,True,Taurinivorans:HSG0
1249552,Pseudohongiella spirulinae,1524249:0,True,Pseudohongiella:HSG0
2579935,Jejubacter calystegiae,2815296:0,True,Jejubacter:HSG0
2949635,Xiashengella succiniciproducens,3129724:0,True,Xiashengella:HSG0
232259,Belliella baltica,232244:0,True,Belliella:HSG0
148813,Sulfuricurvum kujiense,286130:0,True,Sulfuricurvum:HSG0
2686094,Terricaulis silvestris,2768684:0,True,Terricaulis:HSG0
1702221,Faecalibaculum rodentium,1729679:0,True,Faecalibaculum:HSG0
2899121,Tannockella kyphosi,2943184:0,True,Tannockella:HSG0
1510841,Parasaccharibacter apium,1602345:0,True,Parasaccharibacter:HSG0
2684113,Candidatus Pelagisphaera phototrophica,3049269:0,True,Candidatus Pelagisphaera:HSG0
2528964,Xanthobacter dioxanivorans,279:0,True,Xanthobacter:HSG0
1345117,Candidatus Annandia pinicola,1302410:0,True,Candidatus Annandia:HSG0
236753,Fastidiosipila sanguinis,236752:0,True,Fastidiosipila:HSG0
168695,Salinispora tropica,168694:0,True,Salinispora:HSG0
242600,Ichthyobacterium seriolicida,1755829:0,True,Ichthyobacterium:HSG0
682798,Chitinolyticbacter meiyuanensis,1055692:0,True,Chitinolyticbacter:HSG0
33075,Acidobacterium capsulatum,33973:0,True,Acidobacterium:HSG0
2919598,Candidatus Comchoanobacter bicostacola,2975286:0,True,Candidatus Comchoanobacter:HSG0
84159,Paramagnetospirillum magneticum,3031148:0,True,Paramagnetospirillum:HSG0
167642,Ilyobacter polytropus,167639:0,True,Ilyobacter:HSG0
1867719,Phyllobacterium zundukense,28100:0,True,Phyllobacterium:HSG0
154046,Hungatella hathewayi,1649459:0,True,Hungatella:HSG0
453162,Candidatus Nitrotoga arctica,453161:0,True,Candidatus Nitrotoga:HSG0
2079791,Salinibacterium hongtaonis,235888:0,True,Salinibacterium:HSG0
1295382,Methylogaea oryzae,1295378:0,True,Methylogaea:HSG0
171437,Tistrella mobilis,171436:0,True,Tistrella:HSG0
616991,Arenibacter algicola,178469:0,True,Arenibacter:HSG0
1866326,Hyphococcus flavus,2038635:0,True,Hyphococcus:HSG0
357794,Psychromonas ingrahamii,67572:0,True,Psychromonas:HSG0
1531429,Berryella intestinalis,2815775:0,True,Berryella:HSG0
2527990,Rosistilla oblonga,2795779:0,True,Rosistilla:HSG0
2003188,Parolsenella catena,2082587:0,True,Parolsenella:HSG0
1863,Dermatophilus congolensis,1862:0,True,Dermatophilus:HSG0
2771361,Roseococcus microcysteis,35812:0,True,Roseococcus:HSG0
2528009,Pirellulimonas nuda,2795783:0,True,Pirellulimonas:HSG0
45663,Desulfohalobium retbaense,45662:0,True,Desulfohalobium:HSG0
131568,Kineococcus radiotolerans,33981:0,True,Kineococcus:HSG0
1230341,Salimicrobium jeotgali,351195:0,True,Salimicrobium:HSG0
2498451,Rheinheimera mangrovi,67575:0,True,Rheinheimera:HSG0
